name,slug,operator,address,zip,city,state,country,countryName,region,Laser,Dome,70mm,_geoloc.lat,_geoloc.lng
Hoyts Blacktown & IMAX,hoyts-blacktown-and-imax,,Patrick Street,2148,Blacktown,New South Wales,AU,Australia,APAC,TRUE,FALSE,FALSE,-33.77018,150.90640
Event Cinemas Pacific Fair Mall & IMAX,event-cinemas-pacific-fair-mall-and-imax,,"Pacific Fair Shopping Mall, Level 1, Hooker Blvd.",4218,Broadbeach,,AU,Australia,APAC,TRUE,FALSE,FALSE,-28.03690,153.42820
Dendy Canberra & IMAX,dendy-canberra-and-imax,,"Dendy Canberra, Level 2, North Quarter, Canberra Centre, 148 Bunda Street",2600,Canberra,,AU,Australia,APAC,TRUE,FALSE,FALSE,-35.27800,149.13280
Hoyts Carousel & IMAX,hoyts-carousel-and-imax,,1382 Albany Hwy,6107,Cannington,Western Australia,AU,Australia,APAC,TRUE,FALSE,FALSE,-32.01940,115.93850
Hoyts Chadstone & IMAX,hoyts-chadstone-and-imax,,"Level 2, 1341 Dandenong Rd  ",3148,Chadstone,Victoria,AU,Australia,APAC,TRUE,FALSE,FALSE,-37.88730,145.08370
Event Cinemas Innaloo & IMAX,event-cinemas-innaloo-and-imax,,57 Liege Street,6018,Innaloo,,AU,Australia,APAC,TRUE,FALSE,FALSE,-31.90470,115.79790
"Village Cinemas, Fountain Gate IMAX",village-cinemas-fountain-gate-imax,,"55 Overland Dr, Narre Warren",3805,Melbourne,Victoria,AU,Australia,APAC,TRUE,FALSE,FALSE,-38.01930,145.30570
"IMAX, Melbourne Museum",imax-melbourne-museum,,11 Nicholson Street,3053,Melbourne,,AU,Australia,APAC,TRUE,FALSE,TRUE,-37.80379,144.97054
Hoyts Melbourne Central & IMAX,hoyts-melbourne-central-and-imax,,"Level 3, Corner Swanstone & Latrobe St.",3000,Melbourne,,AU,Australia,APAC,TRUE,FALSE,FALSE,-37.80980,144.96370
IMAX Sydney,lg-imax-darling-harbour,,1/35 Wheat Road,2000,Sydney,,AU,Australia,APAC,FALSE,FALSE,FALSE,-33.87270,151.20230
Anqing InJoy Bestar & IMAX,anqing-injoy-bestar-imax,,"4F, InJoy Plaza, Cross of Longmianshan Road and Wanjiang Avenue, Yingjiang District",246000,Anqing,,CN,China,APAC,FALSE,FALSE,FALSE,30.52164,117.08454
Anshan Wanda & IMAX,anshan-wanda-imax,,"3F, Wanda Plaza, 278A Middle Qianshan Road, Lishan District",114031,Anshan,,CN,China,APAC,FALSE,FALSE,FALSE,41.10338,123.04245
Anyang Wanda & IMAX,anyang-wanda-imax,,"4F, Zhonghua Rd. Wenming Ave., Wenfeng District",455000,Anyang,,CN,China,APAC,FALSE,FALSE,FALSE,36.09219,114.39870
Baoding Wanbo Plaza Wanda & IMAX,baoding-wanbo-plaza-wanda-and-imax,,"Wanda Cinema, 5th Floor, Wanbo Plaza, No. 99 Chaoyang North Street, Jingxiu District",71000,Baoding,Hebei,CN,China,APAC,TRUE,FALSE,FALSE,38.87664,115.46958
Baoji Fuhui Jinyi & IMAX,baoji-fuhui-jinyi-imax,,"3F, No.10 Daqing Road, Jintai District",721000,Baoji,,CN,China,APAC,FALSE,FALSE,FALSE,34.36400,107.22800
Baotou Jinyuan Wanda & IMAX,baotou-jinyuan-wanda-imax,,"4F-A, Entertainment Building, Wanda Plaza, West of 210 National Rd, North of West Shahe Street",14030,Baotou,,CN,China,APAC,FALSE,FALSE,FALSE,40.61224,109.95881
Baotou Qingshan Wanda & IMAX,baotou-qingshan-wanda-imax,,"4F, No.26, Qingnian Road, Wanda Plaza, Qingshan District",14030,Baotou,,CN,China,APAC,TRUE,FALSE,FALSE,40.65495,109.85880
Baotou Victory City Mall Wanda & IMAX,baotou-victory-city-mall-wanda-imax,,"4F, Wanda Plaza, Victory City Mall, No. 18 Bayantala Street, Donghe District ",14000,"Baotou, Inner Mongolia",,CN,China,APAC,FALSE,FALSE,FALSE,40.57880,110.02450
Beijing Beiyuan Longfor Paradise Walk Bona & IMAX,beijing-beiyuan-longfor-paradise-walk-bona-and-imax,,"5F, Beijing Beiyuan Tianjie, No. 19 Beiyuan East Road, Chaoyang District",100012,Beijing,,CN,China,APAC,TRUE,FALSE,FALSE,40.03490,116.44130
Beijing CBD Wanda & IMAX,beijing-cbd-wanda-imax,,"3F, No.93, Jianguo Road, Wanda Plaza, Chaoyang District",100022,Beijing,,CN,China,APAC,TRUE,FALSE,FALSE,39.90932,116.47152
Beijing Changping Hopson Hoyts & IMAX,beijing-changping-hopson-hoyts-and-imax,,"No. 34, B2/F, Hopson, No.1 Beiqing Road, Changping District",102206,Beijing,,CN,China,APAC,TRUE,FALSE,FALSE,40.09640,116.29100
Beijing Dongba Wanda & IMAX,beijing-dongba-wanda-and-imax,,"5F, Wanda Plaza, No. 25 Dongba Middle Road, Chaoyang District",100015,Beijing,,CN,China,APAC,TRUE,FALSE,FALSE,39.90930,116.47100
Beijing Emperor Center & IMAX,beijing-emperor-center-imax,,"B1, Emperor Center, No. 12 Jianwai Street, Chaoyang District",100020,Beijing,,CN,China,APAC,TRUE,FALSE,FALSE,39.91392,116.45108
Beijing Fangshan Longfar Paradise Walk Womei & IMAX,beijing-fangshan-longfar-paradise-walk-womei-imax,,"5F, Longfar Paradise Walk, Changyu Avenue, Fangshan District",102401,Beijing,,CN,China,APAC,FALSE,FALSE,FALSE,39.73110,116.17080
Beijing Fangshan Wanda & IMAX,beijing-fangshan-wanda-imax,,"4F, Capital Outlets Phase 2, Changyang County, Fangshan District",102400,Beijing,,CN,China,APAC,TRUE,FALSE,FALSE,39.76289,116.19006
Beijing Fangyuanli ID Mall Bona & IMAX,beijing-fangyuanli-id-mall-bona-imax,,"5F, Fangyuanli ID Mall, No.189 East 4th Ring Middle Road, Chaoyang District",100124,Beijing,,CN,China,APAC,TRUE,FALSE,FALSE,39.88870,116.48720
Beijing Hexie Hengye & IMAX,beijing-hexie-hengye-imax,,Intersection of Northeast Wanfeng Road and Jingshi Highway,100000,Beijing,,CN,China,APAC,FALSE,FALSE,FALSE,39.88779,116.30458
Beijing Huaifang Wanda & IMAX,beijing-huaifang-wanda-imax,,"4F, Wanda Plaza, No.6 South Huaifang Road, Fengtai District",100000,Beijing,,CN,China,APAC,FALSE,FALSE,FALSE,39.81976,116.37480
Beijing Huairou Wanda & IMAX,beijing-huairou-wanda-imax,,"7F,Wanda Plaza, Building 1, No.1 Fuqian West Street, Huairou District",101400,Beijing,,CN,China,APAC,FALSE,FALSE,FALSE,40.32251,116.63651
Beijing Huiju Jinyi & IMAX,beijing-huiju-jinyi-imax,,"3rd Fl, West Hongfu Rd, IKEA Shopping Mall, Xihongmen, Daxing District",100162,Beijing,,CN,China,APAC,TRUE,FALSE,FALSE,39.73715,116.33737
Beijing Jinyi Cinema & IMAX,beijing-jinyi-cinema-imax,,"8th floor, Joy City, No.101, Chaoyang North Road",100020,Beijing,,CN,China,APAC,TRUE,FALSE,FALSE,39.92352,116.51801
Beijing Longfor Yizhuang Bona & IMAX,beijing-longfor-yizhuang-bona-imax,,"L5-A-5F-Z01, Longfor Beijing Yizhuang, Block 1 Yard No. 1, Xinghai Road, Jingkai District",100176,Beijing,,CN,China,APAC,FALSE,FALSE,FALSE,39.72690,116.34130
Beijing Lujin World Plaza Subo & IMAX,beijing-lujin-world-plaza-subo-imax,,"S306A, Bldg 2, Yard 78, West Shuangying Rd., Nanshao Town, Changping District ",,Beijing,,CN,China,APAC,FALSE,FALSE,FALSE,40.20742,116.28646
Beijing Mentougou Bona & IMAX,beijing-mentougou-bona-imax,,"Z01, 6F/Z05,5F, Building 2, No.17 East Xincheng Road, Mentougou District",102300,Beijing,,CN,China,APAC,FALSE,FALSE,FALSE,39.89408,116.65682
Beijing Miyun Bona & IMAX,beijing-miyun-bona-imax,,"4F, MixC , No.178 Binhe Road, Miyun District",101500,Beijing,,CN,China,APAC,FALSE,FALSE,FALSE,40.36233,116.84258
Beijing Qinghe CGV & IMAX,beijing-qinghe-cgv-imax,CGV,"7F, Dreamport, Middle Qinghe Street, Haidian District ",100000,Beijing,,CN,China,APAC,TRUE,FALSE,FALSE,40.03084,116.33310
Beijing RIJDOJ & IMAX,beijing-rijdoj-imax,,"4F, Zone B, RIJDOJ Shopping Mall, No.318 Datunli, Chaoyang District",100101,Beijing,,CN,China,APAC,FALSE,FALSE,FALSE,40.01083,116.42263
Beijing Sanlitun Taikoo Li Emperor & IMAX,beijing-sanlitun-taikoo-li-emperor-and-imax,,"SLG-18, LG/F, Taikoo Li Sanlitun South, Chaoyang District",100000,Beijing,,CN,China,APAC,TRUE,FALSE,FALSE,39.93420,116.45460
Beijing Shijingshan Wanda & IMAX,beijing-shijingshan-wanda-imax,,"3F, No.18, Shijingshan yi Road, Wanda Plaza, Shijingshan District",100022,Beijing,,CN,China,APAC,TRUE,FALSE,FALSE,39.90560,116.22621
Beijing Tiantongyuan Wanda & IMAX,beijing-tiantongyuan-wanda-imax,,"5F, Longde Plaza, No.186, Litang Road, Changping District",102218,Beijing,,CN,China,APAC,FALSE,FALSE,FALSE,40.05941,116.41469
Beijing Times Paradise Walk Lumiere & IMAX,beijing-times-paradise-walk-lumiere-imax,,"5F-09, Times Paradise Walk East District, North Chaoyang Road, Chaoyang Distrct",100024,Beijing,,CN,China,APAC,TRUE,FALSE,FALSE,39.92468,116.59137
Beijing Tongzhou Wanda & IMAX,beijing-tongzhou-wanda-imax,,"5th Fl, West Xinhua Street No. 25, Tongzhou Wanda Plaza Building 1, Tongzhou District",101100,Beijing,,CN,China,APAC,FALSE,FALSE,FALSE,39.90650,116.64282
Beijing U-Town Bona & IMAX,beijing-u-town-bona-imax,,"North Sanfeng Lane, Chaowai Street, No.2, Chaoyang District",100020,Beijing,,CN,China,APAC,FALSE,FALSE,FALSE,39.92184,116.44036
Beijing Xitieying Wanda & IMAX,beijing-xitieying-wanda-imax,,"7F, Wanda Plaza, No.1 Xitieying Middle Road",100039,Beijing,,CN,China,APAC,FALSE,FALSE,FALSE,39.86638,116.36203
Beijing Yangqiao Huayi Brothers & IMAX,beijing-yangqiao-huayi-brothers-imax,,"Intime City, East Majiabao Rd No.101, Building 10, Fengtai District",100071,Beijing,,CN,China,APAC,FALSE,FALSE,FALSE,39.85072,116.39234
Beijing Zhongguancun Perfect World & IMAX,beijing-zhongguancun-perfect-world-and-imax,,"No. 44 Kexueyuan South Road, Zhongguancun Sub-district, Haidian District",100080,Beijing,,CN,China,APAC,TRUE,FALSE,FALSE,39.96780,116.32580
China National Film Museum & IMAX,china-national-film-museum-imax,,"No. 9, Nanying Road, Chaoyang District",100015,Beijing,,CN,China,APAC,TRUE,FALSE,FALSE,39.95514,116.51554
"IMAX 3D, China Science & Technology Museum",imax-3d-china-science-technology-museum,,"No. 5 Beichen East Road, Chaoyang District",100012,Beijing,,CN,China,APAC,FALSE,FALSE,FALSE,39.85321,116.36086
"IMAX Dome, China Science & Technology Museum",imax-dome-china-science-technology-museum,,"No. 5 Beichen East Road, Chaoyang District",100012,Beijing,,CN,China,APAC,FALSE,FALSE,FALSE,40.00578,116.39760
Universal Beijing Resort Universal City Walk & IMAX,universal-beijing-resort-universal-city-walk-imax,,"RE-02, Building 5, Universal Beijing Resort, Tongzhou District",101121,Beijing,,CN,China,APAC,TRUE,FALSE,FALSE,39.86680,116.66310
Beijing Daxing Longfor SFC & IMAX,beijing-daxing-longfor-sfc-imax,,"3F, Longfor Paradise Walk, Yongxing Rd. Daxing District",102600,Bejing,,CN,China,APAC,FALSE,FALSE,FALSE,39.69190,116.32793
Bengbu Wanda & IMAX,bengbu-wanda-imax,,"4th Fl., No. 4399 Donghai St., Bengshan District",233040,Bengbu,,CN,China,APAC,TRUE,FALSE,FALSE,32.92875,117.36897
Benxi Wanda & IMAX,benxi-wanda-imax,,"2F, Wanda Plaza, Qianjin Street, Pingshan District",117022,Benxi,,CN,China,APAC,FALSE,FALSE,FALSE,41.29512,123.78712
Binzhou Wanda & IMAX,binzhou-wanda-imax,,"4F, Wanda Plaza, No. 890 12th Huanghe Road, Bincheng District ",256600,Binzhou,,CN,China,APAC,FALSE,FALSE,FALSE,37.41028,117.99957
Bozhou Wanda & IMAX,bozhou-wanda-imax,,"4F, Wanda Plaza, Intersection of Xiyi Avenue and Duzhong Road, Qiaocheng District",236800,Bozhou,,CN,China,APAC,FALSE,FALSE,FALSE,33.83145,115.78699
Changchun Checheng Wanda & IMAX,changchun-checheng-wanda-imax,,"4F, Wanda Plaza, Intersection of Tengfei Avenue and West Lake Avenue, Qikai District",130011,Changchun,,CN,China,APAC,FALSE,FALSE,FALSE,43.80861,125.15624
Changchun Chongqing Road Wanda & IMAX,changchun-chongqing-road-wanda-imax,,"4F, No.1388, Chongqing Road, Wanda Plaza, Chaoyang District",130061,Changchun,,CN,China,APAC,FALSE,FALSE,FALSE,43.88942,125.31942
Changchun Injoy Bestar & IMAX,changchun-injoy-bestar-imax,,"4F, Injoy Plaza, No.1888 Haoyue Road, Lvyuan District",130062,Changchun,,CN,China,APAC,FALSE,FALSE,FALSE,43.89543,125.28273
Changchun Joy Hub Center Wanda & IMAX,changchun-joy-hub-center-wanda-imax,,"3F, Joy Hub Center, No.399, Bowen Road, Gaoxin District ",130000,Changchun,,CN,China,APAC,FALSE,FALSE,FALSE,43.81853,125.26048
Changchun Kuancheng Wanda & IMAX,changchun-kuancheng-wanda-imax,,"No.3366 N. Renmin St., Kuangcheng District",130000,Changchun,,CN,China,APAC,FALSE,FALSE,FALSE,43.87871,125.32485
Changchun Ouya Wanda & IMAX,changchun-ouya-wanda-imax,,"4F, No.5178,  Kayun Street, Ouya Plaza Gate 20, Gaoxin District",130012,Changchun,,CN,China,APAC,FALSE,FALSE,FALSE,43.85773,125.31913
Changchun Qianjin Street Liwang Wanda & IMAX,changchun-qianjin-street-liwang-wanda-imax,,"Liwang Plaza, No. 996 Qianjin Street, Chaoyang District ",130000,Changchun,,CN,China,APAC,FALSE,FALSE,FALSE,43.84762,125.29646
Changchun Red Flag Street Wanda & IMAX,changchun-red-flag-street-wanda-imax,,"4F, No.616, Hongqi Road, Wanda Plaza, Chaoyang  District",130021,Changchun,,CN,China,APAC,TRUE,FALSE,FALSE,43.88906,125.32023
Changchun Village Hoyts &  IMAX,changchun-village-hoyts-imax,,"5F, Village, Intersection of Xiantai Street and Weixing Road, Nanguan District",130022,Changchun,,CN,China,APAC,FALSE,FALSE,FALSE,43.84122,125.38518
Changchun Jucheng Huayi Plaza Wanda & IMAX,changchun-jucheng-huayi-plaza-wanda-imax,,"3F, Huayi Plaza, Huahui Rd. & Taixing St., Nanguan District",130000,"Changchun, Jilin",,CN,China,APAC,FALSE,FALSE,FALSE,43.79669,125.31883
Changde Wanda & IMAX,changde-wanda-imax,,"4F, Wanda Plaza, Zaoguo Road, Wuling District",415000,Changde,,CN,China,APAC,FALSE,FALSE,FALSE,29.06394,111.68814
CGV Changsha Desiqing & IMAX,cgv-changsha-desiqing-imax,CGV,"5F, Desiqing City Mall, Middle Xiangfu Rd",410000,Changsha,,CN,China,APAC,FALSE,FALSE,FALSE,28.11281,113.01035
Changsha  Guanshaling Garden City Hengdian Finetime & IMAX,changsha-guanshaling-garden-city-hengdian-finetime-and-imax,,"4/F, China Merchants Garden City, Guanshaling Street, Yuelu District",410023,Changsha,Hunan,CN,China,APAC,TRUE,FALSE,FALSE,28.24690,112.94200
Changsha  Longfor Yueliangdao Paradise Walk Xingguangjiaying  & IMAX,changsha-longfor-yueliangdao-paradise-walk-xingguangjiaying-and-imax,,"A5-Z01,A-5F-Z02,A-6F-Z01, Longfor Yueliangdao Street, Yinshan Road and Yueliangdao Road, Wangcheng District",410203,Changsha,Hunan,CN,China,APAC,TRUE,FALSE,FALSE,28.28660,112.89760
Changsha Kaifu Wanda & IMAX,changsha-kaifu-wanda-imax,,"5th/6th Fl, Entertainment Bldg, Wanda Plaza, Mid Xiangjiang Rd",41000,Changsha,,CN,China,APAC,FALSE,FALSE,FALSE,28.21133,112.97322
Changsha Meixi Lake BBG Wanda & IMAX,changsha-meixi-lake-bbg-wanda-imax,,"No.1099 Fenglin No.3 Rd., Yuelu District",410000,Changsha,,CN,China,APAC,FALSE,FALSE,FALSE,28.20648,112.86903
Changsha Meixi Lake CGV & IMAX,changsha-meixi-lake-cgv-imax,CGV,"3F, Jinmao Place, No.1177 Huanhu Road, Yuelu District",410000,Changsha,,CN,China,APAC,FALSE,FALSE,FALSE,28.20178,112.91077
Changsha MixC & IMAX,changsha-mixc-and-imax,,"L610+L701, Changsha MixC, No.11 Tongzipo Road, Yinpenling Street, Yuelu District",410205,Changsha,Hunan,CN,China,APAC,TRUE,FALSE,FALSE,28.21800,112.90040
Changsha U.you Town Hengdian & IMAX,changsha-uyou-town-hengdian-imax,,"3F, Building S8, No. 81 East Mulian Rd, Yuhua District",410000,Changsha,,CN,China,APAC,FALSE,FALSE,FALSE,28.13449,113.04107
Changsha Wanda & IMAX,changsha-wanda-imax,,"4F, No.445, Huangxing South Road, Wanda Plaza, Tianxin District",410005,Changsha,,CN,China,APAC,TRUE,FALSE,FALSE,28.18233,112.97046
Changsha Zhongmao City Wanda & IMAX,changsha-zhongmao-city-wanda-imax,,"5F, Building 4, Zhongmao City, Xiangyang Rd",410100,Changsha,,CN,China,APAC,FALSE,FALSE,FALSE,28.22826,113.07839
Changsha Yanghu Paradise Walk Bona & IMAX,changsha-yanghu-paradise-walk-bona-imax,,"Z02, A1-4F, Paradise Walk, 69 Xiandao Road, Yuelu District",410000,"Changsha, Hunan",,CN,China,APAC,TRUE,FALSE,FALSE,28.12990,112.94390
Changsha Livat Hoyts & IMAX,changsha-livat-hoyts-imax,,"4th floor , Livat Center, Yuelu District",410000,"Changsha, Hunan Province",,CN,China,APAC,FALSE,FALSE,FALSE,28.22300,112.98120
Changsha Yunda Mode VHC & IMAX,changsha-yunda-mode-vhc-imax,,"L501, 5F Yunda Mode, 567 Changsha Avenue, Yuhua District",410000,"Changsha, Hunan Province",,CN,China,APAC,TRUE,FALSE,FALSE,28.16980,113.04260
Changshu Wanda & IMAX,changshu-wanda-imax,,"4F, Wanda Plaza, No.8 Zhuhai Road",215500,Changshu,,CN,China,APAC,FALSE,FALSE,FALSE,31.68912,120.73865
Changzhi Wanda & IMAX,changzhi-wanda-imax,,"4F, Wanda Plaza, No. 222 North Yingxiong Rd ",46000,Changzhi,,CN,China,APAC,FALSE,FALSE,FALSE,36.22473,113.13449
Changzhou Global Harbor SFC & IMAX,changzhou-global-harbor-sfc-imax,,"4F, Global Harbor, No.588 Middle Tongjiang Rd., Xinbei District",213100,Changzhou,,CN,China,APAC,FALSE,FALSE,FALSE,31.84823,119.98234
Changzhou Jintan InJoy Bestar & IMAX,changzhou-jintan-injoy-bestar-imax,,"4F, InJoy Plaza, No.1208, South Ring 2nd Road, Jintan District",213200,Changzhou,,CN,China,APAC,FALSE,FALSE,FALSE,31.73608,119.59770
Changzhou Longcheng Paradise Walk CGV & IMAX,changzhou-longcheng-paradise-walk-cgv-imax,CGV,"5F, Longcheng Paradise Walk, No. 295 Qingye Rd, Zhonglou District",213012,Changzhou,,CN,China,APAC,FALSE,FALSE,FALSE,31.79943,119.92183
Changzhou Omnijoi & IMAX,changzhou-omnijoi-imax,,"5th floor, 999 North Lanling Rd, Tianning District",213000,Changzhou,,CN,China,APAC,FALSE,FALSE,FALSE,31.77131,119.95964
Changzhou OSGH Cinema & IMAX,changzhou-osgh-cinema-imax,,"No.1, Yanling West Road, Zhonglou District",213000,Changzhou,,CN,China,APAC,FALSE,FALSE,FALSE,31.77712,119.95826
Changzhou Wujin Wanda & IMAX,changzhou-wujin-wanda-imax,,"4th Fl,Hutanghuayuan Rd No.301, Wujin Dist.",213000,Changzhou,,CN,China,APAC,FALSE,FALSE,FALSE,31.72545,119.94510
Changzhou Xinbei Wanda & IMAX,changzhou-xinbei-wanda-imax,,"5F, No.88, Mid Tongjiang Road, Wanda Plaza, Xinbei District",213125,Changzhou,,CN,China,APAC,FALSE,FALSE,FALSE,31.81681,119.96917
Chaoyang Wanda & IMAX,chaoyang-wanda-imax,,"4F, Wanda Plaza, No.2 Huanghe Road, Shuangtai District",122000,Chaoyang,,CN,China,APAC,FALSE,FALSE,FALSE,41.59999,120.46763
Chengdu JOYOUS TIME Jinyi & IMAX,chengdu-joyous-time-jinyi-and-imax,,"4F, Heyue Plaza, No. 199, Section 2, Lushan Avenue, Wan'an Street, Shuangliu District",610200,Chengau,,CN,China,APAC,TRUE,FALSE,FALSE,30.47980,104.11180
Chengde Zhongliang Phoenix City Meicity & IMAX,chengde-zhongliang-phoenix-city-meicity-and-imax,,"B1F, Commercial Area B, Zhongliang Phoenix City, West of High Speed Railway South Station, Gaoxin District,",67055,Chengde City,Hebei,CN,China,APAC,TRUE,FALSE,FALSE,41.31320,117.72200
CGV Chengdu Shihao & IMAX,cgv-chengdu-shihao-imax,CGV,"5th Fl, Shihao Square, 998 Jiannan Avenue, Gaoxin District",610000,Chengdu,,CN,China,APAC,FALSE,FALSE,FALSE,30.54698,104.04573
Chengdu 468 Ito Plaza Wanda & IMAX,chengdu-468-ito-plaza-wanda-imax,,"6F, Ito Plaza, No. 35, Xishu Street, Jinjiang District",610011,Chengdu,,CN,China,APAC,FALSE,FALSE,FALSE,30.61135,104.16273
Chengdu Bravo Shuangliu & IMAX,chengdu-bravo-shuangliu-imax,,"No.177, Baiyun Street, Shuangliu Town",610299,Chengdu,,CN,China,APAC,FALSE,FALSE,FALSE,30.62769,104.05598
Chengdu CGV & IMAX,chengdu-cgv-imax,CGV,"4th Fl., No.183, Jiaoda District, Jinniu District",610000,Chengdu,,CN,China,APAC,FALSE,FALSE,FALSE,30.69674,104.79646
Chengdu Chongzhou Wanda & IMAX,chengdu-chongzhou-wanda-imax,,"4F, Wanda Plaza, No.299 East Yongkang Road, Chongzhou",611230,Chengdu,,CN,China,APAC,FALSE,FALSE,FALSE,30.62892,103.69231
Chengdu Huanqiu Stellar & IMAX,chengdu-huanqiu-stellar-imax,,"4th Fl, Huanqiu Mall, No.1700 North Tianfu Rd",610017,Chengdu,,CN,China,APAC,FALSE,FALSE,FALSE,30.75776,103.97302
Chengdu International Finance Square Emperor & IMAX,chengdu-international-finance-square-emperor-and-imax,,"Shop L614, 6th Floor, Chengdu International Finance Square, No. 1, Section 3, Hongxing Road, Jinjiang District",610011,Chengdu,Sichuan Province,CN,China,APAC,TRUE,FALSE,FALSE,30.65460,104.08040
Chengdu Jinhua Wanda & IMAX,chengdu-jinhua-wanda-imax,,"3F, No.68, Jinhua Road First Section, Wanda Plaza No.365, Jinjiang District",610011,Chengdu,,CN,China,APAC,FALSE,FALSE,FALSE,30.65737,104.07542
Chengdu Jinnan Longfor CGV & IMAX,chengdu-jinnan-longfor-cgv-imax,CGV,"5th Floor, Jinnan Longfor, No.66 of Jinjixi Street I, Wuhou District",610000,Chengdu,,CN,China,APAC,FALSE,FALSE,FALSE,30.65470,104.00310
Chengdu Jinniu Wanda & IMAX,chengdu-jinniu-wanda-imax,,"4F, Wanda Plaza, No.1 North Three Sect. of Yihuan Rd, Jinniu District, Sichuan Province",610031,Chengdu,,CN,China,APAC,FALSE,FALSE,FALSE,30.66845,104.11183
Chengdu Jinyi & IMAX,chengdu-jinyi-imax,,"3rd fl, Perennial Plaza, No.55 North of Guanghua No.3 Road, Qingyang District",610000,Chengdu,,CN,China,APAC,FALSE,FALSE,FALSE,30.67110,103.96412
Chengdu Joy City Bona & IMAX,chengdu-joy-city-bona-imax,,"4F-001, Joy City, No. 518, Dayue Rd, Wuhou District ",610000,Chengdu,,CN,China,APAC,FALSE,FALSE,FALSE,30.62656,104.01044
Chengdu Kehua SFC & IMAX,chengdu-kehua-sfc-imax,,"5F, Wangfujing Department Store, No.9 Middle Kehua Road, Wuhou District",610042,Chengdu,,CN,China,APAC,FALSE,FALSE,FALSE,30.62417,104.08268
Chengdu Longfor SFC & IMAX,chengdu-longfor-sfc-imax,,"4th Fl, Longfor Paradise Wall, No.89 Hezuo Road, West Gaoxin District",611731,Chengdu,,CN,China,APAC,FALSE,FALSE,FALSE,30.75479,103.91903
Chengdu Renhe Town Omnijoi & IMAX,chengdu-renhe-town-omnijoi-imax,,"5F, Renhe Town, No.505, Fucheng Avenue, Gaoxin District ",610041,Chengdu,,CN,China,APAC,FALSE,FALSE,FALSE,30.59399,104.05934
Chengdu Shudu Wanda & IMAX,chengdu-shudu-wanda-imax,,"Intersection of East Chengguan Rd, and East Wangcong Rd.",610000,Chengdu,,CN,China,APAC,FALSE,FALSE,FALSE,30.81359,103.91335
Chengdu The RING Infinite Dream Space & IMAX,chengdu-the-ring-infinite-dream-space-and-imax,,"4F, Building 1, No. 333, Dongda Road, Dongda Street, Jinjiang District",610000,Chengdu,,CN,China,APAC,FALSE,FALSE,FALSE,30.63390,104.11190
Chengdu Tianfu Joy City Bona & IMAX,chengdu-tianfu-joy-city-bona-and-imax,,"L508-510, No. 500, Xingkang 3rd Street, Zhengxing Street, Tianfu New District",610000,Chengdu,Sichuan,CN,China,APAC,TRUE,FALSE,FALSE,30.46650,103.96650
Chengdu UA IFC & IMAX,chengdu-ua-ifc-imax,,"6th fl, NO. 1 Hongxing Rd, Jinjiang Dist, Sichuan Province",610021,Chengdu,,CN,China,APAC,FALSE,FALSE,FALSE,30.67044,104.07470
Chengdu Xindu Seven One CGV & IMAX,chengdu-xindu-seven-one-cgv-imax,CGV,"5F, Seven One Plaza, No.2 Jinguang Road, Xindu District",610500,Chengdu,,CN,China,APAC,FALSE,FALSE,FALSE,30.82184,104.17381
Chengdu Yinglifang 773 IMAX,chengdu-yinglifang-773-imax,,"Chengdu Music Park, No. 4 South Jianshe Road, Chenghua District, Sichuan",610000,Chengdu,,CN,China,APAC,FALSE,FALSE,FALSE,30.67120,104.12065
Longfor Beicheng Paradise Walk China Film Zijing Int'l & IMAX,longfor-beicheng-paradise-walk-china-film-zijing-intl-and-imax,,"5F, North Hall, Longfor Beicheng Paradise Walk, No. 1, Wukuaishi Road, Jinniu District",610000,Chengdu,Sichuan Province,CN,China,APAC,TRUE,FALSE,FALSE,30.70940,104.06570
Chengdu MixC Ph2 Broadway & IMAX,chengdu-mixc-ph2-broadway-imax,,"4F, MixC, No,.8, Shuangqing Rd., Chenghua District",610056,"Chengdu, Sichuan",,CN,China,APAC,FALSE,FALSE,FALSE,30.65080,104.11920
Chengdu Shin Kong Plaza Emperor & IMAX,chengdu-shin-kong-plaza-emperor-imax,,"7F, Shin Kong Plaza, No. 1599, 3rd Section, Guanghua Avenue, Wenjiang District",611130,"Chengdu, Sichuan",,CN,China,APAC,TRUE,FALSE,FALSE,30.67807,103.88379
Chengdu Aegean Sea Jinyi & IMAX,chengdu-aegean-sea-jinyi-imax,,"5F, Unit 1, Building 1, 919 Guoning East Road, Xipu District",611730,"Chengdu, Sichuan Province",,CN,China,APAC,FALSE,FALSE,FALSE,30.74610,103.98200
Chengdu Global Center Bona & IMAX,chengdu-global-center-bona-imax,,"Unit 401, 4th Floor, Global Center, No. 1700, North Tianfu Avenue, High-tech Zone",610000,"Chengdu, Sichuan Province",,CN,China,APAC,TRUE,FALSE,FALSE,30.58450,104.06820
Chengdu Longquanyi HOYTS & IMAX,chengdu-longquanyi-hoyts-imax,,"6F, Hoyts Cinema, Shimao Plaza, No.833 Jinfeng Road, Longquanyi District",610100,"Chengdu, Sichuan Province",,CN,China,APAC,FALSE,FALSE,FALSE,30.57480,104.19100
Chengdu The Magic Hoyts & IMAX,chengdu-magic-hoyts-imax,,"L6, Building 5, No. 1777 North Tianfu Avenue, Wuhou District",610096,"Chengdu, Sichuan Province",,CN,China,APAC,FALSE,FALSE,FALSE,30.57550,104.07010
Chenzhou Wanda & IMAX,chenzhou-wanda-imax,,"5th Fl., Shengyuan Times Plaza, Bayi Road",423000,Chenzhou,,CN,China,APAC,FALSE,FALSE,FALSE,26.69593,113.26544
Chifeng Wanda Plaza & IMAX,chifeng-wanda-plaza-imax,,"4th floor, Chifeng Wanda Plaza, Xilamulun Ave, Inner Mongolia Autonomous Region",24000,Chifeng,,CN,China,APAC,FALSE,FALSE,FALSE,42.25305,118.91765
Chongqing Daping Wanda & IMAX,chongqing-daping-wanda-imax,,"6F, Yingli IMIX, No.19 Daping Street, Yuzhong District",,Chonging,,CN,China,APAC,FALSE,FALSE,FALSE,29.54006,106.51653
Chongqing Baiyi Stellar & IMAX,chongqing-baiyi-stellar-imax,,"7th Floor, No. 250 Bayi Road, Yuzhong District",400000,Chongqing,,CN,China,APAC,FALSE,FALSE,FALSE,29.55514,106.57595
Chongqing Banan Wanda & IMAX,chongqing-banan-wanda-imax,,"4-5th Floor, Wanda Plaza, No.297 Yunan Avenue, Banan District",401320,Chongqing,,CN,China,APAC,FALSE,FALSE,FALSE,29.40380,106.55056
Chongqing Beibei Wanda & IMAX,chongqing-beibei-wanda-imax,,"4F, Wanda Plaza, No.300 Fengshixing Road",400711,Chongqing,,CN,China,APAC,FALSE,FALSE,FALSE,29.80429,106.39758
Chongqing Broadway & IMAX,chongqing-broadway-imax,,"5th Floor, No. 49 Xiejiawan Zheng Street, Jiulongpo District",400039,Chongqing,,CN,China,APAC,FALSE,FALSE,FALSE,29.52280,106.52545
Chongqing Cross Shiqiaopu & IMAX,chongqing-cross-shiqiaopu-imax,,"1-6 F Baofeng Podium Bldg,Xinhua Rd.No3678,Free Trade Zone",400041,Chongqing,,CN,China,APAC,FALSE,FALSE,FALSE,29.54038,106.49832
Chongqing Dadukou Wanda & IMAX,chongqing-dadukou-wanda-imax,,"4F, New Tin Chok Plaza, No. 1099, Songqing Road, Daduhe District",400084,Chongqing,,CN,China,APAC,FALSE,FALSE,FALSE,29.47898,106.47496
Chongqing Dazhulin Wanda & IMAX,chongqing-dazhulin-wanda-imax,,"4F, Jinke MeiLinHui Shopping Mall, No. 19, Banzhu Rd, Dazhulin, Yubei District",401120,Chongqing,,CN,China,APAC,FALSE,FALSE,FALSE,29.62696,106.48081
Chongqing Fulin Wanda & IMAX,chongqing-fulin-wanda-imax,,"4F, Wanda Plaza, 8 Dongbin Avenue, Fuling District",408000,Chongqing,,CN,China,APAC,FALSE,FALSE,FALSE,29.70807,107.40947
Chongqing Guanyinqiao CGV & IMAX,chongqing-guanyinqiao-cgv-imax,CGV,"B1, Longfor the 1st Avenue Plaza, No.33 Jianbei 8th Slip Road, Jiangbei District ",400000,Chongqing,,CN,China,APAC,FALSE,FALSE,FALSE,29.58874,106.53314
Chongqing HMC Wanda & IMAX,chongqing-hmc-wanda-imax,,"5F, Building 3-2, HMC, No. 789, East Changzhou Avenue, Yongchuan District",402160,Chongqing,,CN,China,APAC,FALSE,FALSE,FALSE,29.37069,105.93664
Chongqing Hometown CGV & IMAX,chongqing-hometown-cgv-imax,CGV,"5F, Longfor Hometown Paradise Walk, No.420 Panxi Road, Jiangbei District",400000,Chongqing,,CN,China,APAC,FALSE,FALSE,FALSE,29.60852,106.49199
Chongqing IMIX Park Wanda & IMAX,chongqing-imix-park-wanda-imax,,"6F/7F, IMIX Park, Jiangbei District",400000,Chongqing,,CN,China,APAC,FALSE,FALSE,FALSE,29.58143,106.53898
Chongqing Joy City Jinyi & IMAX,chongqing-joy-city-jinyi-imax,,"5th Fl, Chongqing Joy City,  Qiucheng Ave. No. 99, Xiantao St., Yubei District",402260,Chongqing,,CN,China,APAC,FALSE,FALSE,FALSE,29.73370,106.57100
Chongqing Lanting Metroplaza Jinyi & IMAX,chongqing-lanting-metroplaza-jinyi-imax,,"4F, Lanting Metroplaza, Baotong Rd, Xinke Avenue, Yubei District",401120,Chongqing,,CN,China,APAC,FALSE,FALSE,FALSE,29.68910,106.60123
Chongqing Longfor U City CGV & IMAX,chongqing-longfor-u-city-cgv-imax,CGV,"3, 4, 5F, Longfor U City Plaza, No.25 Fukang Road",401133,Chongqing,,CN,China,APAC,FALSE,FALSE,FALSE,29.60610,106.49634
Chongqing Qibo Yage & IMAX,chongqing-qibo-yage-imax,,"5F, Sunac Golden Trade Times, No.16, Qixia Road, Liangjiang New District",409699,Chongqing,,CN,China,APAC,FALSE,FALSE,FALSE,29.64407,106.57416
Chongqing Qijiang Wanda & IMAX,chongqing-qijiang-wanda-imax,,"4F, Wanda Plaza , Wenlong Street",401420,Chongqing,,CN,China,APAC,FALSE,FALSE,FALSE,29.03987,106.68274
Chongqing Raffles City  CGV & IMAX,chongqing-raffles-city-cgv-imax,CGV,"Shop 03-127/04-120, 3-4F, Raffles City, No.8 Jiesheng Street, Chaotianmen, Yuzhong District",400010,Chongqing,,CN,China,APAC,TRUE,FALSE,FALSE,29.56360,106.58844
Chongqing Yongchuan Wanda & IMAX,chongqing-yongchuan-wanda-imax,,"4F, Wanda Plaza, No.789 Xingguang Avenue, Yongchuan District",402160,Chongqing,,CN,China,APAC,FALSE,FALSE,FALSE,29.34221,105.93589
"IMAX Dome, Chongqing Children's Museum",imax-dome-chongqing-childrens-museum,,"No. 134, Chongshan 2nd Road, Yuzhong District",400014,Chongqing,,CN,China,APAC,FALSE,FALSE,FALSE,29.55578,106.55468
"IMAX, Chongqing Science & Technology Museum",imax-chongqing-science-technology-museum,,"No.7, Jiangbei City, Xida Street, Jiangbei District",400014,Chongqing,,CN,China,APAC,FALSE,FALSE,FALSE,29.57139,106.57782
Chuzhou Wanda & IMAX,chuzhou-wanda-imax,,"4F, Wanda Plaza, Intersection of Middle Nanqiao Road and Huxin Road, Nanqiao District",239001,Chuzhou,,CN,China,APAC,FALSE,FALSE,FALSE,32.27512,118.33232
Cixi Poly China Film Stellar & IMAX,cixi-poly-china-film-stellar-imax,,"No. 1555 Poly Shopping Mall, West Sanbei Avenue, Zonghan Street",315100,Cixi,,CN,China,APAC,FALSE,FALSE,FALSE,30.18636,121.21509
Dali Bona & IMAX,dali-bona-imax,,"4F, Hengbang Times Street, No.31 East Jianshe Road, Xiaguan Town",671000,"Dali, Yunnan",,CN,China,APAC,FALSE,FALSE,FALSE,25.59216,100.23340
Dalian Central Avenue Bona & IMAX,dalian-central-avenue-bona-imax,,"5F,Central Avenue PT&C Shopping Center, No. 107 Xi’an Rd., Shahekou District",116001,Dalian,,CN,China,APAC,FALSE,FALSE,FALSE,38.92097,121.59369
Dalian Donggang CGV & IMAX,dalian-donggang-cgv-imax,CGV,"4th Floor, Galleria Dalian, East Changjiang Road No.96, Zhongshan District",116001,Dalian,,CN,China,APAC,FALSE,FALSE,FALSE,38.91962,121.68150
Dalian Ganjingzi Wanda & IMAX,dalian-ganjingzi-wanda-imax,,"2F,  Wanda Plaza,  No.6 Hongyun Road",116039,Dalian,,CN,China,APAC,FALSE,FALSE,FALSE,38.95393,121.54609
Dalian Gaoxin Wanda & IMAX,dalian-gaoxin-wanda-imax,,No.500 Huangpu Road - Gaoxin District,116021,Dalian,,CN,China,APAC,TRUE,FALSE,FALSE,38.86681,121.53509
Dalian Huafu Wanda & IMAX,dalian-huafu-wanda-imax,,"4F, No.281, Zhongshan Road, Wanda Plaza, Xigang District",116021,Dalian,,CN,China,APAC,TRUE,FALSE,FALSE,38.91074,121.61172
Dalian Jingkai Wanda & IMAX,dalian-jingkai-wanda-imax,,"Dalian Jingkai Wanda Plaza 4F, West Liaohe Rd. No.117, Develop District",116600,Dalian,,CN,China,APAC,TRUE,FALSE,FALSE,39.06739,121.79354
Dalian Jinzhou Brilliant Plaza Wanda & IMAX,dalian-jinzhou-brilliant-plaza-wanda-imax,,"4F, Brilliant Plaza, No.180 Shengli Road, Jinzhou District",116199,Dalian,,CN,China,APAC,FALSE,FALSE,FALSE,39.10828,121.72155
Dalian Pulandian Wanda & IMAX,dalian-pulandian-wanda-imax,,"3F, Wanda Plaza, No.68 Zhenxing Street, Pulandian District, Liaoning",116000,Dalian,,CN,China,APAC,FALSE,FALSE,FALSE,39.40865,121.94713
Dalian Zhuanghe Wanda & IMAX,dalian-zhuanghe-wanda-imax,,"3F,Wanda Plaza, Cross of Yan'an Road and Xinhua Road,Zhuanghe City",116400,Dalian,,CN,China,APAC,FALSE,FALSE,FALSE,39.67047,122.98615
Dandong Wanda & IMAX,dandong-wanda-imax,,"4th Floor, No.298 Jinshan Street, Zhenxin District",118001,Dandong,,CN,China,APAC,FALSE,FALSE,FALSE,40.11041,124.36667
Danyang Babaiban Omnijoi & IMAX,danyang-babaiban-omnijoi-imax,,"5F, Springland Babaiban Mall, No.2 Middle Xinmin Road",212300,Danyang,,CN,China,APAC,FALSE,FALSE,FALSE,31.99839,119.57884
Daqing Ranghulu Wanda & IMAX,daqing-ranghulu-wanda-imax,,"4F, Wanda Plaza, No.17, Dagang Road, Ranghulu District",163712,Daqing,,CN,China,APAC,FALSE,FALSE,FALSE,46.62372,124.86503
Daqing Saertu Wanda & IMAX,daqing-saertu-wanda-imax,,"4F, No.15, Dongfeng Road, Wanda Plaza, Saertu District",163311,Daqing,,CN,China,APAC,FALSE,FALSE,FALSE,46.59602,125.11660
"IMAX, Da Qing Science & Technology Museum",imax-da-qing-science-technology-museum,,"Zhongbao Road, Dongfeng Village, Time Square, Saertu District",163002,Daqing,,CN,China,APAC,FALSE,FALSE,FALSE,46.58282,125.08623
Datong Wanda & IMAX,datong-wanda-imax,,"4F,Wanda Plaza,  Intersection of Yonghe Road and East Nanhuan Road",37001,Datong,,CN,China,APAC,FALSE,FALSE,FALSE,40.06980,113.34917
Datong Central Park Wanda & IMAX,datong-central-park-wanda-imax,,"3F,  Parkson Center, Yunzhong Road, Pingcheng District ",37006,"Datong, Shanxi",,CN,China,APAC,FALSE,FALSE,FALSE,40.08450,113.28290
Dazhou Luofu Hengdian & IMAX,dazhou-luofu-hengdian-imax,,"5F, Luofu Plaza, No.385 Wanxing Road, Tongchuan District",635000,Dazhou,,CN,China,APAC,FALSE,FALSE,FALSE,31.21284,107.47674
Deyang Wanda & IMAX,deyang-wanda-imax,,"4F, Wanda Plaza, No.8 North Lushan Road, Jingyang District",618000,Deyang,,CN,China,APAC,FALSE,FALSE,FALSE,31.13130,104.41469
Deyang Yinxin Wuzhou Jinyi & IMAX,deyang-yinxin-wuzhou-jinyi-imax,,"5F, Wuzhou Plaza, No. 735, 2nd Section, South Taishan Road, Jingyang District ",168000,"Deyang, Sichuan",,CN,China,APAC,FALSE,FALSE,FALSE,31.09530,104.38760
Dezhou Wanda & IMAX,dezhou-wanda-imax,,"Dezhou Wanda Plaza 4F, South Hubin Ave. Decheng District",253000,Dezhou,,CN,China,APAC,FALSE,FALSE,FALSE,37.43491,116.31710
Dongguan Changan Wanda & IMAX,dongguan-changan-wanda-imax,,"No.1 Middle of Dongmen Rd., Changhan Dist.",523000,Dongguan,,CN,China,APAC,FALSE,FALSE,FALSE,23.03558,113.72397
Dongguan DG Mall CGV & IMAX,dongguan-dg-mall-cgv-imax-0,CGV,"2-5F, No.5 Commercial Building, DG Mall, No.1 East Hongfu Rd, Nancheng Street",523123,Dongguan,,CN,China,APAC,FALSE,FALSE,FALSE,23.01831,113.76875
Dongguan DG Mall CGV & IMAX,dongguan-dg-mall-cgv-imax,CGV,"2-5F, No.5 Commercial Building, DG Mall, No.1 East Hongfu Rd, Nancheng Street",523123,Dongguan,,CN,China,APAC,FALSE,FALSE,FALSE,23.01831,113.76875
Dongguan Dongcheng Wanda & IMAX,dongguan-dongcheng-wanda-imax,,"4th Floor, No. 208 Dongzong Road, Dongcheng District",523000,Dongguan,,CN,China,APAC,FALSE,FALSE,FALSE,23.03280,113.78311
Dongguan Houjie Wanda & IMAX,dongguan-houjie-wanda-imax,,"4th Fl, Wanda Plaza, 6  North Kangle Road, Houjie Town",452300,Dongguan,,CN,China,APAC,FALSE,FALSE,FALSE,22.95054,113.67897
Dongguan Humen Wanda & IMAX,dongguan-humen-wanda-imax,,"4F, Wanda Plaza, No.388 North Liansheng Road, Humen County",523000,Dongguan,,CN,China,APAC,FALSE,FALSE,FALSE,22.83879,113.68942
Dongguan Qiyun Plaza Huanxiang & IMAX,dongguan-qiyun-plaza-huanxiang-and-imax,,"No.28 Huanhu Middle Road, Shilong Town, Dongguan City, Qiyun Plaza",523325,Dongguan,Qiyun Province,CN,China,APAC,FALSE,FALSE,FALSE,23.10590,113.87440
Dongguan Sizhe Cross Cinemas & IMAX,dongguan-sizhe-cross-cinemas-imax,,"District D, 3rd floor, LOHO City, East Commercial Street, Liaobu Town",523000,Dongguan,,CN,China,APAC,FALSE,FALSE,FALSE,23.00099,113.88513
Dongguan Wanda & IMAX,dongguan-wanda-imax,,"3F, Sector D, Wandao Road, New South China Mall, Wanjiang District",523017,Dongguan,,CN,China,APAC,TRUE,FALSE,FALSE,23.03757,113.72094
"IMAX Dome, Dongguan Science & Technology Museum",imax-dome-dongguan-science-technology-museum,,"No.2, Yuanmei Mid Road, New City Center District",523071,Dongguan,,CN,China,APAC,FALSE,FALSE,FALSE,23.00936,113.74648
Dongtai Zhongnan City Omnijoi & IMAX,dongtai-zhongnan-city-omnijoi-imax,,"4F, Zhongnan Cheng Plaza, No. 80 Yingbin Avenue",224299,"Dongtai, Jiangsu",,CN,China,APAC,FALSE,FALSE,FALSE,32.87990,120.31710
Dongying Wanda & IMAX,dongying-wanda-imax,,"Dongying Wanda Plaza 4F, Beiyi Rd., Dongying District",275000,Dongying,,CN,China,APAC,FALSE,FALSE,FALSE,37.46360,118.54666
Foshan CGV Xingxing & IMAX,foshan-cgv-xingying-imax,CGV,3F Xingdouhui Plaza - 141 Yuhe Road - Shunde District,528200,Foshan,,CN,China,APAC,FALSE,FALSE,FALSE,22.97128,113.12139
Foshan Jinyi & IMAX,foshan-jinyi-imax,,"3rd fl, Perennial Plaza,No. 45 North Guilan Rd, Guicheng Street",528200,Foshan,,CN,China,APAC,FALSE,FALSE,FALSE,23.01205,113.15481
Foshan Nanhai Wanda & IMAX,foshan-nanhai-wanda-imax,,4F A - Guilan Road No.28 - Nanhai Wanda Plaza - Nanhai District,528200,Foshan,,CN,China,APAC,FALSE,FALSE,FALSE,23.06778,113.15434
Foshan Sanshui Wanda & IMAX,foshan-sanshui-wanda-imax,,"5F, Wanda Plaza, Block 13, Shangnanyazhu, Nanfeng Avenue, Sanshui District",528100,Foshan,,CN,China,APAC,FALSE,FALSE,FALSE,23.18356,112.90961
Foshan Shunde Metro-Mall Jinyi & IMAX,foshan-shunde-metro-mall-jinyi-imax,,"L5003B, 5F; L4003B, 4F; L3003A, 3F, Metro-Mall, No.1, Caihong Rd, Shunde District",528300,Foshan,,CN,China,APAC,FALSE,FALSE,FALSE,22.80306,113.30231
Foshan Shunde Yueran Wanda & IMAX,foshan-shunde-yueran-wanda-imax,,"3F, Meidi Yueran Plaza, No. 1, Chengde Road, Beijiao Town, Shunde District",440606,Foshan,,CN,China,APAC,FALSE,FALSE,FALSE,22.93340,113.21670
Foshan Yuexiu Xinghui Wanda & IMAX,foshan-yuexiu-xinghui-wanda-imax,,"5F, Dating Mall, No.81 North Nanhai Avenue, Nanhai District",528200,Foshan,,CN,China,APAC,FALSE,FALSE,FALSE,23.03795,113.14892
Foshan Da City CGV  & IMAX,foshan-da-city-cgv-imax,CGV,"Room 322, Da City, Middle Guilin Ave., Shunde District",528300,"Foshan, Guangdong",,CN,China,APAC,FALSE,FALSE,FALSE,22.75113,113.31170
Fuqing Wanda & IMAX,fuqing-wanda-imax,,"4th Floor, Wanda Plaza, No.105 Qingchang Avenue",350000,Fuqing,,CN,China,APAC,FALSE,FALSE,FALSE,25.72381,119.35509
Fushun Wanda & IMAX,fushun-wanda-imax,,"4th Fl., No.56 Hunhe South Street, Xinfu District",113008,Fushun,,CN,China,APAC,TRUE,FALSE,FALSE,41.87087,123.91723
Fuxin Wanda & IMAX,fuxin-wanda-imax,,"4F-A, Wanda Plaza, No.17, Jiefang Avenue, Xihe District",123099,Fuxin,,CN,China,APAC,FALSE,FALSE,FALSE,42.02237,121.65282
Fuyang Oriental Giant Screen & IMAX,fuyang-oriental-giant-screen-imax,,"4F, Dongfang Huanle Mall, Yingquan District",236000,Fuyang,,CN,China,APAC,FALSE,FALSE,FALSE,32.90511,115.82935
Fuyang Wanda & IMAX,fuyang-wanda-imax,,"4F, South Yingzhou Rd, East Renmin Rd No. 531",236000,Fuyang,,CN,China,APAC,FALSE,FALSE,FALSE,32.87949,115.82953
Fuyang Yingquan Wanda & IMAX,fuyang-yingquan-wanda-imax,,"4F, Wanda Plaza, No.396 Taihe Road,Yingquan District",236000,Fuyang,,CN,China,APAC,FALSE,FALSE,FALSE,32.93922,115.82240
Fuzhou Cangshan Wanda & IMAX,fuzhou-cangshan-wanda-imax,,"4F, No.276, Pushang Avenue, Wanda Plaza, Cangshan District",350000,Fuzhou,,CN,China,APAC,TRUE,FALSE,FALSE,26.02705,119.24605
Fuzhou Great Town Omnijoi & IMAX,fuzhou-great-town-omnijoi-imax,,"5F, North Zone, Great Town, Mawei District",350000,Fuzhou,,CN,China,APAC,FALSE,FALSE,FALSE,26.08317,119.33382
Fuzhou Jiangxi Wanda & IMAX,fuzhou-jiangxi-wanda-imax,,"4F, Wanda Plaza, No.688 Yingbin Avenue ",344000,Fuzhou,,CN,China,APAC,FALSE,FALSE,FALSE,27.96275,116.35307
Fuzhou Powerlong Plaza & IMAX,fuzhou-powerlong-plaza-imax,,"5F, Powerlong Plaza, No.193 Gongye Rd, Taijiang District",350002,Fuzhou,,CN,China,APAC,FALSE,FALSE,FALSE,26.06267,119.29114
Fuzhou Taihe CGV & IMAX,fuzhou-taihe-cgv-imax,CGV,"6-7F, Taihe Plaza, East 2nd Ring Rd., No6. Yuefengzhenzhuyu Rd., Jin'an District",350000,Fuzhou,,CN,China,APAC,FALSE,FALSE,FALSE,26.09778,119.33865
Fuzhou Wanda & IMAX,fuzhou-wanda-imax,,4F/Area A Wanda Plaza - Financial Street - 8 Ao Jiang Road - Taijiang District,350000,Fuzhou,,CN,China,APAC,FALSE,FALSE,FALSE,26.05252,119.34294
Fuzhou Strait Culture Art Center Jinyi & IMAX,fuzhou-strait-culture-art-center-jinyi-imax,,"Hall E, Fuzhou Strait Culture Art Cente, East Nanjiangbin Ave., Chengmen Town, Cangshan District ",350000,"Fuzhou, Fujian",,CN,China,APAC,TRUE,FALSE,FALSE,26.00685,119.39664
Fuzhou Gaoxin Wanda & IMAX,fuzhou-gaoxin-wanda-imax,,"4F, Wanda Plaza, Qishan Avenue, Gaoxin District",350108,"Fuzhou, Fujian Province",,CN,China,APAC,TRUE,FALSE,FALSE,26.08230,119.18750
Ganzhou CGV & IMAX,ganzhou-cgv-imax,CGV,"3rd Floor, MixC City, 8 New Ganzhou Avenue, Zhangjiang New District",314000,Ganzhou,,CN,China,APAC,FALSE,FALSE,FALSE,25.82279,114.93283
Ganzhou Jingkai Wanda & IMAX,ganzhou-jingkai-wanda-and-imax,,"4th Floor, Wanda Plaza, No.18 Jinling Avenue, Ganzhou Economic and Technological Development Zone",341000,Ganzhou,Jiangxi,CN,China,APAC,FALSE,FALSE,FALSE,25.84262,114.90741
Ganzhou Shanshan Outlet Plaza Emperor & IMAX,ganzhou-shanshan-outlet-plaza-emperor-imax,,"3F, ShanShan Outlet Plaza , No.18, Hexie Avenue, Zhanggong District",314000,Ganzhou,,CN,China,APAC,FALSE,FALSE,FALSE,25.76166,114.93283
Guangyuan Wanda & IMAX,guangyuan-wanda-imax,,"4th floor, Wanyuan Wanda Plaza, Lizhou District",628000,Guangyuan,,CN,China,APAC,FALSE,FALSE,FALSE,32.42979,105.88259
Guangzhou A-Mall Flying & IMAX,guangzhou-mall-flying-imax,,"6F, A-Mall, No.70, Zhongshan 5th Road, Yuexiu District",510000,Guangzhou,,CN,China,APAC,FALSE,FALSE,FALSE,23.13212,113.27311
Guangzhou Asian Games City Wanda & IMAX,guangzhou-asian-games-city-wanda-imax,,"3F, Asian Games City, No.43 Kangti Road ",511400,Guangzhou,,CN,China,APAC,FALSE,FALSE,FALSE,22.94732,113.48306
Guangzhou Conghua Yuanda Jinyi & IMAX,guangzhou-conghua-yuanda-jinyi-and-imax,,"No. 402, No. 107 Congcheng Avenue, Jiangpu Street, Conghua District",510900,Guangzhou,,CN,China,APAC,TRUE,FALSE,FALSE,23.53930,113.58120
Guangzhou Fanyang & IMAX,guangzhou-fanyang-imax,,"5th Fl, Huilong Plaza, No. 203 East Qinghe Rd, Panyu District",511400,Guangzhou,,CN,China,APAC,FALSE,FALSE,FALSE,22.93664,113.37774
Guangzhou Grandview Mall Flying & IMAX,guangzhou-grandview-mall-flying-imax,,"7F,Grandview Mall,No.228 Tianhe Rd, Tianhe District",510000,Guangzhou,,CN,China,APAC,FALSE,FALSE,FALSE,23.13795,113.33350
Guangzhou Hopson Lumiere & IMAX,guangzhou-hopson-lumiere-imax,,"Hopson, No.249 South Guangzhou Avenue, Guangzhou",510000,Guangzhou,,CN,China,APAC,FALSE,FALSE,FALSE,23.09174,113.32147
Guangzhou Huadu Sunac Mall Wanda & IMAX,guangzhou-huadu-sunac-mall-wanda-imax,,"3F, Sunac Mall, No.63 North Fenghuang Road, Huadu District",510800,Guangzhou,,CN,China,APAC,FALSE,FALSE,FALSE,23.39913,113.23431
Guangzhou IGC Palace & IMAX,guangzhou-igc-palace-imax,,"IGC Shopping Mall, No.59 Linjiang Avenue",510000,Guangzhou,,CN,China,APAC,FALSE,FALSE,FALSE,23.11958,113.33652
Guangzhou Lisheng Guangbai Square Jinyi & IMAX,guangzhou-lisheng-guangbai-square-jinyi-imax,,"No. 66, Middle Huadi Avenue, Liwan District",510145,Guangzhou,,CN,China,APAC,FALSE,FALSE,FALSE,23.08476,113.23985
Guangzhou Liwan COCO Park Hengdian & IMAX,guangzhou-liwan-coco-park-hengdian-and-imax,,"4th Floor, COCO Park, Health Harbor, No. 16 Dongsha Avenue, Liwan District",510000,Guangzhou,,CN,China,APAC,TRUE,FALSE,FALSE,23.06010,113.25680
Guangzhou Nansha Wanda & IMAX,guangzhou-nansha-wanda-imax,,"4th Floor, Building No.3 Shuangshan Ave., Nansha District",510000,Guangzhou,,CN,China,APAC,FALSE,FALSE,FALSE,22.79934,113.54324
Guangzhou New Park Mei Ah & IMAX,guangzhou-new-park-mei-ah-imax,,"3F, New Park, No.1, North Baishun Rd, Baiyun District",510080,Guangzhou,,CN,China,APAC,FALSE,FALSE,FALSE,23.24204,113.29884
Guangzhou Panyu Dashi Jinyi & IMAX,guangzhou-panyu-dashi-jinyi-imax,,"3F, Zone F, Jianhuahui Commercial Centre, Dashi Street, Panyu District",511400,Guangzhou,,CN,China,APAC,FALSE,FALSE,FALSE,23.02897,113.32231
Guangzhou Panyu Shawan Jinyi & IMAX,guangzhou-panyu-shawan-jinyi-imax,,"3F, Lee Garden, No.1502 West Ring Road, Shawan County, Panyu District",511400,Guangzhou,,CN,China,APAC,FALSE,FALSE,FALSE,22.92561,113.35280
Guangzhou Panyu Wanda & IMAX,guangzhou-panyu-wanda-imax,,4F East Hanxi Avenue No. 389 - Panyu District,510601,Guangzhou,,CN,China,APAC,TRUE,FALSE,FALSE,23.00593,113.34711
Guangzhou Paso Jinyi & IMAX,guangzhou-paso-jinyi-imax,,"L3-002, West Area, Paso Plaza, Tangle Rd, Baiyun District",510080,Guangzhou,,CN,China,APAC,FALSE,FALSE,FALSE,23.20095,113.26536
Guangzhou R&F Jinyi & IMAX,guangzhou-rf-jinyi-imax,,"703, Zone B,  R&F Plaza, No.180 Mid Jiangnan Ave, Haizhu District",510000,Guangzhou,,CN,China,APAC,TRUE,FALSE,FALSE,23.10266,113.28012
Guangzhou Sun City Jinyi & IMAX,guangzhou-sun-city-jinyi-imax,,"Sun City Plaza, No.1811 North Guangzhou Avenue, Baiyun District",510510,Guangzhou,,CN,China,APAC,FALSE,FALSE,FALSE,23.19332,113.33404
Guangzhou Tianhe Vanke Mall Wanda & IMAX,guangzhou-tianhe-vanke-mall-wanda-imax,,"4F, Tianhe Vanke Mall, Huaguan Rd, Tianhe District",510000,Guangzhou,,CN,China,APAC,FALSE,FALSE,FALSE,23.17339,113.41093
Guangzhou Wanda & IMAX,guangzhou-wanda-imax,,"3F, No. 503, Yuncheng East Road, Wanda Plaza, Baiyun District",510420,Guangzhou,,CN,China,APAC,FALSE,FALSE,FALSE,23.12837,113.26340
Guangzhou Wanshengwei Wanda & IMAX,guangzhou-wanshengwei-wanda-imax,,"5F, Wansheng Plaza, No. 1236 East Xingang Road, Haizhu District",510000,Guangzhou,,CN,China,APAC,FALSE,FALSE,FALSE,23.10375,113.38972
Guangzhou Xintang Wanda & IMAX,guangzhou-xintang-wanda-imax,,"4F, Wanda Plaza, No.9, Xinfu Rd, Xintang Town, Zengcheng District ",511300,Guangzhou,,CN,China,APAC,FALSE,FALSE,FALSE,23.15833,113.62388
Guangzhou Zengcheng Wanda & IMAX,guangzhou-zengcheng-wanda-imax,,"4/5th Fl, 69 Zhencheng Ave., Licheng Rd",511300,Guangzhou,,CN,China,APAC,FALSE,FALSE,FALSE,23.27577,113.81512
Luogang Wanda & IMAX,luogang-wanda-imax,,Luogang Wanda Plaza - Kefeng Road No.89 - Luogang District,510000,Guangzhou,,CN,China,APAC,FALSE,FALSE,FALSE,23.17514,113.47379
UA Cinemas MoW & IMAX,ua-cinemas-mow-imax,,Shop 1130 - Huacheng Square - 89 Huacheng Avenue - Tianhe District,510623,Guangzhou,,CN,China,APAC,FALSE,FALSE,FALSE,23.12385,113.32453
Guangzhou Aeon Mall CGV & IMAX,guangzhou-aeon-mall-cgv-imax,CGV,"L4, CGV Cinema, Aeon Mall, No.1 Yayun Avenue, Panyu District",510000,"Guangzhou, Guangdong",,CN,China,APAC,TRUE,FALSE,FALSE,22.93860,113.44080
Guangzhou Cinda Jinmao Plaza Hoyts & IMAX,guangzhou-cinda-jinmao-plaza-hoyts-imax,,"L4, Cinda Jinmao Plaza, No. 980 Guangzhou Avenue North, Tianhe District",510000,"Guangzhou, Guangdong",,CN,China,APAC,TRUE,FALSE,FALSE,23.17120,113.31890
Guangzhou Easyhome Jinyi & IMAX,guangzhou-easyhome-jinyi-imax,,"5F-501, Easyhome, No. 823, East Huangpu Avenue, Tianhe District",510660,"Guangzhou, Guangdong",,CN,China,APAC,FALSE,FALSE,FALSE,23.10507,113.41339
Guangzhou Huangpu Nangang Wanda & IMAX,guangzhou-huangpu-nangang-wanda-imax,,"4F-A, Nangang Wanda Plaza, No.16, Kangfu Road, Huangpu District ",510700,"Guangzhou, Guangdong",,CN,China,APAC,FALSE,FALSE,FALSE,23.16961,113.46651
Guangzhou Oriental International Plaza & IMAX,guangzhou-oriental-international-plaza-imax,,"4F, Oriental International Plaza, No. 299, Middle Huangpu Avenue, Tianhe District",510665,"Guangzhou, Guangdong",,CN,China,APAC,FALSE,FALSE,FALSE,23.11940,113.37750
Guangzhou Rock Square Flying & IMAX,guangzhou-rock-square-flying-imax,,Rock Square No.106-108 North Industry Avenue Haizhu District,510220,"Guangzhou, Guangdong",,CN,China,APAC,TRUE,FALSE,FALSE,23.08923,113.25972
Guangzhou Yue City CGV & IMAX,guangzhou-yue-city-cgv-imax,CGV,"4F, Yue City, Xi Wan Road, Liwan District",510160,"Guangzhou, Guangdong",,CN,China,APAC,FALSE,FALSE,FALSE,23.14510,113.24250
Guangzhou Meilin Jinyi & IMAX,guangzhou-meilin-jinyi-imax,,"Meilin M· LIVE World Phase II F4 No.020, Huangpu Ave. East No. 657, Tianhe District",510815,"Guangzhou, Guangdong Province",,CN,China,APAC,FALSE,FALSE,FALSE,23.10520,113.41590
Guangzhou Tianhe ICC Huanmao Tiandi Hoyts & IMAX,guangzhou-tianhe-icc-huanmao-tiandi-hoyts-imax,,"5th floor, ICC Huanmao Tiandi Plaza, No.237 Tianhe North Road, Tianhe District",510623,"Guangzhou, Guangdong Province",,CN,China,APAC,FALSE,FALSE,FALSE,23.14150,113.33090
Guigang Wanda & IMAX,guigang-wanda-imax,,"3F, Wanda Plaza, Intersection of Xianyi Rd and Bushan Avenue, Gangbei District ",537100,Guigang,,CN,China,APAC,FALSE,FALSE,FALSE,23.12269,109.59033
Guilin Diecai Wanda & IMAX,guilin-diecai-wanda-imax,,"4F, Wanda Plaza , No.169 Binbei Road",541001,Guilin,,CN,China,APAC,FALSE,FALSE,FALSE,25.32113,110.32592
Guilin MixC & IMAX,guilin-mixc-imax,,"Shop L433, 4F, MixC, No.1 Hongling Road, Xiangshan District",541002,Guilin,,CN,China,APAC,TRUE,FALSE,FALSE,25.26846,110.27020
Guiyang Wanda & IMAX Guilin,guiyang-wanda-imax-guilin,,"5/6F, No. 43 East Chuangshan Rd, Qixin District",541000,Guilin,,CN,China,APAC,FALSE,FALSE,FALSE,25.24826,110.32786
Guilin Lingui Wanda Plaza Wanda & IMAX,guilin-lingui-wanda-plaza-wanda-imax,,"3F, Lingui Wanda Plaza, west of Xicheng Ave. & north of North Gongyuan Rd., Lingui District",541100,"Guilin, Guangxi",,CN,China,APAC,FALSE,FALSE,FALSE,25.24328,110.17764
Guiyang Guanshanhu Wanda & IMAX,guiyang-guanshanhu-wanda-imax,,"3-4F, Wanda Plaza, Intersection of South Yuntan Rd and West Guanshan Rd, Guanshanhu District",55081,Guiyang,,CN,China,APAC,FALSE,FALSE,FALSE,26.63846,106.61566
Guiyang Huaxi Lumiere & IMAX,guiyang-huaxi-lumiere-imax,,"Shop 201, Building S12, Huaxi Vanke Living Center, Phase 1 Guiyang Vanke Metropolitan Business, No. 666 Tianyuan Road, Huaxi District",550025,Guiyang,,CN,China,APAC,FALSE,FALSE,FALSE,26.50969,106.65821
Guiyang The Future Ark Cross & IMAX,guiyang-future-ark-cross-imax,,"F2, The Future Ark Cross, Yunyan District, Guizhou ",550004,Guiyang,,CN,China,APAC,FALSE,FALSE,FALSE,26.60651,106.76047
Guiyang Wanda & IMAX,guiyang-wanda-imax,,"Zhongda Plaza, No.187 Guiwu North Rd., Dayingpo, Yunyan District",550001,Guiyang,,CN,China,APAC,FALSE,FALSE,FALSE,26.59671,106.71610
Guiyang Yunyan Wanda & IMAX,guiyang-yunyan-wanda-imax,,"4F-A, Yunyan Wanda Plaza, No. 302 South Xintian Avenue, Yunyan District",550023,Guiyang,,CN,China,APAC,FALSE,FALSE,FALSE,26.60888,106.72803
Guiyang Zhongda Wanda & IMAX,guiyang-zhongda-wanda-imax,,"3F, Zhongda Shopping Mall, North Guiwu Rd, Yunyan District",550000,Guiyang,,CN,China,APAC,TRUE,FALSE,FALSE,26.60366,106.72170
Guiyang Incity CGV & IMAX,guiyang-incity-cgv-imax,CGV,"4F, Incity, Yunyan District",550001,"Guiyang, Guizhou",,CN,China,APAC,FALSE,FALSE,FALSE,26.63586,106.64737
Guiyang THE ONE Bona & IMAX,guiyang-one-bona-imax,,"8F, THE One Plaza, No. 2 Mid Zhong Shan Road, Yunyan District ",550002,"Guiyang, Guizhou",,CN,China,APAC,FALSE,FALSE,FALSE,26.56700,106.66790
Guiyang Yunyan Red Star Wanda & IMAX,guiyang-yunyan-red-star-wanda-imax,,"No. 1-8, Podium Building, Phase II of Red Star Lier Plaza and Red Star Macalline Global Home Life Plaza, No. 66 Beijing West Road, Yunyan District",550000,"Guiyang, Guizhou Province",,CN,China,APAC,FALSE,FALSE,FALSE,26.59260,106.65770
Haikou Bestar & IMAX,haikou-bestar-imax,,"Intersection of Yingbin Avenue and Yehai Avenue, Longhua District",570100,Haikou,,CN,China,APAC,FALSE,FALSE,FALSE,19.98332,110.34829
Haikou Cimen Zose & IMAX,haikou-cimen-zose-imax,,"6F, A Zone, No.8 Xueyuan Road",571199,Haikou,,CN,China,APAC,FALSE,FALSE,FALSE,19.98274,110.33872
Haikou Guomao CGV & IMAX,haikou-guomao-cgv-imax,CGV,"8F, Youyi Plaza, No.2 Jinlong Road",570100,Haikou,,CN,China,APAC,FALSE,FALSE,FALSE,20.02933,110.33114
Haikou HNA MOVA Wanda & IMAX,haikou-hna-mova-wanda-imax,,"4-5F, No.2 MOVA Mall, Guoxing Avenue, Qiongshan District",571100,Haikou,,CN,China,APAC,FALSE,FALSE,FALSE,20.02119,110.35497
Haikou Starbay Jinyi & IMAX,haikou-starbay-jinyi-imax,,"3F, A Zone, Xinbudao Starbay, Meilan District",571209,Haikou,,CN,China,APAC,FALSE,FALSE,FALSE,20.07267,110.36357
Haikou Xiuying Wanda & IMAX,haikou-xiuying-wanda-imax,,"Wanda Plaza, Cross of Baishuitang Road and Haiyu Middle Road, Xiuying District",570100,Haikou,,CN,China,APAC,FALSE,FALSE,FALSE,19.98616,110.28651
Haikou Zose & IMAX,haikou-zose-imax,,"2nd Fl, Guoxiu Plaza, No.68 Guoxing Avenue",570105,Haikou,,CN,China,APAC,TRUE,FALSE,FALSE,20.01669,110.35959
Handan Cuigong CGV  & IMAX,handan-cuigong-cgv-imax,CGV,"5F, Global Center Meile City, No. 456 East Renmin Road, Congtai District",56000,Handan,,CN,China,APAC,FALSE,FALSE,FALSE,36.61330,114.52979
Handan Wanda & IMAX,handan-wanda-imax,,"4th Floor, Wanda Plaza, SW Corner Lingyuan Road & Fuhe South Street",56000,"Handan City, Hebei",,CN,China,APAC,FALSE,FALSE,FALSE,36.59711,114.50720
Hangzhou Binjiang Cinyo & IMAX,hangzhou-binjiang-cinyo-imax,,"5F, Shimao Plaza, No.857 Xincheng Road, Binjiang District",310000,Hangzhou,,CN,China,APAC,FALSE,FALSE,FALSE,30.20035,120.17643
Hangzhou Binjiang Longfor CGV & IMAX,hangzhou-binjiang-longfor-cgv-imax,CGV,"4-5F, Longfor Paradise Walk, No.1515, Jianghan Road, Binjiang District",310051,Hangzhou,,CN,China,APAC,FALSE,FALSE,FALSE,30.19899,120.20605
Hangzhou Chongxian Shangyi Plaza & IMAX,hangzhou-chongxian-shangyi-plaza-imax,,"4F, Shangyi Plaza, Chongxian St, Yuhang District",311100,Hangzhou,,CN,China,APAC,FALSE,FALSE,FALSE,30.38730,120.16972
Hangzhou Dingqiao Longfor Bona & IMAX,hangzhou-dingqiao-longfor-bona-imax,,"5th Fl., Longfor Paradise Walk, 515 Dingcheng Road, Shangcheng District",310018,Hangzhou,,CN,China,APAC,FALSE,FALSE,FALSE,30.34710,120.22000
Hangzhou Life Hub SFC & IMAX,hangzhou-life-hub-sfc-imax,,"6F, East Area, No. 501 Yingbin Rd, Yuhang District",311199,Hangzhou,,CN,China,APAC,FALSE,FALSE,FALSE,30.39996,120.30971
Hangzhou Linping Bona & IMAX,hangzhou-linping-bona-imax,,"4F, Intime City, No. 1 West Century Avenue, Linping Nanyuan Street, Yuhang District",311199,Hangzhou,,CN,China,APAC,FALSE,FALSE,FALSE,30.41108,120.30944
Hangzhou Wanda & IMAX,hangzhou-wanda-imax,,"4th Fl, Wanda Plaza, No.666 Hangxing Road",310000,Hangzhou,,CN,China,APAC,FALSE,FALSE,FALSE,30.33554,120.12474
Hangzhou Wanda Crystal City & IMAX,hangzhou-wanda-crystal-city-imax,,"7th Floor, Crystal City, No.458 Shangtang Road, Xiacheng District",310000,Hangzhou,,CN,China,APAC,FALSE,FALSE,FALSE,30.31047,120.15820
Hangzhou West Lake Cultural Square & IMAX,hangzhou-xinyo-international-cineplex-imax,,"No.8, Sector C, West Lake Cultural Square, No.581, North Zhongshan Rd, Xiacheng District",310006,Hangzhou,,CN,China,APAC,TRUE,FALSE,FALSE,30.26180,120.16920
Hangzhou Wuzhou Jiaying & IMAX,hangzhou-wuzhou-jiaying-imax,,"2F, Gudun Road, Wuzhou Int'l Shopping Mall",310012,Hangzhou,,CN,China,APAC,FALSE,FALSE,FALSE,30.30059,120.10418
Hangzhou Xiasha Longfor SFC & IMAX,hangzhou-xiasha-longfor-sfc-imax,,"5th Fl, No.560 Jinsha Street, Jinsha Street Commercial Center",310018,Hangzhou,,CN,China,APAC,FALSE,FALSE,FALSE,30.31584,120.33274
Hangzhou Xilian Jinyi & IMAX,hangzhou-xilian-jinyi-imax,,"4/5F, Intersection of Dongxin Rd. and Xiwen St., Xiacheng District",310000,Hangzhou,,CN,China,APAC,FALSE,FALSE,FALSE,30.32190,120.18018
Hangzhou Xintiandi Cinyo & IMAX,hangzhou-xintiandi-cinyo-imax,,"1-4 F, No.79 Xinbei St , Xiacheng District",310006,Hangzhou,,CN,China,APAC,FALSE,FALSE,FALSE,30.33121,120.18816
Hangzhou Xitou Intime Hengdian & IMAX,hangzhou-xitou-intime-hengdian-and-imax,,"5F, Intime Department Store, No.9, West Fenghua Road , Zhuantang Street, Xihu District",310000,Hangzhou,Zhejiang Province,CN,China,APAC,TRUE,FALSE,FALSE,30.14670,120.10200
Hangzhou Xixi Bona & IMAX,hangzhou-xixi-bona-imax,,"3F,Building A, Intime City, Chongren Road",310000,Hangzhou,,CN,China,APAC,FALSE,FALSE,FALSE,30.29882,120.08166
Hangzhou Xixi Sinake & IMAX,hangzhou-xixi-sinake-imax,,"Room 505, No.421 Wuchang Avenue, Xianlin Street, Yuhang District",311100,Hangzhou,,CN,China,APAC,FALSE,FALSE,FALSE,30.24759,120.01937
Hangzhou Yunhe CGV & IMAX,hangzhou-yunhe-cgv-imax,CGV,"5F, The Grand Canal Place, No.58 Lishui Road, Gongshu District",310000,Hangzhou,,CN,China,APAC,FALSE,FALSE,FALSE,30.31081,120.14988
Xiaoshan Yinlong Tonight & IMAX,xiaoshan-yinlong-tonight-imax,,"4th Floor, Wangjiao Plaza, No.123 Shizhongxin Road, Xiaoshan District",310000,Hangzhou,,CN,China,APAC,FALSE,FALSE,FALSE,30.17671,120.27291
Hangzhou Xiaoshan Intime Hengdian & IMAX,hangzhou-xiaoshan-intime-hengdian-and-imax,,"Room 501, Intime Department Store, Tonghui South Road No. 667, Xintang Street, Xiaoshan District",311200,Hangzhou City,Zhejiang Province,CN,China,APAC,TRUE,FALSE,FALSE,30.14390,120.28530
Hangzhou Heart of China Jinyi & IMAX,hangzhou-heart-china-jinyi-imax,,"4F, Wetown Plaza, 2499 Yuhang Tang Road, Yuhang District",311100,"Hangzhou, Zhejiang",,CN,China,APAC,FALSE,FALSE,FALSE,30.29560,120.05940
Hangzhou City Garden Omnijoi & IMAX,hangzhou-city-garden-omnijoi-imax,,"4th floor, Qibao Garden City, No.583 Jiuhe Road, Shangcheng District",310009,"Hangzhou, Zhejiang Province",,CN,China,APAC,FALSE,FALSE,FALSE,30.30370,120.24920
Hangzhou MixC & IMAX,hangzhou-mixc-imax,,"5F, MixC Mall, Hangzhou, Zhejiang Province, No. 701 Fuchun Road, Jianggan District",618099,"Hangzhou, Zhejiang Province",,CN,China,APAC,TRUE,FALSE,FALSE,30.25330,120.21100
Harbin Central Street Wanda & IMAX,harbin-central-street-wanda-imax,,"3F, No.232, Central Avenue, Wanda Plaza, Daoli District",,Harbin,,CN,China,APAC,FALSE,FALSE,FALSE,45.77967,126.61703
Harbin Exhibition Center CGV & IMAX,harbin-exhibition-center-cgv-imax,CGV,"No.115 Huanghe Rd., Nangang District",150000,Harbin,,CN,China,APAC,FALSE,FALSE,FALSE,45.76301,126.70978
Harbin Hengshan Wanda & IMAX,harbin-hengshan-wanda-imax,,"4F, No.17-1, Hengshan Road, Wanda Plaza, Xiangfang District",150090,Harbin,,CN,China,APAC,TRUE,FALSE,FALSE,45.73940,126.67760
Harbin MixC & IMAX,harbin-mixc-imax,,"3F, The MixC, No.555 Shimao Avenue, Songbei District",150028,Harbin,,CN,China,APAC,TRUE,FALSE,FALSE,45.80473,126.51343
Harbin Songlei Plaza Wanda & IMAX,harbin-songlei-plaza-wanda-imax,,"7, 8F, Songlei Plaza, No.329,Dongda Street",150007,Harbin,,CN,China,APAC,FALSE,FALSE,FALSE,45.76495,126.65074
Harbin Tai Lai Era & IMAX,harbin-tai-lai-era-imax,,"5F, Eontime, No.55 Xiangfu Rd., Xiangfang District",150038,Harbin,,CN,China,APAC,TRUE,FALSE,FALSE,45.71467,126.75927
Harbin Wanda Mall & IMAX,harbin-wanda-mall-imax,,"3F, Wanda Mall, No.99 Shimao Avenue, Songbei District",150000,Harbin,,CN,China,APAC,FALSE,FALSE,FALSE,45.80896,126.51180
Haxi Wanda Plaza IMAX,haxi-wanda-plaza-imax,,"3rd Fl, No.168 Zhongxing Ave, Haxi Area, Nangang District",150056,Harbin,,CN,China,APAC,TRUE,FALSE,FALSE,45.70082,126.59370
"IMAX, Heilongjiang Science & Technology Center",imax-heilongjiang-science-technology-center,,"No.1, Shangwu Road, Sun Island Scenic District",150018,Harbin,,CN,China,APAC,FALSE,FALSE,FALSE,45.77469,126.57036
Wuchang Golden Street Times Square Wanda  & IMAX,wuchang-golden-street-times-square-wanda-imax,,"L3, Golden Street Times Square, North of Kuihua Avenue, West of Yunshu Road, Wuchang",150299,Harbin,,CN,China,APAC,FALSE,FALSE,FALSE,44.91949,127.17124
Harbin Hope Galleria Jinyi & IMAX,harbin-hope-galleria-jinyi-imax,,"Room 1, Floor 2, Hope Galleria, No. 168, Limin West 6th Avenue, Hulan District",105500,"Harbin, Heilongjiang",,CN,China,APAC,FALSE,FALSE,FALSE,45.87960,126.51672
Harbin Intime City Bona & IMAX,harbin-intime-city-bona-imax,,"5F, Intime City, No. 2399 Qunli Avenue, Daoli District",150000,"Harbin, Heilongjiang",,CN,China,APAC,FALSE,FALSE,FALSE,45.73850,126.55000
Hebi Wanda & IMAX,hebi-wanda-imax,,"3F, Wanda Plaza, Intersection of South Huaxia Rd and Minjiang Rd, Qibin District",458030,Hebi,,CN,China,APAC,FALSE,FALSE,FALSE,35.71713,114.30427
Hefei Baolifeng Wanda & IMAX,hefei-baolifeng-wanda-imax,,"6F,Melo City, BaoLi & Fung Plaza , No.838 Huizhou Avenue",230000,Hefei,,CN,China,APAC,FALSE,FALSE,FALSE,31.84105,117.29271
Hefei Chaohu Wanda & IMAX,hefei-chaohu-wanda-imax,,"4F, Wanda Plaza, Dongtang Rd, Chaohu",238007,Hefei,,CN,China,APAC,FALSE,FALSE,FALSE,31.61625,117.89081
Hefei MixC Emperor UA & IMAX,hefei-mixc-emperor-ua-imax,,"5F, Xiyou Rd, Intime City, Zhengwu District",230000,Hefei,,CN,China,APAC,FALSE,FALSE,FALSE,31.80523,117.23820
Hefei Swan Lake Wanda & IMAX,hefei-swan-lake-wanda-imax,,"4F, Wanda Plaza, No.3818 2nd Ring S, Zhengwu District",230071,Hefei,,CN,China,APAC,TRUE,FALSE,FALSE,31.81914,177.22229
Hefei Vanke Mall Wanda & IMAX,hefei-vanke-mall-wanda-imax,,"3F, Vanke Mall, North-west corner, Intersection of Guzhen Road and Silihe Road, Luyang District ",230000,Hefei,,CN,China,APAC,FALSE,FALSE,FALSE,31.89150,117.23584
Hefei Wanda Mall & IMAX,hefei-wanda-mall-imax,,"3F, Wanda Mall, No.800 Luzhou Avenue, Binhu New District",230000,Hefei,,CN,China,APAC,FALSE,FALSE,FALSE,31.71082,117.31038
Hefei Wanda Plaza IMAX,hefei-wanda-plaza-imax,,"4F Entertainment Building, Wanda Plaza , Baohe District",230011,Hefei,,CN,China,APAC,FALSE,FALSE,FALSE,31.79536,117.30516
Hefei Wulishan HBC & IMAX,hefei-wulishan-hbc-imax,,"4F, Zone A, Wulishan Shopping Mall, Cross of Wulishan Road and Fushu Road, Xinzhan District",340105,Hefei,,CN,China,APAC,FALSE,FALSE,FALSE,31.90405,117.32630
Hefei Yaohai Wanda & IMAX,hefei-yaohai-wanda-imax,,"4F, Wanda Plaza, East Linquan Road, Yaohai District",230001,Hefei,,CN,China,APAC,FALSE,FALSE,FALSE,31.88192,117.35767
Hefei Beicheng Wanda & IMAX,hefei-beicheng-wanda-imax,,4F Wanda Plaza Intersection of North Fuyang Road and Jinfeng Road Changfeng County,231100,"Hefei, Anhui",,CN,China,APAC,FALSE,FALSE,FALSE,31.96975,117.26130
Hefei High-Tech Longfor Paradise Walk Xingguangjiaying & IMAX,hefei-high-tech-longfor-paradise-walk-xingguangjiaying-and-imax,,"A-5F-Z01, High-Tech Longfor Paradise Walk, No.388 Wanshui Road, Gaoxin District ",230000,"Hefei, Anhui",,CN,China,APAC,TRUE,FALSE,FALSE,30.63040,116.60240
Hefei Yaohai Bona & IMAX,hefei-yaohai-bona-imax,,"5F-Z02, 1F, Paradise Walk, Intersection of East Changjiang Road and Wanggang Road, Yaohai District",230011,"Hefei, Anhui",,CN,China,APAC,FALSE,FALSE,FALSE,31.87140,117.38927
Hefei Rsun Plaza & IMAX,hefei-rsun-plaza-imax,,"5F, Rsun Plaza, 478 Changjiang West Rd, Shushan District",230031,"Hefei, Anhui Province",,CN,China,APAC,FALSE,FALSE,FALSE,31.85150,117.23670
Hengyang Better Life Jinyi & IMAX,hengyang-better-life-jinyi-imax,,"4F, No. 21 Jiefang Avenue, Gaoxin District ",421000,Hengyang,,CN,China,APAC,FALSE,FALSE,FALSE,26.89884,112.57319
Hengyang Wanda & IMAX,hengyang-wanda-imax,,"4F,Wanda Plaza, No.13 Xingfu Road ",421099,Hengyang,,CN,China,APAC,FALSE,FALSE,FALSE,26.88864,112.59789
Heze Wanda & IMAX,heze-wanda-imax,,"4F, Wanda Plaza, Cross of Changjiang Rd & Yucai Rd, Mudan District",274009,Heze,,CN,China,APAC,FALSE,FALSE,FALSE,35.23071,115.48101
Hohhot East Xinhua Road Wanda & IMAX,hohhot-east-xinhua-road-wanda-imax,,"4F, No.26, Xinhua Avenue,  Wanda Plaza, Saihan District",10020,Hohhot,,CN,China,APAC,TRUE,FALSE,FALSE,40.83669,111.73536
Huhhot Xiyue Wanda & IMAX,huhhot-xiyue-wanda-imax,,"4F, Xiyue Plaza , SW Cross Xing`an N.Rd & N.2nd Ring Rd , Xincheng District",10000,Hohhot,,CN,China,APAC,FALSE,FALSE,FALSE,40.87021,111.69917
Hohhot CapitaLand Wanda & IMAX,hohhot-capitaland-wanda-imax,,"6F, CapitaLand Plaza, Ordos Avenue, Yuquan District",10020,"Hohhot, Inner Mongolia",,CN,China,APAC,FALSE,FALSE,FALSE,40.75370,111.67390
Huai'an Wanda & IMAX,huaian-wanda-imax,,"3F, No.169, Xiangyu Avenue, Wanda Plaza, Qinghe District",223001,Huai'an,,CN,China,APAC,TRUE,FALSE,FALSE,33.59923,119.04640
Huai'an Huaxin Huayang City Omnijoi & IMAX,huaian-huaxin-huayang-city-omnijoi-imax,,"L6, Huaxin Huayang City Ph2, Qingjiangpu District",223001,"Huaian, Jiangsu Province",,CN,China,APAC,FALSE,FALSE,FALSE,33.59910,119.02750
Huaibai Wanda & IMAX,huaibai-wanda-imax-0,,"3F, Huaibei Wanda Plaza, Cross of Nanhu Rd & Hengtan Rd, Xiangshan District",235099,Huaibei,,CN,China,APAC,FALSE,FALSE,FALSE,33.96933,116.82820
Huainan Injoy Bestar & IMAX,huainan-injoy-bestar-imax,,"A, 4F, No. 8 East Dongshan Rd, Tianjia’an District ",232001,Huainan,,CN,China,APAC,FALSE,FALSE,FALSE,32.63415,117.01580
Huainan Wanda & IMAX,huainan-wanda-imax,,"4F, Building 6, No. 68 Middle Guoqing Rd, Tianjiaan District",232007,Huainan,,CN,China,APAC,FALSE,FALSE,FALSE,32.65726,117.03822
Huai'an Dragon Will Plaza Wanda & IMAX,huaian-dragon-will-plaza-wanda-imax,,"3F, Dragon Will Commercial Plaza, No.801 Xiangyu South Road",223200,Huan'an,,CN,China,APAC,FALSE,FALSE,FALSE,33.54343,119.13124
Huanggang Wanda & IMAX,huanggang-wanda-imax,,"4F, Wanda Plaza, Cross of Chibi Ave. & Chibi Second Rd, Huangzhou District",438000,Huanggang,,CN,China,APAC,FALSE,FALSE,FALSE,30.46571,114.91166
Huangshi Wanda & IMAX,huangshi-wanda-imax-0,,"4th floor, Huahu Avenue No.30, Huangshigang District",435000,Huangshi,,CN,China,APAC,FALSE,FALSE,FALSE,30.25055,115.06900
Huizhou Dayawan Wanda & IMAX,huizhou-dayawan-wanda-imax,,"4F, Wanda Plaza , Longshan 8th Road",516200,Huizhou,,CN,China,APAC,FALSE,FALSE,FALSE,23.73300,114.26357
Huizhou GH New World Center Wanda & IMAX,huizhou-gh-new-world-center-wanda-and-imax,,"4th Floor, Phase 3, Yanda Road, Huicheng District",516001,Huizhou,Guangdong Province,CN,China,APAC,TRUE,FALSE,FALSE,23.06870,114.41650
Huizhou Kaishi & IMAX,huizhou-kaishi-imax,,"4th fl., Kaisa Plaza, No. 11 Huizhou Ave, Huichen District",516003,Huizhou,,CN,China,APAC,FALSE,FALSE,FALSE,23.08382,114.38296
Huizhou Longsheng Wanda & IMAX,huizhou-longsheng-wanda-imax,,"4F, No. 7 Yanda Ave, Huicheng District",516007,"Huizhou, Guangdong Province",,CN,China,APAC,FALSE,FALSE,FALSE,23.06880,114.41620
Huzhou Wanda & IMAX,huzhou-wanda-imax,,"4F, Wanda Plaza, No.899 Dasheng Road, Wuxing District",313000,Huzhou,,CN,China,APAC,FALSE,FALSE,FALSE,30.86575,120.14769
Jiamusi Wanda & IMAX,jiamusi-wanda-imax,,"No. 1081 West Guangfu Rd, Xiangyang District",154002,Jiamusi,,CN,China,APAC,FALSE,FALSE,FALSE,46.81340,130.37202
Ji'an Jinxin Red Jinyi & IMAX,jian-jinxin-red-jinyi-imax,,"4F, Jinxin Red Mall, Qingyuan District",343009,Ji'An,,CN,China,APAC,FALSE,FALSE,FALSE,27.08200,115.01480
Jiangmen Xinhui Wanda & IMAX,jiangmen-xinhui-wanda-imax,,"4F-A, Entertainment Building, No 2 Huichengqichao Ave, Xinhui District",529100,Jiangmen,,CN,China,APAC,FALSE,FALSE,FALSE,22.51211,113.05300
Jiangyin Meijia City Jinyi & IMAX,jiangyin-meijia-city-jinyi-imax,,"4F, Meijia City , No.29 Yingui Road",214422,Jiangyin,,CN,China,APAC,FALSE,FALSE,FALSE,31.89316,120.33974
Jiangyin Nanmen Impression Omnijoi & IMAX,jiangyin-nanmen-impression-omnijoi-imax,,"5F, Nanmen Impression Shopping Center, No. 178 Huancheng South Road, Chengjiang Street",214400,Jiangyin,,CN,China,APAC,FALSE,FALSE,FALSE,31.89902,120.27267
Jiangyin Wanda IMAX,jiangyin-wanda-imax,,"4F, Wanda Plaza, No.281 Renmin Rd West  ",214433,Jiangyin,,CN,China,APAC,FALSE,FALSE,FALSE,31.89934,120.24335
Jianyang Xuhai Wanda & IMAX,jianyang-xuhai-wanda-imax,,"4F, Xuhai Plaza, South Xiongzhou Avenue, Hedong Xin District",641400,Jianyang,,CN,China,APAC,FALSE,FALSE,FALSE,30.41312,104.54819
Jiaozuo Wanda & IMAX,jiaozuo-wanda-imax,,"4F, Wanda Plaza, No.988 South Minzhu Road, Jiefang District",454150,Jiaozuo,,CN,China,APAC,FALSE,FALSE,FALSE,35.21172,113.24514
Jiaxing Haining Saga & IMAX,jiaxing-haining-saga-imax,,"5F, Aegean Shopping Mall, People Square, No.85 Gongren Road, Haining",314400,Jiaxing,,CN,China,APAC,FALSE,FALSE,FALSE,30.74166,120.80507
Jiaxing Tongxiang Bestar & IMAX,jiaxing-tongxiang-bestar-imax,,"4F, InJoy Plaza, Cross of East Zhenxing Rd and Yuanming Rd, Zhendong District, Tongxiang",314500,Jiaxing,,CN,China,APAC,FALSE,FALSE,FALSE,30.63459,120.59554
Jiaxing Wanda & IMAX,jiaxing-wanda-imax,,"4th floor, Wanda Plaza, No.1108 of Guangyi Road, Nanhu District",314100,Jiaxing,,CN,China,APAC,FALSE,FALSE,FALSE,30.74166,120.80507
Jieyang Rongcheng Wanda & IMAX,jieyang-rongcheng-wanda-imax,,"4F, Wanda Plaza, South Linjiang Road, Rongcheng District",522000,"Jieyang, Guangdon Province",,CN,China,APAC,FALSE,FALSE,FALSE,23.56110,116.37230
Jilin Changyi Wanda & IMAX,jilin-changyi-wanda-imax,,"4F, Wanda Plaza, No.518,Jilin Avenue",132000,Jilin,,CN,China,APAC,FALSE,FALSE,FALSE,43.89227,126.56901
Jilin Huaye Wanda & IMAX,jilin-huaye-wanda-imax,,"6th floor, Huaye International City, Building No.199 Nenjiang Street,  Changyi District",132001,Jilin,,CN,China,APAC,FALSE,FALSE,FALSE,43.86374,126.58759
Jilin Ouya Wanda & IMAX,jilin-ouya-wanda-imax,,"4th Floor, Jilin OUYA Commercial Capital, Jilin Street No. 1-2, Fengman Distrct",132001,Jilin,,CN,China,APAC,FALSE,FALSE,FALSE,43.83857,126.56732
Ji Nan Wanda Place & IMAX,ji-nan-wanda-place-imax,,"5F, No.5, Jingsi Road, Wanda Plaza, Shizhong District",250000,Jinan,,CN,China,APAC,FALSE,FALSE,FALSE,36.66452,117.01833
Jinan Central Plaza Omnijoi & IMAX,jinan-central-plaza-omnijoi-imax,,"4F, Central Plaza, Longding Ave, Lixia District",250000,Jinan,,CN,China,APAC,FALSE,FALSE,FALSE,36.65208,117.12764
Jinan Gaoxin Wanda & IMAX,jinan-gaoxin-wanda-imax,,"5F, Wanda Plaza, No. 57 South Gongye Rd. ",250000,Jinan,,CN,China,APAC,TRUE,FALSE,FALSE,36.69326,117.13694
Jinan Huilong Jinyi & IMAX,jinan-huilong-jinyi-imax,,"5F, Huilong Plaza, Huaneng Road, Licheng District",250100,Jinan,,CN,China,APAC,FALSE,FALSE,FALSE,36.69075,117.09858
Jinan Incity CGV & IMAX,jinan-incity-cgv-imax,CGV,"6F, Incity, Building 7, Julong Plaza, No.136 Huayuan Road, Licheng District",250100,Jinan,,CN,China,APAC,FALSE,FALSE,FALSE,36.68526,117.07240
Jinan Longfor West City Paradise Walk UME & IMAX,jinan-longfor-west-city-paradise-walk-ume-and-imax,,"5th Floor, Jinan Longfor West City Paradise Walk, Intersection of Jingshi Road & Lashan River East Road, Huaiyin District",254000,Jinan,Shandong Province,CN,China,APAC,TRUE,FALSE,FALSE,36.66870,117.17550
Jinan MixC & IMAX,jinan-mixc-imax,,"Shop L501, Mixc, No. 11111 Jingshi Road, Lixia District",250014,Jinan,,CN,China,APAC,TRUE,FALSE,FALSE,36.65172,116.97788
Shandong Science & Technology Museum,shandong-science-technology-museum,,"No. 2286, Rizhao Road, Huaiyin District",250022,"Jinan, Shandong Province",,CN,China,APAC,TRUE,FALSE,FALSE,36.66660,116.91180
Jingdezhen Mix Town Hengdian & IMAX,jingdezhen-mix-town-hengdian-and-imax,,"Mix Town, No. 28, Taoyang South Road, Zhushan District",333001,Jingdezhen,Jiangxi Province,CN,China,APAC,TRUE,FALSE,FALSE,29.29000,117.26000
Jingjiang In City CGV & IMAX,jingjiang-city-cgv-imax,CGV,"3rd Fl, Jingjiang In City, Chenyang Road",214527,"Jingjiang City, JiangsuProvince",,CN,China,APAC,TRUE,FALSE,FALSE,31.93800,120.49520
Jingmen Wanda & IMAX,jingmen-wanda-imax,,"4F, No.38 South Xiangshan Avenue, Zhanghe New District",448000,Jingmen,,CN,China,APAC,FALSE,FALSE,FALSE,30.98979,112.19308
Jingzhou Wanda & IMAX,jingzhou-wanda-imax,,4F Wanda Plaza - 239 Beijing West Road,434000,Jingzhou,,CN,China,APAC,FALSE,FALSE,FALSE,30.30858,112.24779
Jinhua City Mall Hengdian & IMAX,jinhua-city-mall-hengdian-and-imax,,"5th Floor, City Mall, No. 888, Li Yu Road, Sanjiang Street, Wucheng District",321017,Jinhua,Zhejiang,CN,China,APAC,TRUE,FALSE,FALSE,29.08110,119.64920
Jinhua Wanda & IMAX,jinhua-wanda-imax,,4F East Liyu Road No.366 - Jinhua Wanda Plaza - Jindong District,321000,Jinhua,,CN,China,APAC,FALSE,FALSE,FALSE,29.09009,119.67838
Jining Wanda & IMAX,jining-wanda-imax,,4F Taibaidong Road No. 55 - Jining Wanda Plaza - ShiZhong District,272000,Jining,,CN,China,APAC,FALSE,FALSE,FALSE,35.40808,116.60111
Jinjiang Injoy Bestar & IMAX,jinjiang-injoy-bestar-imax,,"5F, Injoy Plaza, Xiedu Road",362200,Jinjiang,,CN,China,APAC,FALSE,FALSE,FALSE,24.83884,118.60548
Jinjiang Wanda & IMAX,jinjiang-wanda-imax,,4F - Block 2 - Wanda Plaza - 888 Century Avenue,510623,Jinjiang,,CN,China,APAC,TRUE,FALSE,FALSE,24.77723,118.56636
Jinzhong Shanshan Outlets HBC & IMAX,jinzhong-shanshan-outlets-hbc-imax,,"3F, Shanshan Outlets Plaza, No.1055 Longhu Street",30606,Jinzhong,,CN,China,APAC,FALSE,FALSE,FALSE,37.72262,112.72461
Jinzhong Wanda & IMAX,jinzhong-wanda-imax,,"4F, Wanda Plaza, No.556 North Xinjian Road",30600,Jinzhong,,CN,China,APAC,FALSE,FALSE,FALSE,37.72427,112.74629
Jinzhou Wanda & IMAX,jinzhou-wanda-imax,,"4F, Wanda Plaza, No.21 Keji Road",121010,Jinzhou,,CN,China,APAC,FALSE,FALSE,FALSE,41.09596,121.13377
Jiujiang Wanda & IMAX,jiujiang-wanda-imax,,"4F, Wanda Plaza, No.666 Dehua Road, Lianxi District",332000,Jiujiang,,CN,China,APAC,FALSE,FALSE,FALSE,29.69856,116.02115
Jiujiang Liansheng Happy Town & IMAX,jiujiang-liansheng-happy-town-and-imax,,"4th Floor, Liansheng Happy Town, No. 9 Jingjiu Road, Xunyang District",332001,Jiujiang City,Jiangxi Province ,CN,China,APAC,TRUE,FALSE,FALSE,29.70180,115.97490
Jiuquan Wanda & IMAX,jiuquan-wanda-imax,,"4F,Wanda Plaza ,No.1 Kangfu West Road ",735000,Jiuquan,,CN,China,APAC,FALSE,FALSE,FALSE,39.73926,98.49308
Jixi Wanda & IMAX,jixi-wanda-imax,,"South Hebin Park, Xiangguang Rd., Jiguan District",158100,Jixi,,CN,China,APAC,FALSE,FALSE,FALSE,45.31081,130.99144
Kaifeng Wanda & IMAX,kaifeng-wanda-imax,,"4F, Wanda Plaza, No. 9 Zhengkai Ave., Longting District",475002,Kaifeng,,CN,China,APAC,FALSE,FALSE,FALSE,34.80703,114.27684
Kunming Broadway IMAX,kunming-broadway-imax,,"2F, 2F, Xinnan distr., Shuncheng Wangfujing Shopping Mall, Chongren Str., Wuhua distr.",650023,Kunming,,CN,China,APAC,TRUE,FALSE,FALSE,25.03472,102.70820
Kunming CGV & IMAX,kunming-cgv-imax,CGV,"5th Fl., Kunming Hailun Plaza, No. 3332 Guangfu Road, Guandu District",650000,Kunming,,CN,China,APAC,FALSE,FALSE,FALSE,24.97275,102.74878
Kunming Chenggong CGV & IMAX,kunming-chenggong-cgv-imax,CGV,"West end, South Caiyun Rd., Chenggong New District",650500,Kunming,,CN,China,APAC,FALSE,FALSE,FALSE,24.88442,102.83132
Kunming Living Mall Wanda & IMAX,kunming-living-mall-wanda-imax,,"Living Mall, No. 265 Bailong Road, Panlong District",650051,Kunming,,CN,China,APAC,FALSE,FALSE,FALSE,25.05312,102.74003
Kunming N.E.W. Mall Wanda & IMAX,kunming-new-mall-wanda-imax,,"6F, Block A1, N.E.W Mall, Dianchi Road, Xishan District ",650100,Kunming,,CN,China,APAC,FALSE,FALSE,FALSE,25.01031,102.68430
Kunming Panxing Dadu LLC & IMAX,kunming-panxing-dadu-llc-imax,,Intersection of North Caiyun Rd. and Erji Rd.,650000,Kunming,,CN,China,APAC,TRUE,FALSE,FALSE,24.97644,102.77373
Kunming Tongde Wanda & IMAX,kunming-tongde-wanda-imax,,6-7F Kunming Tongde Plaza - Intersection of Beijing Road & BaiYun Road - Panlong District,650224,Kunming,,CN,China,APAC,FALSE,FALSE,FALSE,25.06569,102.72336
Kunming West Life Times SFC &  IMAX,kunming-west-life-times-sfc-imax,,"5F, COHO Shopping Mall, West Life Times, Dianmian Avenue",650032,Kunming,,CN,China,APAC,FALSE,FALSE,FALSE,25.06900,102.66094
Kunming Xishan Wanda & IMAX,kunming-xishan-wanda-imax,,"4th floor, Wanda Plaza, Qianxing Road, Xishan District",650000,Kunming,,CN,China,APAC,TRUE,FALSE,FALSE,25.00354,102.71174
Kunshan Wanda & IMAX,kunshan-wanda-imax,,"4F, Wanda Plaza, No.238 North Qingyang Road, Zhoushi Town",215300,Kunshan,,CN,China,APAC,FALSE,FALSE,FALSE,31.41838,120.99754
Langfang Wanda & IMAX,langfang-wanda-imax,,4F Wanda Plaza - 50 Xinhua Road - Anyang District,,Langfang,,CN,China,APAC,TRUE,FALSE,FALSE,39.52233,116.70794
Langfang Yanjiao HBC & IMAX,langfang-yanjiao-hbc-imax,,"5F, South District, Skyocean Plaza, Hanwang Road",65201,Langfang,,CN,China,APAC,FALSE,FALSE,FALSE,39.97015,116.82853
Lanzhou Centre Space Station & IMAX,lanzhou-centre-space-station-imax,,"7F, Lanzhou Centre, No. 16, West Xijin Rd, Qilihe District",730050,Lanzhou,,CN,China,APAC,FALSE,FALSE,FALSE,36.07504,103.78136
Lanzhou Wanda & IMAX,lanzhou-wanda-imax,,4F No. 68 North Tianshui Road,730030,Lanzhou,,CN,China,APAC,FALSE,FALSE,FALSE,36.05872,103.85924
Lanzhou Wanda Mall & IMAX,lanzhou-wanda-mall-imax,,"L3, Gate No.1, Wanda Mall, No. 3499, Middle Nanbinhe Road, Qilihe District",730050,"Lanzhou, Gansu Province",,CN,China,APAC,FALSE,FALSE,FALSE,36.04250,103.87800
Lanzhou Overseas Wanda & IMAX,lanzhou-overseas-wanda-imax,,"4F, Wanda Cinema, Overseas Plaza, Anning District",730030,"Lanzhou, Ganzu",,CN,China,APAC,FALSE,FALSE,FALSE,36.10460,103.71910
Lasa Wanda & IMAX,lasa-wanda-imax,,"3F (East), Wanda Plaza, East Najin Road, Chengguan District",850000,"Lasa, Xizang",,CN,China,APAC,FALSE,FALSE,FALSE,29.65727,91.18683
Leshan Shihao Jinyi & IMAX,leshan-shihao-jinyi-imax,,"3F, Shihao Plaza, No.8 Hexiang Road, Shizhong District",614000,Leshan,,CN,China,APAC,FALSE,FALSE,FALSE,29.59984,103.72521
Leshan Wanda & IMAX,leshan-wanda-imax,,"4F, Wanda Plaza, No.662 Leqing Road, Shizhong District",614000,Leshan,,CN,China,APAC,FALSE,FALSE,FALSE,29.62498,103.74361
Wanda Lhasa Tianhai International Square & IMAX,wanda-lhasa-tianhai-international-square-imax,,"3rd floor, Tianhai International Square, No. 6 Tianhai Rd, Chengguan District",850000,Lhasa,,CN,China,APAC,FALSE,FALSE,FALSE,29.65800,91.10350
Lianyungang Bestar & IMAX,lianyungang-bestar-imax,,"2F, No.17 Shihua Road, Haizhou District",222000,Lianyungang,,CN,China,APAC,FALSE,FALSE,FALSE,34.61171,119.18623
Lianyungang Wanda & IMAX,lianyungang-wanda-imax,,"4F, Wanda Plaza, No.7 East Lingzhou Road, Haizhou District",222000,Lianyungang,,CN,China,APAC,FALSE,FALSE,FALSE,34.51435,119.17127
Liaoyang Wanda & IMAX,liaoyang-wanda-imax,,"3F, Wanda Plaza, No.333 Xinyun Street",111000,Liaoyang,,CN,China,APAC,FALSE,FALSE,FALSE,41.26514,123.21535
Linyi Taisheng Plaza CGV & IMAX,linyi-taisheng-plaza-cgv-imax,CGV,"6F, Taisheng Plaza, No. 189, Jiefang Rd, Lanshan District",276006,Linyi,,CN,China,APAC,FALSE,FALSE,FALSE,35.07324,118.33752
Linyi Binhe Wanda & IMAX,linyi-binhe-wanda-imax,,"4F, Wanda Plaza, Lanshan District",276000,"Linyi, Shangdong Province",,CN,China,APAC,FALSE,FALSE,FALSE,35.06710,118.31300
Zhejiang Wandi & IMAX,zhejiang-wandi-imax,,4F Wandi Square - Huyuan Road - Liandu District,323000,Lishui,,CN,China,APAC,FALSE,FALSE,FALSE,28.46799,119.93043
Liupanshui Wanda & IMAX,liupanshui-wanda-imax,,"2F, 3F, Wanda Plaza, Northwest of the crossroads of Biyun Road and Qilin Road",553000,Liupanshui,,CN,China,APAC,FALSE,FALSE,FALSE,26.58183,104.86543
Liuzhou Chengzhong Wanda & IMAX,liuzhou-chengzhong-wanda-imax,,"4th Floor, No. 256 Donghuan Rd, Chengzhong District",545001,Liuzhou,,CN,China,APAC,FALSE,FALSE,FALSE,24.33466,109.44901
Liuzhou Liunan Wanda & IMAX,liuzhou-liunan-wanda-imax,,"4F, Wanda Plaza, No.263 Liuyong Road, Liunan District",545000,Liuzhou,,CN,China,APAC,FALSE,FALSE,FALSE,24.29422,109.39858
Liuzhou MixC Jinyi & IMAX,liuzhou-mixc-jinyi-imax,,"No. 590 Shop, 5F, The MixC, No. 17 Wenchang Rd, Yufeng District",545006,Liuzhou,,CN,China,APAC,FALSE,FALSE,FALSE,24.32856,109.45712
Liyang Shanghecheng Omnijoi & IMAX,liyang-shanghecheng-omnijoi-imax,,"3F, Shanghecheng, No.12 Tianmu Road",213300,Liyang,,CN,China,APAC,FALSE,FALSE,FALSE,31.43226,119.48573
Longyan Wanda & IMAX,longyan-wanda-imax-0,,4F - A1 Wanda Plaza - 1 Shuanglong Road - Caoxi JieDao - Xinluo District,364000,Longyan,,CN,China,APAC,FALSE,FALSE,FALSE,25.05591,117.02465
Lu’an Wanda & IMAX,lu’-wanda-imax,,"4F, Wanda Plaza, Cross of Gaocheng Road and East Qiupai Road, Jinan District",237000,Lu'An,,CN,China,APAC,FALSE,FALSE,FALSE,31.76859,116.51305
Luoyang Wanda & IMAX,luoyang-wanda-imax,,4F Wanda Plaza - 170 Liaoning Road - Jianxi District,471000,Luoyang,,CN,China,APAC,FALSE,FALSE,FALSE,34.65415,112.40758
Luzhou CGV & IMAX,luzhou-cgv-imax,CGV,4F MixC City - No.1 Kangcheng Road - Section 1 - Jiangyang District,610000,Luzhou,,CN,China,APAC,FALSE,FALSE,FALSE,28.90090,105.41071
Luzhou Wanda & IMAX,luzhou-wanda-imax,,"4F, Wanda Plaza,Jindai Rd & Yudai R, Longmatan District",646000,Luzhou,,CN,China,APAC,FALSE,FALSE,FALSE,28.91701,105.42683
Ma'anshan Wanda & IMAX,maanshan-wanda-imax,,4F Taibai Avenue No.3200 - Ma'anshan Wanda Plaza - Yushan District,243000,Ma'anshan,,CN,China,APAC,FALSE,FALSE,FALSE,31.65925,118.50225
Macau Lisboeta Emperor  & IMAX,macau-lisboeta-emperor-imax,,"Lisboeta, Rua da Patinagem, Cotai",999078,Macao,,CN,China,APAC,TRUE,FALSE,FALSE,22.14240,113.57229
Maoming Dianbai Wanda & IMAX,maoming-dianbai-wanda-imax,,4F Wanda Plaza No. 66 Yingbin Avenue Shuidong Town Dianbai District,525400,Maoming,,CN,China,APAC,FALSE,FALSE,FALSE,21.51162,111.00273
Maoming Donghui & IMAX,maoming-donghui-imax,,"4F, Donghui City, Youcheng Shi Road, Maonan District",501300,"Maoming, Guangdong",,CN,China,APAC,TRUE,FALSE,FALSE,21.66577,110.94791
Maoming Gaozhou Panzhou & IMAX,maoming-gaozhou-panzhou-imax,,"Panzhou Plaza Cinema, 4th floor, Panzhou Plaza, East Guiyuan Road, Gaozhou City",525200,"Maoming, Guangdong Province",,CN,China,APAC,FALSE,FALSE,FALSE,21.90210,110.87060
Meishan Sculpture Plaza Wanda & IMAX,meishan-sculpture-plaza-wanda-imax,,"5F, Sculpture Plaza, No.37 Sansu Road,",620000,Meishan,,CN,China,APAC,FALSE,FALSE,FALSE,30.05015,103.83272
Meizhou Wanda & IMAX,meizhou-wanda-imax,,"4F, Wanda Plaza, No.109 Wanda Road, Meijiang District",514000,Meizhou,,CN,China,APAC,FALSE,FALSE,FALSE,24.27779,116.14505
Mianyang Fucheng Wanda & IMAX,mianyang-fucheng-wanda-imax,,4F Wanda Plaza - 9 Garden Street - Fucheng District,621000,Mianyang,,CN,China,APAC,TRUE,FALSE,FALSE,31.46825,104.74135
Mianyang Jinyi & IMAX,mianyang-jinyi-imax,,"4F,Dongchen Yongxing Outlets, X of Mid Mianxing Rd & Hongguang Rd,Fucheng District",621000,Mianyang,,CN,China,APAC,FALSE,FALSE,FALSE,31.46584,104.65698
Mudanjiang Wanda & IMAX,mudanjiang-wanda-imax,,"4F, Wanda Plaza, No.358 Xin’an Street, Xi’an District",157000,Mudanjiang,,CN,China,APAC,FALSE,FALSE,FALSE,44.57729,129.60833
Nanchang Bayi Wanda & IMAX,nanchang-bayi-wanda-imax,,4F Wanda Plaza - 333 Bayi Avenue,330006,Nanchang,,CN,China,APAC,FALSE,FALSE,FALSE,28.67639,115.90384
Nanchang Bestar & IMAX,nanchang-bestar-imax,,"4F, InJoy Plaza, Dongyuan Road, Gaoxin District",330029,Nanchang,,CN,China,APAC,FALSE,FALSE,FALSE,28.71720,115.97926
Nanchang Honggutan Wanda & IMAX,nanchang-honggutan-wanda-imax,,3F Wanda Plaza - Junction of Honggutan Avenue & Huizhan Road,330038,Nanchang,,CN,China,APAC,FALSE,FALSE,FALSE,28.68875,115.85664
Nanchang Mall Wanda & IMAX,nanchang-mall-wanda-imax,,"2F, Wanda Mall, Xinjian District",330100,Nanchang,,CN,China,APAC,FALSE,FALSE,FALSE,28.58670,115.79652
Nanchang MixC & IMAX,nanchang-mixc-imax,,"4F, MixC One Plaza, 1918 Gaoxin Avenue",330000,Nanchang,,CN,China,APAC,TRUE,FALSE,FALSE,28.70220,115.96040
Nanchang Qingshanhu Wanda & IMAX,nanchang-qingshanhu-wanda-imax,,"3F, Wanda Plaza, No. 999, Jingdong Avenue, Qingshanhu District ",330029,Nanchang,,CN,China,APAC,FALSE,FALSE,FALSE,28.66858,115.96733
Nanchang Xihu Wanda & IMAX,nanchang-xihu-wanda-imax,,"4F, Wanda Plaza,No.368 Yunjin Road, Xihu District, Jiangxi",,Nanchang,,CN,China,APAC,FALSE,FALSE,FALSE,28.63856,115.86439
Nanchong Poly Mall Wanda  & IMAX,nanchong-poly-mall-wanda-imax,,"Z401，Building 2 , Poly Mall, Middle Jiangdong Road, Shunqing District",637500,"Nanchong, Sichuan",,CN,China,APAC,FALSE,FALSE,FALSE,30.76230,106.09470
"IMAX, Nanjing Juvenile Science & Technology Center",imax-nanjing-juvenile-science-technology-center,,"No.148, Zhongshan North Road, Gulou District",210012,Nanjing,,CN,China,APAC,FALSE,FALSE,FALSE,32.04262,118.81915
Nanjing Changfa Omnijoi & IMAX,nanjing-changfa-omnijoi-imax,,"No.88 Hongshan Road, Xuanwu District",210027,Nanjing,,CN,China,APAC,FALSE,FALSE,FALSE,32.09155,118.81623
Nanjing E-PARK Aurora & IMAX,nanjing-e-park-aurora-imax,,"3F,No.109 Software Avenue",210012,Nanjing,,CN,China,APAC,FALSE,FALSE,FALSE,31.98527,118.77070
Nanjing Hanlogon Wanda & IMAX,nanjing-hanlogon-wanda-imax,,"5F, No. 48 Hanlogon, Longjin Rd, Xiongzhou St, Liuhe District",211500,Nanjing,,CN,China,APAC,FALSE,FALSE,FALSE,32.34574,118.84930
Nanjing Jiangbei Longfor Bona & IMAX,nanjing-jiangbei-longfor-bona-imax,,"6F, Jiangbei Paradise Walk, No. 99, Wenjing Road, Jiangbei New District",210046,Nanjing,,CN,China,APAC,FALSE,FALSE,FALSE,31.96040,118.84390
Nanjing Jiangning Wanda & IMAX,nanjing-jiangning-wanda-imax,,5F - No. 68 Zhushan Road - Jiangning District,210000,Nanjing,,CN,China,APAC,FALSE,FALSE,FALSE,31.93616,118.84581
Nanjing Jinling Tiande OMNIJOI & IMAX,nanjing-jinling-tiande-omnijoi-and-imax,,"5th Floor, Jinling Tiandi, No. 68 Zhonghe Road, Jianye District",210041,Nanjing,Jiangsu,CN,China,APAC,FALSE,FALSE,FALSE,32.00330,118.73150
Nanjing Lishui Century International Square Jinyi & IMAX,nanjing-lishui-century-international-square-jinyi-imax,,"3F, Century International Square, No. 388, Tianshengqiao Avenue, Lishui District ",212200,Nanjing,,CN,China,APAC,FALSE,FALSE,FALSE,31.64298,119.04891
Nanjing Lishui Hello City Omnijoi & IMAX,nanjing-lishui-hello-city-omnijoi-imax,,"6F, Hello City, No.81, Zhongda Street, Lishui District",211200,Nanjing,,CN,China,APAC,FALSE,FALSE,FALSE,31.66134,119.03300
Nanjing One Mall CGV & IMAX,nanjing-one-mall-cgv-imax,CGV,"5F, One Mall, No.258 Middle Jiangdong Road, Jianye District",210019,Nanjing,,CN,China,APAC,FALSE,FALSE,FALSE,32.00989,118.73185
Nanjing Rsun Plaza Lumiere & IMAX,nanjing-rsun-plaza-lumiere-imax,,"3F, Grand Ocean Department Store, Rsun Plaza, No.48 North Bridge Road, Pukou District ",211800,Nanjing,,CN,China,APAC,FALSE,FALSE,FALSE,32.14402,118.73077
Nanjing Tongxi Jinyi & IMAX,nanjing-tongxi-jinyi-imax,,2-5F Ruidu Shopping Mall - No.1222 Shuanglong Avenue - Jiangning District,211100,Nanjing,,CN,China,APAC,FALSE,FALSE,FALSE,31.94425,118.82401
Nanjing Unimall Omnijoi & IMAX,nanjing-unimall-omnijoi-imax,,"4F, Unimall, No.1, Qingliangmen Street, Gulou District",210036,Nanjing,,CN,China,APAC,TRUE,FALSE,FALSE,32.04592,118.74997
Nanjing Wanda & IMAX,nanjing-wanda-imax,,4F Wanda Plaza - 98 Jiangdongzhong Road - Jianye District,210019,Nanjing,,CN,China,APAC,FALSE,FALSE,FALSE,32.03208,118.73538
Nanjing Xianlin Wanda & IMAX,nanjing-xianlin-wanda-imax,,"4F, Wanda Mall,Xianlin Ave.  & Shoujing Rd, Qixia District",210000,Nanjing,,CN,China,APAC,FALSE,FALSE,FALSE,32.12627,118.99123
Nanjing Yanziji Omnijoi  & IMAX,nanjing-yanziji-omnijoi-imax,,"4F, City Garden, No.1, Yancheng Avenue, Qixia District",210000,Nanjing,,CN,China,APAC,FALSE,FALSE,FALSE,32.12830,118.84032
Nanjing Baima Linli Wanda & IMAX,nanjing-baima-linli-wanda-imax,,"4F, Baima Plaza, No.5-1 Shishan Road, Pukou District",211800,"Nanjing, Jiangsu",,CN,China,APAC,FALSE,FALSE,FALSE,32.07600,118.62500
Nanjing Longpan Lumiere Plaza & IMAX,nanjing-longpan-lumiere-plaza-imax,,"3F, Longpan Plaza World Plaza, No. 419 Longpan Zhong Road, Qinhuai District ",,"Nanjing, Jiangsu",,CN,China,APAC,FALSE,FALSE,FALSE,32.02860,118.80170
Nanjing Yuhua Injoy Plaza Bestar & IMAX,nanjing-yuhua-injoy-plaza-bestar-imax,,"7F, Injoy Plaza, No. 211, Guxiong Ave., Yuhuatai District",210039,"Nanjing, Jiangsu",,CN,China,APAC,FALSE,FALSE,FALSE,31.92950,118.66940
Nanjing Honyue City Omnijoi & IMAX,nanjing-honyue-city-omnijoi-imax,,"5th Fl, Honyue City, Longhua Road No. 1, Pukou District",211899,"Nanjing, Jiangsu Province",,CN,China,APAC,FALSE,FALSE,FALSE,32.00950,118.76610
Nanjing Pukou Hongyue City Omnijoi & IMAX,nanjing-pukou-hongyue-city-omnijoi-imax,,"5th floor, Hongyue City, Longhua Road No. 1, Pukou District",210031,"Nanjing, Jiangsu Province",,CN,China,APAC,FALSE,FALSE,FALSE,32.00950,118.76610
Nanning Anji Wanda & IMAX,nanning-anji-wanda-imax,,"4th floor, Wanda Plaza, No.55 of Gaoxin Avenue",530022,Nanning,,CN,China,APAC,FALSE,FALSE,FALSE,22.87481,108.29768
Nanning Huicui Wanda & IMAX,nanning-huicui-wanda-imax,,3F Yuehui Plaza - 18 Qingyun Street - Xingning District,530012,Nanning,,CN,China,APAC,FALSE,FALSE,FALSE,22.81464,108.32342
Nanning Jiangnan Wanda & IMAX,nanning-jiangnan-wanda-imax,,"4F, Jiangnan Wanda Plaza, No.48-1 Tinghong Road, Jiangnan District ",530000,Nanning,,CN,China,APAC,FALSE,FALSE,FALSE,22.79520,108.31868
Nanning Jiangyu Century Plaza Wanda & IMAX,nanning-jiangyu-century-plaza-wanda-imax,,"4F, Jiangyu Century Plaza, East Mingxiu Rd, Xingning District",530000,Nanning,,CN,China,APAC,FALSE,FALSE,FALSE,22.84812,108.33011
Nanning Minzu Cinema & IMAX,nanning-minzu-cinema-imax,,2F No. 150 Minzu Avenue - Qingxiu District,530001,Nanning,,CN,China,APAC,FALSE,FALSE,FALSE,22.81286,108.40310
Nanning Qingxiu Wanda & IMAX,nanning-qingxiu-wanda-imax,,"5F, Qingxiu Wanda Plaza, Dongge Rd, Qingxiu District",530000,Nanning,,CN,China,APAC,TRUE,FALSE,FALSE,22.83071,108.33011
Nanning Wanda Mall & IMAX,nanning-wanda-mall-imax,,"3F, Wanda Mall, No.6 Liangdi Road, Yongning District",530000,Nanning,,CN,China,APAC,FALSE,FALSE,FALSE,22.77791,108.43854
Nanping Wanda & IMAX,nanping-wanda-imax,,"4F, Wanda Plaza, No.2, Dahongpao Rd, Jianyang District",354200,Nanping,,CN,China,APAC,FALSE,FALSE,FALSE,27.37558,118.09766
Nantong Gangzha Wanda & IMAX,nantong-gangzha-wanda-imax,,"9 Shennan Road, 4th Fl Wanda Plaza, Gangzha District",226003,Nantong,,CN,China,APAC,FALSE,FALSE,FALSE,32.04626,120.83713
Nantong Haimen Omnijoi & IMAX,nantong-haimen-omnijoi-imax,,"4F, Longxin Shopping Plaza, No.99 Changjiang South Road",226100,Nantong,,CN,China,APAC,FALSE,FALSE,FALSE,31.96059,120.90395
Nantong MixC CGV & IMAX,nantong-mixc-cgv-imax,CGV,"Shop 5-1, The MixC, No.111 North Avenue, Gangzha District",226000,Nantong,,CN,China,APAC,FALSE,FALSE,FALSE,32.05191,120.86030
Nantong Omnijoi & IMAX,nantong-omnijoi-imax,,5F Gongnong Road No. 57 Nantong Harmony City - Chongchuan District,226000,Nantong,,CN,China,APAC,FALSE,FALSE,FALSE,32.00238,120.88400
Nantong Rugao Injoy Bestar & IMAX,nantong-rugao-injoy-bestar-imax,,"4F, Injoy Plaza , No.168 Huizheng Road",226599,Nantong,,CN,China,APAC,FALSE,FALSE,FALSE,32.37473,120.58415
Nantong Tongzhou Wanda & IMAX,nantong-tongzhou-wanda-imax,,"4F, Wanda Plaza, No.198 East Zhaoxia Road",226300,Nantong,,CN,China,APAC,FALSE,FALSE,FALSE,32.07082,121.09680
Nantong Xingguangyao Wanda & IMAX,nantong-xingguangyao-wanda-imax,,4F Building 5  Xingguangyao Plaza - 100 Gongnong Road - Chongchuan District,226200,Nantong,,CN,China,APAC,FALSE,FALSE,FALSE,31.97170,120.89581
Nantong Zhongnan Cheng Jinyi & IMAX,nantong-zhongnan-cheng-jinyi-imax,,"5F, Dayo City, Qingnian Road, Chongchuan District",226014,"Nantong, Jiangsu",,CN,China,APAC,TRUE,FALSE,FALSE,32.02670,120.93550
Nanyang Zhongtai Plaza Wanda & IMAX,nanyang-zhongtai-plaza-wanda-imax,,"6F, Zhongtai Plaza, Crossroad of Dushan Avenue and Zhangheng Road, Wancheng District",473000,Nanyang,,CN,China,APAC,FALSE,FALSE,FALSE,33.02953,112.57324
Neijiang Wanda & IMAX,neijiang-wanda-imax,,4F Wanda Plaza - West Section - Han'an Avenue - Dongxing District,641000,Neijiang,,CN,China,APAC,FALSE,FALSE,FALSE,29.61027,105.05016
CGV Ningbo Yuyao Wucaicheng & IMAX,cgv-ningbo-yuyao-wucaicheng-imax,CGV,"5th Fl, Huarun Wucaicheng, 888 Chengdong Road, Yuyao District",315400,Ningbo,,CN,China,APAC,FALSE,FALSE,FALSE,30.06645,121.17898
Ningbo Beilun Bona & IMAX,ningbo-beilun-bona-imax,,"5F,  Intime Department Store,No.399 Zhonghe Road",315800,Ningbo,,CN,China,APAC,FALSE,FALSE,FALSE,29.90135,121.83792
Ningbo Fenghua Wanda & IMAX,ningbo-fenghua-wanda-imax,,"4F, Building 4A, Wanda plaza, No.299, East Zhongshan Rd, Fenghua District",315000,Ningbo,,CN,China,APAC,FALSE,FALSE,FALSE,29.67056,121.43052
Ningbo Jiangbei Wanda Plaza & IMAX,ningbo-jiangbei-wanda-plaza-imax,,4F Wanda Plaza - 188 Jiangbei Avenue - Jiangbei District,315100,Ningbo,,CN,China,APAC,FALSE,FALSE,FALSE,29.91455,121.52933
Ningbo Wanda & IMAX,ningbo-wanda-imax,,3F Wanda Commercial Plaza - 999 Siming Middle Road - Yinzhou District,315192,Ningbo,,CN,China,APAC,TRUE,FALSE,FALSE,29.82538,121.54387
Ningbo Yinzhou CGV & IMAX,ningbo-yinzhou-cgv-imax,CGV,4F Ningbo Universal City - South Tiantong Road No.1008 - Yinzhou District,315100,Ningbo,,CN,China,APAC,FALSE,FALSE,FALSE,29.80610,121.54993
Ningbo Zhenhai Injoy Bestar & IMAX,ningbo-zhenhai-injoy-bestar-imax,,"4F, Injoy Plaza , No.999 West Yongmao Road",315200,Ningbo,,CN,China,APAC,FALSE,FALSE,FALSE,29.95547,121.60340
Yuyao Wanda Plaza & IMAX,yuyao-wanda-plaza-imax,,No.855 West Siming Road - Yuyao District,315400,Ningbo,,CN,China,APAC,TRUE,FALSE,FALSE,30.03130,121.13069
Ningbo MixC & IMAX,ningbo-mixc-imax,,"No. L337, MixC, 265 Qinghe Road, Jiangbei District",315000,"Ningbo, Zhejiang",,CN,China,APAC,TRUE,FALSE,FALSE,29.89320,121.55600
Ningbo Asia Film Capital & IMAX,ningbo-asia-film-capital-imax,,"L7, Area A, Asia Mall, No. 169, Yaohang Street, Haishu District",315000,"Ningbo, Zhejiang Province",,CN,China,APAC,FALSE,FALSE,FALSE,29.86750,121.55350
Ningbo Unimall Omnijoi & IMAX,ningbo-unimall-omnijoi-imax,,"4th Fl., 689 Jiangnan Rd, Yinzhou District",315100,"Ningbo, Zhejiang Province",,CN,China,APAC,FALSE,FALSE,FALSE,29.85620,121.55300
Ningde Wanda & IMAX,ningde-wanda-imax,,4F Wanda Plaza - 1 Tianhu Road East,352100,Ningde,,CN,China,APAC,TRUE,FALSE,FALSE,26.65465,119.54101
Ningxiang Feicui Lake Jinyi & IMAX,ningxiang-feicui-lake-jinyi-imax,,"No.7-302a, Xinkang Rd & Chuncheng North Rd,Xinkang Community,Yutan Street",410600,"Ningxiang City, Hunan Province",,CN,China,APAC,TRUE,FALSE,FALSE,28.25640,112.52690
CGV International Cinema & IMAX,cgv-international-cinema-imax,CGV,"5th floor, No.102,Shiyou street, Longtai District",124000,Panjin,,CN,China,APAC,FALSE,FALSE,FALSE,41.12400,122.07654
Panjin Wanda Plaza Wanda & IMAX,panjin-wanda-plaza-wanda-and-imax,,"4th Floor, Wanda Plaza, No. 71 Shuangxing South Road, Xinglongtai District",124000,Panjin,Liaoning Province,CN,China,APAC,TRUE,FALSE,FALSE,41.10057,122.07766
Panzhihua Wanda & IMAX,panzhihua-wanda-imax,,"3F-A, Wanda Plaza, No. 123 Airport Road, East District",617000,Panzhihua,,CN,China,APAC,FALSE,FALSE,FALSE,26.54235,101.75353
Pingdingshan Wanda & IMAX,pingdingshan-wanda-imax,,"4F, Wanda Plaza , No.899 Jianshe Road",467000,Pingdingshan,,CN,China,APAC,FALSE,FALSE,FALSE,33.73985,113.33600
Putian Wanda & IMAX,putian-wanda-imax,,4F Wanda Plaza - Building 2 - 8 Lihua East Avenue / Xialin Street - Chengxiang District,351100,Putian,,CN,China,APAC,TRUE,FALSE,FALSE,25.42000,118.99723
Qingdao CapitaMall New City Center CGV & IMAX,qingdao-capitamall-new-city-center-cgv-imax,CGV,"5F, CapitaMall, No.18 South Heilongjiang Rd., Shibei District",266000,Qingdao,,CN,China,APAC,FALSE,FALSE,FALSE,36.11310,120.39534
Qingdao Chengyang Wanda & IMAX,qingdao-chengyang-wanda-imax,,"5F, Qingte Wanda Plaza, No. 117 Zhengyang Middle Road, Chengyang District",266109,Qingdao,,CN,China,APAC,FALSE,FALSE,FALSE,36.30630,120.42324
Qingdao Licang Wanda IMAX,qingdao-licang-wanda-imax,,4F Wanda Plaza - Jufeng Road - Licang District,266000,Qingdao,,CN,China,APAC,TRUE,FALSE,FALSE,36.16899,120.43277
Qingdao Lion Mall SFC & IMAX,qingdao-lion-mall-sfc-imax,,"Intersection of East Hong Kong Rd. and Haier Rd., Laoshan District",266100,Qingdao,,CN,China,APAC,FALSE,FALSE,FALSE,36.10079,120.47242
Qingdao MixC City CGV & IMAX,qingdao-mixc-city-cgv-imax-0,CGV,5F 6 Shandong Road - Mixc City - Shinan District,266000,Qingdao,,CN,China,APAC,TRUE,FALSE,FALSE,36.07718,120.38342
Qingdao Oriental Movie Metropolis Wanda & IMAX,qingdao-oriental-movie-metropolis-wanda-imax,,"3F, Wanda Mall, No.1777, Binhai Avenue, Huangdao District",266000,Qingdao,,CN,China,APAC,FALSE,FALSE,FALSE,35.91154,120.10739
Qingdao Wanda CBD Cinema IMAX,qingdao-wanda-cbd-cinema-imax,,3F Wanda Plaza - 116 Yanji Road - Shibei District,266000,Qingdao,,CN,China,APAC,FALSE,FALSE,FALSE,36.09039,120.37849
Qingdao Wuyue Bestar & IMAX,qingdao-wuyue-bestar-imax,,"6F, Wuyue Plaza, No.2888, Binhai Avenue, Huangdao District",266000,Qingdao,,CN,China,APAC,FALSE,FALSE,FALSE,35.88849,120.07260
Qingyuan Shunying Times Square DY Cinema & IMAX,qingyuan-shunying-times-square-dy-cinema-and-imax,,"5th Floor, Shunying Times Plaza, No. 28 Renmin 1st Road, Qingcheng District",511500,Qingyuan,Guangdong Province,CN,China,APAC,FALSE,FALSE,FALSE,23.67630,113.06570
Qingyuan Wanda & IMAX,qingyuan-wanda-imax,,"4F, Wanda Plaza, No.89 Huxi Road, Qingcheng District",511500,Qingyuan,,CN,China,APAC,FALSE,FALSE,FALSE,23.72004,113.01971
Qinhuangdao Wanda & IMAX,qinhuangdao-wanda-imax,,"4F-A, Wanda Plaza, No.22 Yanshan Avenue, Yufeng Nanli Community, North Ring Road, Haigang District",66000,Qinhuangdao,,CN,China,APAC,TRUE,FALSE,FALSE,39.95348,119.57823
Qinhuangdao MOI Bona & IMAX,qinhuangdao-moi-bona-imax,,"5F, Maoye Plaza, No.368 Hebei Avenue, Haigang District",66002,"Qinhuangdao, Hebei Province",,CN,China,APAC,FALSE,FALSE,FALSE,39.93430,119.60280
Qiqihar Wanda & IMAX,qiqihar-wanda-imax,,4F Wanda Plaza - Xinjiang Rd No.1 - Jianhua District,161000,Qiqihar,,CN,China,APAC,FALSE,FALSE,FALSE,47.37292,123.95770
Quanzhou Anxi Powerlong  Jinyi & IMAX,quanzhou-anxi-powerlong-jinyi-imax,,"3F, Powerlong Plaza, Jianan Avenue, Anxi County",362400,Quanzhou,,CN,China,APAC,FALSE,FALSE,FALSE,25.04813,118.20182
Quanzhou Donghai Tahoe & IMAX,quanzhou-donghai-tahoe-imax,,"Rm 601,No.17 Building,Tahoe Plaza, Fengze District",362000,Quanzhou,,CN,China,APAC,FALSE,FALSE,FALSE,24.87831,118.64635
Quanzhou Wanda & IMAX,quanzhou-wanda-imax,,4F Wanda Plaza - Baozhou Road - Fenze District,36200,Quanzhou,,CN,China,APAC,TRUE,FALSE,FALSE,24.88452,118.59650
Qujing Wanda Cinema & IMAX,qujing-wanda-cinema-imax,,"4F, Wanda Plaza , Xuefu Road",655099,"Qujing, Yunnan",,CN,China,APAC,FALSE,FALSE,FALSE,25.52695,103.76441
Quzhou Injoy Bestar & IMAX,quzhou-injoy-bestar-imax,,"4F, Injoy Plaza, No.99 Middle Baiyun Avenue, Kecheng District",,Quzhou,,CN,China,APAC,FALSE,FALSE,FALSE,28.98074,118.85554
Quzhou Wanda & IMAX,quzhou-wanda-imax,,"4F, Wanda Plaza, No.555 Hehua Middle Road",324000,Quzhou,,CN,China,APAC,FALSE,FALSE,FALSE,28.93286,118.88546
Rizhao Wanda & IMAX,rizhao-wanda-imax,,"4F, Wanda Plaza, Intersection of Qingdao Road and Shandong Road, Donggang District",276800,"Rizhao, Shandong",,CN,China,APAC,FALSE,FALSE,FALSE,35.39153,119.43279
Sanmenxia Wanda & IMAX,sanmenxia-wanda-imax,,"4F, Wanda Plaza, Cross of Daling Road and Heping Road, Hubin District",472000,Sanmenxia,,CN,China,APAC,FALSE,FALSE,FALSE,34.78993,111.19665
Sanming Wanda & IMAX,sanming-wanda-imax,,"4F, Wanda Plaza, Cross of North Xinshi Road and East Qianer Road",365000,Sanming,,CN,China,APAC,FALSE,FALSE,FALSE,26.28878,117.66685
Sanya Wanda & IMAX,sanya-wanda-imax,,1F Wanda Haitang Bay International Club - Haitang Bay Road,572000,Sanya,,CN,China,APAC,FALSE,FALSE,FALSE,18.33863,109.73091
Sanya Zose Cinema & IMAX,sanya-zose-cinema-imax,,4F One Harbour City - No.136 Yuya Avenue - Sanya District,572000,Sanya,,CN,China,APAC,FALSE,FALSE,FALSE,18.22221,109.52918
CINEVERSE Super Brand Mall & IMAX,cineverse-super-brand-mall-and-imax,,"8F04 East Wing, No.168 Lujiazui West Road, Pudong New Area, Shanghai, Super Brand Mall",200120,Shanghai,,CN,China,APAC,TRUE,FALSE,FALSE,31.23870,121.49350
"IMAX, Peace Cinema",imax-peace-cinema,,"No.290, Xizang Mid Road, Huangpu District",200001,Shanghai,,CN,China,APAC,FALSE,FALSE,FALSE,31.23271,121.47555
Jinyi Cinema & IMAX,jinyi-cinema-imax,,"6F, Block B, Kaide Dragon Dream Shopping  Mall, No.388 Jiangwan West Road",200083,Shanghai,,CN,China,APAC,TRUE,FALSE,FALSE,31.27076,121.47848
Shanghai Baoshan Longfor Omnijoi & IMAX,shanghai-baoshan-longfor-omnijoi-imax,,"4F , No.50 Danxiashan Road",201900,Shanghai,,CN,China,APAC,FALSE,FALSE,FALSE,31.36702,121.36781
Shanghai BFC Bona Palace & IMAX,shanghai-bfc-bona-palace-imax-0,,"B2-Unit 02, B1-Unit 02, No.51, Fengjing Rd, Huangpu District",200002,Shanghai,,CN,China,APAC,FALSE,FALSE,FALSE,31.23325,121.50409
Shanghai Bingo SFC & IMAX,shanghai-bingo-sfc-imax,,"5F, Bingo Plaza Phase II, No.345 Tianshan Road, Changning District",200000,Shanghai,,CN,China,APAC,FALSE,FALSE,FALSE,31.21994,121.39420
Shanghai Broadway Cinema & IMAX,shanghai-broadway-cinema-imax,,L6-1 No. 999 Middle of Huaihai Road - Xuhui District,200030,Shanghai,,CN,China,APAC,TRUE,FALSE,FALSE,31.21611,121.45762
Shanghai Broadway Cinematheque MOViE & IMAX,shanghai-broadway-cinematheque-movie-imax,,"3rd Fl, Shanghai Broadway Cinematheque S-l3-13 , Lane 500 No. 1-9, Dongyu Road, Pudong New Area",200041,Shanghai,,CN,China,APAC,TRUE,FALSE,FALSE,31.15520,121.48210
Shanghai Central Garden Omnijoi & IMAX,shanghai-central-garden-omnijoi-imax,,Room 310 No. 310 Guangxin Road Putuo District,200061,Shanghai,,CN,China,APAC,FALSE,FALSE,FALSE,31.25394,121.43178
Shanghai Chongming Chengqiao Wanda & IMAX,shanghai-chongming-chengqiao-wanda-imax,,"Room 3F-A, 8388 Chongming Avenue, Chengqiao Town, Chongming District",202155,Shanghai,,CN,China,APAC,FALSE,FALSE,FALSE,31.62808,121.39777
Shanghai Chuansha SFC Bailian & IMAX,shanghai-chuansha-sfc-bailian-imax,,"4F, Bailian Shopping Mall, No.5398 Chuansha Rd, Pudong District",201299,Shanghai,,CN,China,APAC,FALSE,FALSE,FALSE,31.19191,121.70570
Shanghai City Omnijoi & IMAX,shanghai-city-omnijoi-imax,,"3-21, 3F, Block 1, Merchants Garden, No. 2069 Shuichan Road, Baoshan District",201900,Shanghai,,CN,China,APAC,FALSE,FALSE,FALSE,31.37520,121.46800
Shanghai Daning Aurora & IMAX,shanghai-daning-aurora-imax,,"Building 1, No.777 Wanrong Rd.,Jingan District ",200072,Shanghai,,CN,China,APAC,FALSE,FALSE,FALSE,31.28755,121.44966
Shanghai Daning IMIX Park Hoyts & IMAX,shanghai-daning-imix-park-hoyts-imax,,"3F, IMIX Park, No. 1111, Hutai Road, Jingan District",200040,Shanghai,,CN,China,APAC,FALSE,FALSE,FALSE,31.27982,121.42608
Shanghai Daning Jiuguang Hoyts & IMAX,shanghai-daning-jiuguang-hoyts-imax,,"L5, No.2188 Gonghe New Road, Jingan District",500072,Shanghai,,CN,China,APAC,TRUE,FALSE,FALSE,31.28180,121.45220
Shanghai Fengxian Powerlong Hengdian & IMAX,shanghai-fengxian-powerlong-hengdian-imax,,"4F, Powerlong Plaza,  intersection of Hangnan Rd. and East Huancheng Rd., Fengxian District",201400,Shanghai,,CN,China,APAC,FALSE,FALSE,FALSE,31.27286,121.66027
Shanghai Jiangqiao Wanda & IMAX,shanghai-jiangqiao-wanda-imax,,3F Wanda Plaza - Lane 1075 - 49 Jinshajiang Road - Jiading District,201803,Shanghai,,CN,China,APAC,TRUE,FALSE,FALSE,31.24116,121.32962
Shanghai Jinqiao The Mall SFC & IMAX,shanghai-jinqiao-mall-sfc-imax,,"4F, The Mall, No.1882 Jingao Road, Pudong District",201206,Shanghai,,CN,China,APAC,FALSE,FALSE,FALSE,31.26923,121.61492
Shanghai Jinshan Wanda & IMAX,shanghai-jinshan-wanda-imax,,4F Wanda Plaza - 1088 Longhao Road - Jinshan District,201500,Shanghai,,CN,China,APAC,TRUE,FALSE,FALSE,30.75651,121.33310
Shanghai Jiuting Bestar & IMAX,shanghai-jiuting-bestar-imax,,"2F, Jiuting U Tiandi, No.178 Puhui Road, Jiuting County, Songjiang District",201600,Shanghai,,CN,China,APAC,FALSE,FALSE,FALSE,31.13738,121.34041
Shanghai L City HOYTS & IMAX,shanghai-l-city-hoyts-and-imax,,"5th Floor, L City, 1155 Huan Ke Road",200120,Shanghai,,CN,China,APAC,TRUE,FALSE,FALSE,31.17680,121.60640
Shanghai LCM Palace & IMAX,shanghai-lcm-palace-imax,,"4F, LCM, No. 2389-2 Zhangyang Road, Pudong New Area",200120,Shanghai,,CN,China,APAC,FALSE,FALSE,FALSE,31.24803,121.56235
Shanghai Lingang Wanda & IMAX,shanghai-lingang-wanda-imax,,"4th Floor, Lane 1209, Yunduan Rd, Nicheng Town, Pudong New Area",201306,Shanghai,,CN,China,APAC,TRUE,FALSE,FALSE,30.90400,121.83060
Shanghai Livat Hoyts & IMAX,shanghai-livat-hoyts-and-imax,,"L4, Shanghai Livat, No.788 JinZhong Road, Changning District ",200050,Shanghai,,CN,China,APAC,TRUE,FALSE,FALSE,31.22140,121.35540
Shanghai Livingsteel Stage Wanda & IMAX,shanghai-livingsteel-stage-wanda-imax,,"508, 5F, No. 1569 Mudanjiang Road, Baoshan District ",201900,Shanghai,,CN,China,APAC,FALSE,FALSE,FALSE,31.39930,121.48500
Shanghai Longsheng Wanda & IMAX,shanghai-longsheng-wanda-imax,,"3F, Longsheng Plaza, No. 3975 Dushi Rd. Minghang District",200000,Shanghai,,CN,China,APAC,FALSE,FALSE,FALSE,31.09191,121.40603
Shanghai Maqiao Wanda & IMAX,shanghai-maqiao-wanda-imax,,"5F-A, Wanda Plaza, No. 121 Fuyan Road, Minhang District",201111,Shanghai,,CN,China,APAC,FALSE,FALSE,FALSE,31.02650,121.37280
Shanghai Oasis Mall Womei & IMAX,shanghai-oasis-mall-womei-and-imax,,"Room 6313-A, 3rd Floor, Building 6, Oasis Mall, Lane 99 Weidi Road, Dachang Town, Baoshan District",200436,Shanghai,,CN,China,APAC,TRUE,FALSE,FALSE,31.32522,121.39933
Shanghai One East Palace & IMAX,shanghai-one-east-palace-imax,,"B2-1, 383 Longhua East Road, Huangpu District",200001,Shanghai,,CN,China,APAC,TRUE,FALSE,FALSE,31.19580,121.48120
Shanghai Pujiang Wanda & IMAX,shanghai-pujiang-wanda-imax,,"Room A, 4F, Wanda Plaza, No. 360, Yongyue Road, Minhang District",201112,Shanghai,,CN,China,APAC,FALSE,FALSE,FALSE,31.02750,121.51126
Shanghai Qianwan INCITY MEGA HOYTS & IMAX,shanghai-qianwan-incity-mega-hoyts-and-imax,,"HOYTS IMAX Cinema, Floors 4-5, Qianwan INCity MEGA, No. 388 Lianyou Road, Minhang District (Shop Units L422/L519)",201106,Shanghai,,CN,China,APAC,TRUE,FALSE,FALSE,31.21640,121.27540
Shanghai Qibao Vanke CGV & IMAX,shanghai-qibao-vanke-cgv-imax,CGV,"Vanke Plaza, Intersection of Qixin Road and Caobao Road, Minhang District ",201100,Shanghai,,CN,China,APAC,FALSE,FALSE,FALSE,31.16070,121.35576
Shanghai Qingpu Wanda Mall Wanda & IMAX,shanghai-qingpu-wanda-mall-wanda-imax,,"4F, Area A, No. 1-45, Lane 1059, Dingshan Lake Avenue, Qingpu District",201799,Shanghai,,CN,China,APAC,FALSE,FALSE,FALSE,31.13010,121.06425
Shanghai Songjiang Wanda & IMAX,shanghai-songjiang-wanda-imax,,4F 692 Guangfulin Road - Songjiang District,201620,Shanghai,,CN,China,APAC,FALSE,FALSE,FALSE,31.05707,121.24096
Shanghai Unicity CGV & IMAX,shanghai-unicity-cgv-imax,CGV,"L3, Hongqiao Uniticy,  No.66，Lane 2229, Songze Avenue",201700,Shanghai,,CN,China,APAC,TRUE,FALSE,FALSE,31.39030,121.47880
Shanghai Unipark MAX Bona Palace & IMAX,shanghai-unipark-max-bona-palace-and-imax,,"L5039, 5th Floor, Unipark MAX, Lane 699, Lane 1, Tongchuan Road, Putuo District",200333,Shanghai,,CN,China,APAC,TRUE,FALSE,FALSE,31.25270,121.39150
Shanghai Wanda International Cinema IMAX,shanghai-wanda-international-cinema-imax,,3F Wanda Plaza - 58 Guo Bin Road - Yangpu District,200435,Shanghai,,CN,China,APAC,TRUE,FALSE,FALSE,31.30018,121.51454
Shanghai White Magnolia Plaza CGV & IMAX,shanghai-white-magnolia-plaza-cgv-imax,CGV,"3F, White Magnolia Plaza, No.588 East Changzhi Rd , Hongkou District",200080,Shanghai,,CN,China,APAC,FALSE,FALSE,FALSE,31.25521,121.50563
Shanghai XinTiandi Ruihong Hall of Sun Hoyts & IMAX,shanghai-xintiandi-ruihong-hall-sun-hoyts-imax,,"4F, Hall of Sun Plaza, Xintiandi Ruihong, 181 Ruihong Road",200080,Shanghai,,CN,China,APAC,TRUE,FALSE,FALSE,31.26380,121.49860
Shanghai Xuhui Greenland Binjiang SFC & IMAX,shanghai-xuhui-greenland-binjiang-sfc-imax,,"3F, Greenland Being Funny Mall, No.218 Kaibin Road, Xuhui District",200000,Shanghai,,CN,China,APAC,FALSE,FALSE,FALSE,31.19083,121.46415
Shanghai Yaohan SFC Bailian & IMAX,shanghai-yaohan-sfc-bailian-imax,,"10F, 1st Yaohan, No 501 Zhangyang Road, Pudong District",200120,Shanghai,,CN,China,APAC,FALSE,FALSE,FALSE,31.23420,121.52353
Shanghai Yonghua & IMAX,shanghai-yonghua-imax,,6F Grand Gateway Plaza - No. 1 Hongqiao Road - Xuhui District,200030,Shanghai,,CN,China,APAC,FALSE,FALSE,FALSE,31.19444,121.43723
Shanghai Zhoupu Wanda & IMAX,shanghai-zhoupu-wanda-imax,,4F Wanda Plaza - 518 Nianjiabang Road - Pudong New District,201318,Shanghai,,CN,China,APAC,TRUE,FALSE,FALSE,31.11396,121.57084
Wanda Shanghai Baoshan & IMAX,wanda-shanghai-baoshan-imax,,5F - No. 936 - 128 Jinian Road - Baoshan Area,200435,Shanghai,,CN,China,APAC,FALSE,FALSE,FALSE,31.32350,121.44564
Shangqiu Suiyang Wanda & IMAX,shangqiu-suiyang-wanda-imax,,"4F, Wanda Plaza, Intersection of Beihai Rd and Guide Rd, Suiyang District",476005,Shangqiu,,CN,China,APAC,FALSE,FALSE,FALSE,34.39634,115.66770
Shangrao Wanda & IMAX,shangrao-wanda-imax,,"4F, Wanda Plaza, No.16 Guangxin Avenue, Xinzhou District ",334000,Shangrao,,CN,China,APAC,FALSE,FALSE,FALSE,28.45072,117.96132
Shantou Chicony CGV & IMAX,shantou-chicony-cgv-imax,CGV,"4F, Chicony, Changping Rd, Longhu District",515000,Shantou,,CN,China,APAC,FALSE,FALSE,FALSE,23.36209,116.70516
Shantou Cinecity & IMAX,shantou-cinecity-imax,,"4-5F, Nanxinxinghui Lotus Center, No. 175  Dongxia Rd., Jinping District",515000,Shantou,,CN,China,APAC,FALSE,FALSE,FALSE,23.36909,116.70107
Shantou Jinping Wanda Plaza Wanda & IMAX,shantou-jinping-wanda-plaza-wanda-imax,,"4-5F，175 Nanxinxing Huibee Center, Jinping District",,Shantou,,CN,China,APAC,FALSE,FALSE,FALSE,23.36524,116.70555
Shaoguan DP & IMAX,shaoguan-dp-imax,,"Z301, Poly Plaza, 16 Baiwang Avenue, Wujiang District",512026,"Shaoguan, Guangdong Province",,CN,China,APAC,TRUE,FALSE,FALSE,24.76730,113.52020
Shaoxing Keqiao Wanda & IMAX,shaoxing-keqiao-wanda-imax,,3F Wanda Plaza - 799 Qiantao Road - Keqiao County,,Shaoxing,,CN,China,APAC,TRUE,FALSE,FALSE,30.09485,120.50717
Shaoxing Lumiere & IMAX,shaoxing-lumiere-imax,,4F No. 777 South Jiefang Road - Yuecheng District,312000,Shaoxing,,CN,China,APAC,FALSE,FALSE,FALSE,29.99193,120.58701
Shaoxing Shangyu Wanda & IMAX,shaoxing-shangyu-wanda-imax,,"4F, Wanda Plaza, No.399 North Chengshan Road, Gaotiexincheng, Shangyu",312000,Shaoxing,,CN,China,APAC,FALSE,FALSE,FALSE,30.06209,120.84462
Shaoxing Shengzhou Injoy Bestar & IMAX,shaoxing-shengzhou-injoy-bestar-imax,,"4F,Injoy Plaza,No.666 Xingsheng Street",312499,Shaoxing,,CN,China,APAC,FALSE,FALSE,FALSE,29.57862,120.82357
Shaoyang Joy Centre Wanda & IMAX,shaoyang-joy-centre-wanda-imax,,"4F, Joy Centre, Dongfeng Road, Shuangqing District",422000,Shaoyang,,CN,China,APAC,FALSE,FALSE,FALSE,27.23886,111.48063
Shaoxing Shengzhou Heyue Jinyi  & IMAX,shaoxing-shengzhou-heyue-jinyi-imax,,"4F, Building 3,Heyue Times Square,No.1888, Shuangta Road, Economic Development District",312400,Shengzhou,,CN,China,APAC,FALSE,FALSE,FALSE,29.60778,120.84751
"IMAX, Liaoning Science & Technology Museum",imax-liaoning-science-technology-museum,,"No. 159, Hunnanzhihuisan Street",110167,Shenyang,,CN,China,APAC,TRUE,FALSE,FALSE,41.68109,123.46488
Shenyang Beiyi Wanda IMAX,shenyang-beiyi-wanda-imax,,4F Wanda Plaza - Beiyi Road & Xinghua Street Crossing,110000,Shenyang,,CN,China,APAC,TRUE,FALSE,FALSE,41.81452,123.38057
Shenyang Olympic Wanda IMAX,shenyang-olympic-wanda-imax,,"4th Fl, No.17 West Yingpan Street, Dongling District",110000,Shenyang,,CN,China,APAC,TRUE,FALSE,FALSE,41.73493,123.46310
Shenyang Tiexi Wanda & IMAX,shenyang-tiexi-wanda-imax,,3F Wanda Square - South Hua Xin Road -Tie Xi District,110021,Shenyang,,CN,China,APAC,TRUE,FALSE,FALSE,41.78243,123.35753
Shenyang Shenbei Wanda & IMAX,shenyang-shenbei-wanda-imax,,"4F, Wanda Plaza, Puchang Avenue, Shenbei New District",110086,"Shenyang, Liaoning Province",,CN,China,APAC,TRUE,FALSE,FALSE,42.02460,123.36480
Shenzhen 9 Square Lumiere & IMAX,shenzhen-9-square-lumiere-imax,,"Intersection of Zhenhua Rd. and Huafu Rd., Futian District",518000,Shenzhen,,CN,China,APAC,FALSE,FALSE,FALSE,22.54906,114.09010
Shenzhen Bantian Vanke Hoyts & IMAX,shenzhen-bantian-vanke-hoyts-and-imax,,"L5-02, 5/F, Bantian Vanke Plaza, Bantian Street, Longgang District",518000,Shenzhen,,CN,China,APAC,TRUE,FALSE,FALSE,22.62810,114.07520
Shenzhen Broadway & IMAX,shenzhen-broadway-imax,,"No.SL562, L5, The MixC, Yuehai Street, Nanshan District ",518000,Shenzhen,,CN,China,APAC,FALSE,FALSE,FALSE,22.54222,113.95566
Shenzhen Buji MixC & IMAX,shenzhen-buji-mixc-imax,,"Shop L349/L427, the MixC, No. 02 Xiangge Rd, Buji Street, Longgang District",518000,Shenzhen,,CN,China,APAC,FALSE,FALSE,FALSE,22.59950,114.13874
Shenzhen C Future City Hoyts & IMAX,shenzhen-c-future-city-hoyts-imax-0,,"2nd Floor, 3rd Floor, 4th Floor 217, 319, 3M01, 401, RF01 Shops, No. 9283 Zhongzhou Binhai Commercial Center Phase I, No. 9283 Binhe Avenue, Shangsha Community, Shatou Street",518000,Shenzhen,,CN,China,APAC,TRUE,FALSE,FALSE,22.52360,114.03130
Shenzhen Centerville MH Mall OSGH & IMAX,shenzhen-centerville-mh-mall-osgh-imax,,"No. 8, Golf Ave, Guangpei Community, Guanlan Sub-district Office, Longhua District",518110,Shenzhen,,CN,China,APAC,FALSE,FALSE,FALSE,22.72857,114.08203
Shenzhen CINESKY & IMAX,shenzhen-cinesky-imax,,"L2-026, Area A, Horoy Uniworld, Longhua District ",518110,Shenzhen,,CN,China,APAC,FALSE,FALSE,FALSE,22.65447,114.03484
Shenzhen CINESKY ZONE C & IMAX,shenzhen-cinesky-zone-c-imax,,"4th floor, Zone C, Uniworld, Renmin Road, Longhua District",518107,Shenzhen,,CN,China,APAC,TRUE,FALSE,FALSE,22.70380,114.04280
Shenzhen Galaxy World - COCO Park & IMAX,shenzhen-galaxy-world-coco-park-imax,,"4F, Galaxy World - COCO Park Shopping Mall, Wuhe Ave, Longgang District",518116,Shenzhen,,CN,China,APAC,FALSE,FALSE,FALSE,22.60981,114.06600
Shenzhen Guangming Wanda & IMAX,shenzhen-guangming-wanda-imax,,"4F,Wanda Plaza,Guangming Ave & Guanguang Rd,Guangming Dist.",518107,Shenzhen,,CN,China,APAC,FALSE,FALSE,FALSE,22.74500,113.93140
Shenzhen Haiya Wanda & IMAX,shenzhen-haiya-wanda-imax,,406 - 4F Haiya Mega Mall - No.1 Jianan Road - Baoan District,518000,Shenzhen,,CN,China,APAC,TRUE,FALSE,FALSE,22.56072,113.90725
Shenzhen Henggang Wan Zhong & IMAX,shenzhen-henggang-wan-zhong-imax,,"3F, Linheng Plaza,No.2999 Longgang Ave. Longgan District",518100,Shenzhen,,CN,China,APAC,FALSE,FALSE,FALSE,22.64319,114.19342
Shenzhen Hongfa Bao'an QCC & IMAX,shenzhen-hongfa-baoan-qcc-imax,,"L452 , 4th Floor, Hongfa Bao'an QCC, Intersection of Baoan Avenue and Haicheng Road, Baoan District",518101,Shenzhen,,CN,China,APAC,TRUE,FALSE,FALSE,22.72170,114.06181
Shenzhen Huade Mixc One Hoyts & IMAX,shenzhen-huade-mixc-one-hoyts-and-imax,,"4th Floor, Huade MixC One, Huide, Fuyong Subdistrict, Bao’an District",518100,Shenzhen,Guangdong Province,CN,China,APAC,TRUE,FALSE,FALSE,22.67150,113.82270
Shenzhen Huigang Lumiere & IMAX,shenzhen-huigang-lumiere-imax,,"3F, No.1 3rd Shekougongye Road, Nanshan District",518000,Shenzhen,,CN,China,APAC,FALSE,FALSE,FALSE,22.49366,113.92072
Shenzhen InJoy OSGH & IMAX,shenzhen-injoy-osgh-imax,,"4F, InJoy Mall, No. 126 Zhongkang Road, Futian District",518001,Shenzhen,,CN,China,APAC,FALSE,FALSE,FALSE,22.57550,114.06679
Shenzhen Joy City Wanda & IMAX,shenzhen-joy-city-wanda-and-imax,,"L325, 3rd Floor, Joy City Shopping Center, No. 61, Chuangye 2nd Road, Block 25, Baomin Community, Xinan Subdistrict",518000,Shenzhen,Bao’an District,CN,China,APAC,TRUE,FALSE,FALSE,22.56800,113.89780
Shenzhen Liuhe City CF Qingrui & IMAX,shenzhen-liuhe-city-cf-qingrui-imax,,"3F, No.168 Shenshan Road, Longgang District",518116,Shenzhen,,CN,China,APAC,FALSE,FALSE,FALSE,22.69897,114.34519
Shenzhen Longgang Tian An MixC & IMAX,shenzhen-longgang-tian-mixc-imax,,"Shop 1168, Building 1, Tian An Cyber Park, No. 448 Huanggekeng Community Longcheng St., Longgang District",518172,Shenzhen,,CN,China,APAC,TRUE,FALSE,FALSE,22.72109,114.21805
Shenzhen Longgang Wanke CINESKY & IMAX,shenzhen-longgang-wanke-cinesky-imax,,"L3, Vanke Plaza, Longxiang Ave., Longcheng Street, Longgang District",518100,Shenzhen,,CN,China,APAC,TRUE,FALSE,FALSE,22.70290,114.22970
Shenzhen Maxland Jinyi & IMAX,shenzhen-maxland-jinyi-imax,,"L4, Maxland, No.4699, Songbai Road, Guangming New Area",518107,Shenzhen,,CN,China,APAC,FALSE,FALSE,FALSE,22.70959,113.90731
Shenzhen One Avenue CGV & IMAX,shenzhen-one-avenue-cgv-imax,CGV,"B2, Building 1, One Avenue, No.348 Fuhua Road, Futian District ",518000,Shenzhen,,CN,China,APAC,TRUE,FALSE,FALSE,22.53180,114.06506
Shenzhen ONEMALL Wanda & IMAX,shenzhen-onemall-wanda-imax,,"4F, ONEMALL, Haijing 2nd Rd, Haishan Street, Yantian District",518000,Shenzhen,,CN,China,APAC,FALSE,FALSE,FALSE,22.56097,114.24401
Shenzhen Yifang City CGV & IMAX,shenzhen-yifang-city-cgv-imax,CGV,"4F, Yifang City, No.99 Xinhu Road, Xinan Street, Baoan District",518100,Shenzhen,,CN,China,APAC,FALSE,FALSE,FALSE,22.55984,113.89372
Shenzhen Zhonghang Dreams On Hoyts & IMAX,shenzhen-zhonghang-dreams-on-hoyts-and-imax,,"4th Floor, Shenzhen Zhonghangcheng Dreams On Shopping Centre, No. 1 Zhonghang Road, Huaqiangbei Street, Futian District",518000,Shenzhen,,CN,China,APAC,TRUE,FALSE,FALSE,22.54170,114.08540
UA KK Mall & IMAX,ua-kk-mall-imax,,4F KK Mall - 5016 Shennan East Road - Luohu District,518001,Shenzhen,,CN,China,APAC,FALSE,FALSE,FALSE,22.54049,114.10656
Shenzhen Baoan Keenstar Plaza Wanda & IMAX,shenzhen-baoan-keenstar-plaza-wanda-imax,,"2F, Keenstar Plaza, Xin’an Street, Baoan District",518101,"Shenzhen, Guangdong",,CN,China,APAC,FALSE,FALSE,FALSE,22.57222,113.90896
Shenzhen PAFC Mall Emperor & IMAX,shenzhen-pafc-mall-emperor-imax,,"Room S607, 6F, PAFC, No.5023 Yitian Road, Futian District",518000,"Shenzhen, Guangdong",,CN,China,APAC,TRUE,FALSE,FALSE,22.52820,114.05660
Shenzhen Huaqiao City CGV & IMAX,shenzhen-huaqiao-city-cgv-imax,CGV,"1F, Hall 3, Hongshan 6979 Plaza, Minzhi Street, Longhua District",518100,"Shenzhen, Guangdong Province",,CN,China,APAC,TRUE,FALSE,FALSE,22.63580,114.03710
Shenzhen Longgang Wanda & IMAX,shenzhen-longgang-wanda-imax,,"No.4 Huanan 2nd Road, Longgang District",518100,"Shenzhen, Guangdong Province",,CN,China,APAC,TRUE,FALSE,FALSE,22.67920,114.13000
Shenzhen RAIL IN Hoyts & IMAX,shenzhen-rail-hoyts-imax,,"Hoyts Cinema, L4, RAIL IN, Baishizhou Third Avenue, Nanshan District",518058,"Shenzhen, Guangdong Province",,CN,China,APAC,TRUE,FALSE,FALSE,22.54000,113.96670
Shijiazhuang MixC & IMAX,shijiazhuang-mixc-imax,,"L722, The MixC, No. 108 West Zhongshan Rd, Qiaoxi District",50051,Shijiazhuang,,CN,China,APAC,FALSE,FALSE,FALSE,38.04812,114.48400
Shijiazhuang Wanda Plaza & IMAX,shijiazhuang-wanda-plaza-imax,,Wanda Plaza - Intersection of Jianhua Street & Huaian Road,500000,Shijiazhuang,,CN,China,APAC,TRUE,FALSE,FALSE,38.02234,114.54662
Shishi Shimao Wanda & IMAX,shishi-shimao-wanda-imax,,"3F, Shimao Plaza, No.288 Shilong Road",362700,Shishi,,CN,China,APAC,FALSE,FALSE,FALSE,24.72623,118.62809
Shiyan Wanda & IMAX,shiyan-wanda-imax,,"3F, Wanda Plaza, No.99 North Beijing Road, Zhangwan District",442000,Shiyan,,CN,China,APAC,FALSE,FALSE,FALSE,32.66864,110.81674
Shizuishan Wanda & IMAX,shizuishan-wanda-imax,,"3-4F, Entertainment Building, Wanda Plaza, No.27, Helanshan Rd, Dawukou District",753000,Shizuishan,,CN,China,APAC,FALSE,FALSE,FALSE,39.01604,106.37773
Siping Ego Industrial Park Wanda & IMAX,siping-ego-industrial-park-wanda-imax,,"3F, Zhicheng Central Square, Intersection of West Shiyuan Street and North Shiyuan Street, Tiexi District ",136000,Siping,,CN,China,APAC,FALSE,FALSE,FALSE,43.16924,124.34321
Siping Wanda & IMAX,siping-wanda-imax,,"4F, Wanda Plaza, No.1268 Lishan Rd., Opposite Tiedong Plaza",136000,Siping,,CN,China,APAC,FALSE,FALSE,FALSE,43.16377,124.39767
Suihua Wanda & IMAX,suihua-wanda-imax,,"4F-1, Suihua Wanda Plaza, Cross of Kangzhuang Rd & Xinhua St, Beilin District, Heilongjiang",152000,Suihua,,CN,China,APAC,FALSE,FALSE,FALSE,46.65014,126.97071
Suining Wanda & IMAX,suining-wanda-imax,,"4F, Wanda Plaza, South Xianglin Road, Hedongxin District",629000,Suining,,CN,China,APAC,FALSE,FALSE,FALSE,30.53686,105.60236
Suqian The Central Omnijoi & IMAX,suqian-central-omnijoi-imax,,"6F, Central Store, No.92 Xingfu South Road",223800,Suqian,,CN,China,APAC,FALSE,FALSE,FALSE,33.95684,118.30760
Shuyang The Central Omnijoi & IMAX,shuyang-central-omnijoi-imax,,"6F, The Central, No.33 Middle Renmin Road, Shuyang County",223600,Suqian Shuyang,,CN,China,APAC,FALSE,FALSE,FALSE,33.98837,119.06702
Shuyang Wanda & IMAX,shuyang-wanda-imax,,4F Wanda Plaza No.22 South Beijing Road Shuyang County,223660,Suqian Shuyang,,CN,China,APAC,FALSE,FALSE,FALSE,34.12131,118.76934
Eudemonia Blue Ocean IMAX,eudemonia-blue-ocean-imax,,9F - 219 Guangji Road South,215000,Suzhou,,CN,China,APAC,FALSE,FALSE,FALSE,31.30948,120.60007
"IMAX, Suzhou Science & Cultural Arts Centre",imax-suzhou-science-cultural-arts-centre,,"No.1, Guanfeng Street, Industrial Park District",215028,Suzhou,,CN,China,APAC,TRUE,FALSE,FALSE,31.32346,120.69936
Suzhou AEON Jinyi & IMAX,suzhou-aeon-jinyi-imax,,"No.19 Chengji Rd, Gaoxin District",215000,Suzhou,,CN,China,APAC,FALSE,FALSE,FALSE,31.37668,120.53678
Suzhou Center CGV & IMAX,suzhou-center-cgv-imax,CGV,"6F, Suzhou Center , Industrial Park District",215100,Suzhou,,CN,China,APAC,FALSE,FALSE,FALSE,31.32001,120.68431
Suzhou Emerald City Omnijoi & IMAX,suzhou-emerald-city-omnijoi-imax,,"436 Changjiang Rd, 4th Floor 2nd Phase Emerald City",215000,Suzhou,,CN,China,APAC,FALSE,FALSE,FALSE,31.30676,120.55558
Suzhou Joycity CGV & IMAX,suzhou-joycity-cgv-imax,CGV,"5th Fl., No.1999, Yuyao Rd, Xiangcheng District",215100,Suzhou,,CN,China,APAC,TRUE,FALSE,FALSE,31.44270,120.62140
Suzhou Olympic Sports Centre Wanda & IMAX,suzhou-olympic-sports-centre-wanda-imax,,"G04, Olympic Sports Centre, No. 999, East Zhongxin Avenue, Suzhou Industrial Park, Wuzhong District",215100,Suzhou,,CN,China,APAC,FALSE,FALSE,FALSE,31.31391,120.75566
Suzhou Pingjiang Wanda & IMAX,suzhou-pingjiang-wanda-imax,,3F - A2 Wanda Plaza - No. 3188 Renmin Road - Pingjiang District,215000,Suzhou,,CN,China,APAC,FALSE,FALSE,FALSE,31.34225,120.61338
Suzhou SND Culture & Sports Centre Omnijoi & IMAX,suzhou-snd-culture-sports-centre-omnijoi-imax,,"No.999 Taihu Avenue, Gaoxin District",215000,Suzhou,,CN,China,APAC,FALSE,FALSE,FALSE,31.34341,120.42541
Suzhou Wanda & IMAX,suzhou-wanda-imax,,"4F, Wanda Plaza, Cross of Fuxiao Avenue and Yinhe 3rd Road, Yongqiao District",234000,Suzhou,,CN,China,APAC,FALSE,FALSE,FALSE,33.66085,116.95689
Suzhou Wuzhong Wanda & IMAX,suzhou-wuzhong-wanda-imax,,"188 West Shihu Road, 4th Floor Wanda Plaza, Wuzhong District",215100,Suzhou,,CN,China,APAC,FALSE,FALSE,FALSE,31.25956,120.61361
Suzhou Xinhu Wanda & IMAX,suzhou-xinhu-wanda-imax,,"Shop F419, 4F, Xinhu Plaza, West Jiangling Road, Wujiang District",215200,Suzhou,,CN,China,APAC,FALSE,FALSE,FALSE,31.17938,120.63281
Suzhou Xiangcheng Longfor Paradise Walk Xingguangjiaying & IMAX,suzhou-xiangcheng-longfor-paradise-walk-xingguangjiaying-and-imax,,"6F, Longfor Paradise Walk, No. 1399 Xiangcheng Avenue, Xiangcheng District",215100,"Suzhou, Jiangsu",,CN,China,APAC,TRUE,FALSE,FALSE,31.43120,120.63290
Suzhou Zhonghui InCity & IMAX,suzhou-zhonghui-incity-imax,,"No.1 Gate, Suzhou InCity, 12000 East Tai’hu Avenue, Wujiang District",215299,"Suzhou, Jiangsu Province",,CN,China,APAC,FALSE,FALSE,FALSE,31.14250,120.59830
Kunshan MixC & IMAX,kunshan-mixc-imax,,"3F, MixC, No.1266 West Qianjin Road, Yushan Town",215300,"Suzhou, Kunshan",,CN,China,APAC,TRUE,FALSE,FALSE,31.38151,120.88541
Taian Wanda & IMAX,taian-wanda-imax,,4F Tai'an Wanda Plaza - 566 Taishan Avenue - Taishan District,271000,Tai'an,,CN,China,APAC,FALSE,FALSE,FALSE,36.18822,117.09345
Tai’an Pangoo Wanda & IMAX,tai’-pangoo-wanda-imax,,"3F, Pangoo Plaza, Dongyue Avenue,Taishan District",271000,"Tai'an City, Shandong Province",,CN,China,APAC,FALSE,FALSE,FALSE,36.19240,117.14810
Taicang Wanda & IMAX,taicang-wanda-imax,,4F Wanda Plaza - 188 Shanghai East Road,215400,Taicang,,CN,China,APAC,TRUE,FALSE,FALSE,31.46093,121.14117
Taicang Huafa Omnijoi & IMAX,taicang-huafa-omnijoi-imax,,"5F, Huafa Plaza, 8 Taiping New Road, Chengxiang District",215411,"Taicang, Jiangsu",,CN,China,APAC,FALSE,FALSE,FALSE,31.45640,121.11240
Taixing Wuyue Bestar & IMAX,taixing-wuyue-bestar-imax,,"Shop 4-1, Wuyue Plaza, No.199, North Gulou Rd, Jiangsu",225400,Taixing,,CN,China,APAC,FALSE,FALSE,FALSE,32.18370,120.02237
Taiyuan Bona Int'l Cineplex & IMAX,taiyuan-bona-intl-cineplex-imax,,6F Maoye Tiandi No.79 North Qinxian Street - Xiaodian District,300060,Taiyuan,,CN,China,APAC,FALSE,FALSE,FALSE,37.83016,112.57159
Taiyuan InCity CGV & IMAX,taiyuan-incity-cgv-imax,CGV,"5010, 5F, Block1, Incity, No.99  Taiyu Road, Xiaodian District",30000,Taiyuan,,CN,China,APAC,TRUE,FALSE,FALSE,37.81680,112.58750
Taiyuan MixC & IMAX,taiyuan-mixc-imax,,"L630, 6F, the MixC, No.5 Changxing Rd, Changfeng Business District, Wanbailin District ",30000,Taiyuan,,CN,China,APAC,FALSE,FALSE,FALSE,37.81379,112.53536
Taiyuan Wanda & IMAX,taiyuan-wanda-imax,,4F Wanda Plaza - 175 Jiefang Road - Xinghualing District,30002,Taiyuan,,CN,China,APAC,FALSE,FALSE,FALSE,37.88853,112.56667
Taiyuan Colorful City Wanda & IMAX,taiyuan-colorful-city-wanda-imax,,"L5/L6,Colorful Shopping Center,No. 26 East Fudong St,Xinghauling Dist",30013,"Taiyuan, Shanxi Province",,CN,China,APAC,TRUE,FALSE,FALSE,37.87210,112.59240
Taizhou Jingkai Wanda & IMAX,taizhou-jingkai-wanda-imax,,"4-5F, Wanda Plaza, No.799 Jingkai District",318000,Taizhou,,CN,China,APAC,TRUE,FALSE,FALSE,28.64324,121.42241
Taizhou Wanda Plaza & IMAX,taizhou-wanda-plaza-imax,,3F Wanda Plaza - 226 Jichuan East Road - Hailing District,225300,Taizhou,,CN,China,APAC,FALSE,FALSE,FALSE,32.47293,119.92568
Taizhou Wanjia Jinyi & IMAX,taizhou-wanjia-jinyi-imax,,"3-5F, No.9 West Yin'an Street, Ouchi Community, Luoyang Street, Luqiao District ",318050,Taizhou,,CN,China,APAC,FALSE,FALSE,FALSE,28.57024,121.35236
Taizhou Zhongsheng Wanda & IMAX,taizhou-zhongsheng-wanda-imax,,"A-A701 Zhongsheng Plaza, No.508 Yinzuo Street, Luqiao District",318050,Taizhou,,CN,China,APAC,FALSE,FALSE,FALSE,28.58472,121.38466
Taizhou Sanshui Jinyi & IMAX,taizhou-sanshui-jinyi-imax,,"Sanshui Ave. & Daqing Rd., Jiangyan District",225500,"Taizhou, Jiangsu",,CN,China,APAC,FALSE,FALSE,FALSE,32.50408,120.13525
Taizhou Maoye World Omnijoi & IMAX,taizhou-maoye-world-omnijoi-imax,,"L5, Maoye World, No. 399, Nantong Road, Hailin District",225399,"Taizhou, Jiangsu Province",,CN,China,APAC,FALSE,FALSE,FALSE,32.49240,119.93190
Tangshan Wanda & IMAX,tangshan-wanda-imax,,"4F, Wenhua Road, Wanda Plaza, Lunan District",63000,Tangshan,,CN,China,APAC,TRUE,FALSE,FALSE,39.61777,118.17182
CGV Xingxing & IMAX,cgv-xingxing-imax,CGV,"3F, No.29, East Shishang Road Taidai Plaza New Economic District",300457,Tianjin,,CN,China,APAC,FALSE,FALSE,FALSE,39.03117,117.73146
CGV Yujiabu & IMAX,cgv-yujiabu-imax,CGV,"1-6 F Baofeng Podium Bldg,Xinhua Rd.No3678,Free Trade Zone",300450,Tianjin,,CN,China,APAC,FALSE,FALSE,FALSE,39.00745,117.68758
Tianjin Dagang Jinyi & IMAX,tianjin-dagang-jinyi-imax,,"5F, Zone A Yipin Shopping Mall, Century Avenue, Binhai District",300450,Tianjin,,CN,China,APAC,FALSE,FALSE,FALSE,38.85189,117.49530
Tianjin Hedong Wanda & IMAX,tianjin-hedong-wanda-imax,,5F Entertainment Building - Wanda Plaza - 53 Jinbin Avenue - Hedong District,300160,Tianjin,,CN,China,APAC,TRUE,FALSE,FALSE,39.12385,117.25370
Tianjin Jinyi Joy City & IMAX,tianjin-jinyi-joy-city-imax,,4F Joy City - 2 Nanmenwai Street - Nankai District,300090,Tianjin,,CN,China,APAC,TRUE,FALSE,FALSE,39.13668,117.18071
Tianjin MixC Wanying & IMAX,tianjin-mixc-wanying-imax,,"5F, Mixc, No.9 Leyuan Avenue, Hexi District",300201,Tianjin,,CN,China,APAC,FALSE,FALSE,FALSE,39.09120,117.21710
Tianjin Nongken Bona Cinema & IMAX,tianjin-nongken-bona-cinema-imax,,Hall B - Tianjin Sports Center West Street of Binshui - Nankai District,300381,Tianjin,,CN,China,APAC,FALSE,FALSE,FALSE,39.11141,117.17596
Tianjin Shehuishan Wanda & IMAX,tianjin-shehuishan-wanda-imax,,"3F, 4F, Bldg 2, Society Hill Plaza, No.321 Zhijing Road, Xiqing District",300380,Tianjin,,CN,China,APAC,FALSE,FALSE,FALSE,39.05810,117.05669
Tianjin SM City Wanda & IMAX,tianjin-sm-city-wanda-and-imax,,"F2-A2009 & F3-A3010 SM Tianjin Binhai City Plaza, No.168 Huanhe North Road",300308,Tianjin,,CN,China,APAC,FALSE,FALSE,FALSE,39.15780,117.41800
Tianjin Teemall SFC & IMAX,tianjin-teemall-sfc-imax,,"8F, Teemall Plaza, No.263 Heping Road, Xiaobailou Street, Heping District",300000,Tianjin,,CN,China,APAC,FALSE,FALSE,FALSE,39.13378,117.21079
Gansu Tianshui Qinzhou Wanda & IMAX,gansu-tianshui-qinzhou-wanda-imax,,"4F, Wanda Plaza, 37 Minshan Road, Qinzhou District",741000,"Tianshui, Gansu Provnice",,CN,China,APAC,FALSE,FALSE,FALSE,34.58010,105.74450
Tongliao Wanda & IMAX,tongliao-wanda-imax,,"4F, Intersection of Xilamulun Street and Pingan Road, Keerqin District",28000,Tongliao,,CN,China,APAC,FALSE,FALSE,FALSE,43.61787,122.28887
Tongling Wanda & IMAX,tongling-wanda-imax-0,,"4F, Wanda Plaza , Shicheng Avenue Middle Section",244002,Tongling,,CN,China,APAC,FALSE,FALSE,FALSE,30.95067,117.83617
Tongling Wanda & IMAX,tongling-wanda-imax,,3F Building 3 - BeiDouXing City - TianJingHu Community - TongShan District,244000,Tongling,,CN,China,APAC,FALSE,FALSE,FALSE,30.94398,117.81337
China Film MM & IMAX,china-film-mm-and-imax,,"MM3 Branch, 8th Floor, Meimei 3 Shopping Center, No. 989 Xihuan North Road, Xinshi District",830000,Urumqi,Xinjiang,CN,China,APAC,TRUE,FALSE,FALSE,43.85970,87.53550
Urumqi Dehui Wanda & IMAX,urumqi-dehui-wanda-imax,,"5F, 6F, Building E, No.688 Qitai Road, Saybagh District ",830002,Urumqi,,CN,China,APAC,FALSE,FALSE,FALSE,43.84681,87.52351
Urumqi Gaoxin Wanda & IMAX,urumqi-gaoxin-wanda-imax,,"3F, Wanda Plaza, No.668 North Changchun Rd, Xinshi District",830011,Urumqi,,CN,China,APAC,FALSE,FALSE,FALSE,43.91672,87.57859
Urumqi Wanda & IMAX,urumqi-wanda-imax,,"4F, Wanda Plaza, No.999 Xuanwuhu Road, Jingkai District",830000,Urumqi,,CN,China,APAC,FALSE,FALSE,FALSE,43.84681,87.52351
Weifang Peace Plaza Heping & IMAX,weifang-peace-plaza-heping-and-imax,,"Floor 4-5, Peace Plaza, 3555 Heping Road, Weicheng District",261041,Weifang,,CN,China,APAC,TRUE,FALSE,FALSE,36.71050,119.10760
Weifang Shouguang Wanda & IMAX,weifang-shouguang-wanda-imax,,"4F, Wanda Plaza, No. 1111, Xueyuan Rd, Shengcheng Street, Shouguang",262700,Weifang,,CN,China,APAC,FALSE,FALSE,FALSE,36.88009,118.77824
Weifang Wanda & IMAX,weifang-wanda-imax,,4F Inzone Mall - 958 Yingfei Road - Intersection of East Shengli Street & Beihai Road - Kuiwen District,,Weifang,,CN,China,APAC,FALSE,FALSE,FALSE,36.70285,119.15689
Weihai Huancui Wanda & IMAX,weihai-huancui-wanda-imax,,"4th Floor, Wanda Plaza, No. 120 Xianguding Road",264200,"Weihai City, Shandong Province",,CN,China,APAC,FALSE,FALSE,FALSE,37.44920,122.13110
Weihai Huafa Newland Omnijoi & IMAX,weihai-huafa-newland-omnijoi-imax,,"3F, Huafa Newland, 345 Binhai Road ",264205,"Weihai, Shandong Province",,CN,China,APAC,FALSE,FALSE,FALSE,37.44140,122.16230
Weinan Wanda & IMAX,weinan-wanda-imax,,4F Weinan Wanda Plaza - Dongxing Street - Gaoxing District,714000,Weinan,,CN,China,APAC,FALSE,FALSE,FALSE,34.51309,109.45989
Wuwei Wanda & IMAX,wuwei-wanda-imax,,"4F, Wanda Plaza, No. 318 Yingbin Rd., Liangzhou District",733000,Weiwu,,CN,China,APAC,FALSE,FALSE,FALSE,37.91597,102.63633
Wenzhou 5050 Shopping Mall Bona & IMAX,wenzhou-5050-shopping-mall-bona-imax,,"7F, 5050 Shopping Mall, No.235 Xiedu Blvd, Lucheng District",325000,Wenzhou,,CN,China,APAC,FALSE,FALSE,FALSE,28.02372,120.62472
Wenzhou Longwan Wanda & IMAX,wenzhou-longwan-wanda-imax,,4-5F Wanda Plaza - 1188 Yongding Road / Yongzhong Street - Longwan District,325024,Wenzhou,,CN,China,APAC,FALSE,FALSE,FALSE,27.91343,120.83075
Wenzhou MixC Lumiere & IMAX,wenzhou-mixc-lumiere-imax,,"No.1001, Wenrui Avenue, Ouhai District",325000,Wenzhou,,CN,China,APAC,FALSE,FALSE,FALSE,27.95760,120.69262
Wenzhou Pingyang Wanda & IMAX,wenzhou-pingyang-wanda-imax,,3F Pingyang Wanda Plaza - Aojiang Town - Pingyang County,325401,Wenzhou,,CN,China,APAC,FALSE,FALSE,FALSE,27.59645,120.57683
Wenzhou InCity Bona Palace & IMAX,wenzhou-incity-bona-palace-imax,,"6th Fl., MEGA D29 Building, Wenzhou In City, No.333, Fudong Rd, Nanhui St, Lucheng District",325088,"Wenzhou, Zhejiang Province",,CN,China,APAC,TRUE,FALSE,FALSE,28.01460,120.70200
Wuhai Wanda & IMAX,wuhai-wanda-imax,,"4F, Wanda Plaza, South Renmin Rd., Haibowan District",160000,Wuhai,,CN,China,APAC,FALSE,FALSE,FALSE,39.66710,106.82630
Wuhan Aeon Jinqiao CGV & IMAX,wuhan-aeon-jinqiao-cgv-imax,CGV,"3F, AEON MALL, NO.15 Jinqiao Avenue",430013,Wuhan,,CN,China,APAC,FALSE,FALSE,FALSE,30.63705,114.29024
Wuhan Bona Int'l & IMAX,wuhan-bona-intl-imax,,"10-11th Floor, Luoyu Rd Luojia City, Hongshan District",430000,Wuhan,,CN,China,APAC,FALSE,FALSE,FALSE,30.53275,114.36190
Wuhan Caidian Jinyi & IMAX,wuhan-caidian-jinyi-imax,,"4F, New Fumao Harbor Plaza, Xin Fu Road, Caidian Street, Caidian District",430000,Wuhan,,CN,China,APAC,FALSE,FALSE,FALSE,30.58591,114.03841
Wuhan Capitaland Xicheng CGV & IMAX,wuhan-capitaland-xicheng-cgv-imax,CGV,"4F, Capitaland Mall, No.18 Jiefang Avenue, Qiaokou District",401420,Wuhan,,CN,China,APAC,FALSE,FALSE,FALSE,30.57487,114.27352
Wuhan CGV & IMAX,wuhan-cgv-imax,CGV,B301 - No. 809 Heping Street - Qingshan District,430080,Wuhan,,CN,China,APAC,FALSE,FALSE,FALSE,30.62407,114.38763
Wuhan Hanjie Wanda & IMAX,wuhan-hanjie-wanda-and-imax,,"5F, Hanjie Wanda, Yanxia Road No.1,  Wuchang District",430062,Wuhan,Hubei Province,CN,China,APAC,TRUE,FALSE,FALSE,30.55760,114.33820
Wuhan Huiju Jinyi & IMAX,wuhan-huiju-jinyi-imax,,4F Chagnyi Road No.1 Qiaokou District,430032,Wuhan,,CN,China,APAC,FALSE,FALSE,FALSE,30.61821,114.16921
Wuhan Jingkai Wanda Plaza & IMAX,wuhan-jingkai-wanda-plaza-imax,,3F Wanda Plaza - 111 Dongfeng Avenue - Economic Development Zone,430058,Wuhan,,CN,China,APAC,TRUE,FALSE,FALSE,30.50759,114.17359
Wuhan Jinyi Cinema & IMAX,wuhan-jinyi-cinema-imax,,5F Shopping Mall - 18  Xudong Street - Wuchang District,430000,Wuhan,,CN,China,APAC,TRUE,FALSE,FALSE,30.58806,114.34201
Wuhan Lingjiaohu Wanda & IMAX,wuhan-lingjiaohu-wanda-imax,,4F Lingjiaohu Wanda Plaza - 5 Tangjiadun Road - Jianghan District - Off West Xinhua Road,430000,Wuhan,,CN,China,APAC,FALSE,FALSE,FALSE,30.60956,114.26776
Wuhan Optic Valley Huayi Brothers & IMAX,wuhan-optic-valley-huayi-brothers-imax,,3F F1 Zone - Optic Valley - Guanshan Avenue No.519 - HongShan District,430074,Wuhan,,CN,China,APAC,FALSE,FALSE,FALSE,30.48130,114.41693
Wuhan Plaza 66 Broadway & IMAX,wuhan-plaza-66-broadway-imax,,"4F, Plaza 66, 668 Jinhan Avenue, Yankou District",430030,Wuhan,,CN,China,APAC,TRUE,FALSE,FALSE,30.57890,114.27420
Wuhan Renxin Broadway & IMAX,wuhan-renxin-broadway-imax,,"4th Fl, Renxinhui Business Ctr, No.58 Longyang St, Hanyang Dist.",430051,Wuhan,,CN,China,APAC,FALSE,FALSE,FALSE,30.55260,114.20351
Wuhan Weixing Xingyue Plaza & IMAX,wuhan-weixing-xingyue-plaza-and-imax,,"No.20 Gaoxin 6th Road, East Lake High-Tech Development Zone, Weixing Optics Valley Xingyue Plaza, 3F, 4F, 5F (Shop 4F-01)",430071,Wuhan,Hebei Province,CN,China,APAC,FALSE,FALSE,FALSE,30.44790,114.40660
Wuhan Wushang Moore & IMAX,wuhan-wushang-moore-imax,,"7F, Block C, Wuhan International Plaza, No.690 Jiefang Avenue, Jianghan District",430000,"Wuhan, Hubei",,CN,China,APAC,TRUE,FALSE,FALSE,30.58099,114.27059
Wuhan Aeon Mall CGV & IMAX,wuhan-aeon-mall-cgv-imax,CGV,"L3, CGV Cinema, Aeon Mall, No.1 Jinyintan Avenue, Jiangjunlu Street, Dongxihu District",430000,"Wuhan, Hubei Province",,CN,China,APAC,TRUE,FALSE,FALSE,30.65930,114.26200
Wuhan Dongxihu Wanda & IMAX,wuhan-dongxihu-wanda-imax,,"4th Floor, Wanda Plaza, Jinshan Avenue, Dongxihu District",430048,"Wuhan, Hubei Province",,CN,China,APAC,FALSE,FALSE,FALSE,30.62854,114.14830
Wuhan Optical Valley Joy City Jinyi & IMAX,wuhan-optical-valley-joy-city-jinyi-imax,,"5th Floor, Gaoxin Ave., Hongshan District",430073,"Wuhan, Hubei Province",,CN,China,APAC,FALSE,FALSE,FALSE,30.48890,114.63300
Wuhan Vanke Viviland CGV & IMAX,wuhan-vanke-viviland-cgv-imax,CGV,"L4,CGV Cinema, Vanke Viviland, No. 187 Baishazhou Avenue, Hongshan District",430000,"Wuhan, Hubei Province",,CN,China,APAC,TRUE,FALSE,FALSE,30.46310,114.26990
Wuhan Wushang Dream Plaza Moore & IMAX,wuhan-wushang-dream-plaza-moore-imax,,"L6&L7, Building B, Wushang Dream Plaza, Wuluo Road, Wuchang District",430064,"Wuhan, Hubei Province",,CN,China,APAC,TRUE,FALSE,FALSE,30.53860,114.32180
Wuhan Yangluo Wanda & IMAX,wuhan-yangluo-wanda-imax,,"3rd Fl., Yangluo Wanda Plaza, No.19, Chaibo Ave., Yangluo St, Xinzhou District",410600,"Wuhan, Hubei Province",,CN,China,APAC,FALSE,FALSE,FALSE,30.68940,114.58260
Wuhu Jinghu Wanda & IMAX,wuhu-jinghu-wanda-imax,,4F Wanda Plaza - Zheshan Road East - Jinghu District,214000,Wuhu,,CN,China,APAC,TRUE,FALSE,FALSE,31.33747,118.40676
Wuhu Omnijoi & IMAX,wuhu-omnijoi-imax,,"5F, Zone B, Golden Eagle Mall, South Zhongshan Road, Yijiang District",241000,Wuhu,,CN,China,APAC,FALSE,FALSE,FALSE,31.32265,118.37275
Wuxi Guangmei Jinyi & IMAX,wuxi-guangmei-jinyi-imax,,4F HuiJu Shopping Center - 3 Middle Tuanjie Road - Xishan District,214000,Wuxi,,CN,China,APAC,FALSE,FALSE,FALSE,31.58860,120.40145
Wuxi Harmony City Big World & IMAX,wuxi-harmony-city-big-world-imax,,"4th Floor, Yuanrong Commercial Plaza, No. 262 Xicheng Road, Liangxi District",214001,Wuxi,,CN,China,APAC,FALSE,FALSE,FALSE,31.60790,120.30450
Wuxi Harmony City Big World & IMAX,wuxi-harmony-city-big-world-and-imax,,"4th Floor, Yuanrong Commercial Plaza, No. 262 Xicheng Road, Liangxi District",214001,Wuxi,,CN,China,APAC,FALSE,FALSE,FALSE,31.60790,120.30450
Wuxi Harmony City Wuxi Big World  & IMAX,wuxi-harmony-city-wuxi-big-world-and-imax,,"No.4220, 4th Floor, Yuanrong Commercial Plaza, No.262 Xicheng Road, Liangxi District",241000,Wuxi,,CN,China,APAC,FALSE,FALSE,FALSE,31.60790,120.30450
Wuxi Huishan Wanda & IMAX,wuxi-huishan-wanda-imax,,4/5F Wanda Plaza - 321 Wujun Road,214714,Wuxi,,CN,China,APAC,FALSE,FALSE,FALSE,31.67843,120.29964
Wuxi Sunac Mall Wanda & IMAX,wuxi-sunac-mall-wanda-imax,,"3F, Sunac Mall, No.66 Wanda Cultural Tourism City, Binhu District",214100,Wuxi,,CN,China,APAC,FALSE,FALSE,FALSE,31.45544,120.27421
Wuxi Wanda Square & IMAX,wuxi-wanda-square-imax,,3F  Recreation Tower - Wanda Plaza - No. 35 Liangxi Road,214000,Wuxi,,CN,China,APAC,TRUE,FALSE,FALSE,31.56233,120.26603
Wuxi Yaohan CGV & IMAX,wuxi-yaohan-cgv-imax,CGV,"Yaohan Center, No. 1 Dongting West Section, Xihu Road, Dongting Street, Xishan District",214101,Wuxi,,CN,China,APAC,TRUE,FALSE,FALSE,31.57877,120.37365
Wuxi Big World & IMAX,wuxi-big-world-imax,,"6-7F, Building B, Grand Orient Department Store, No. 359, Zhongshan Road, Liangxi District",214002,"Wuxi, Jiangsu",,CN,China,APAC,TRUE,FALSE,FALSE,31.57732,120.29944
Wuxi Xinwu Wanda & IMAX,wuxi-xinwu-wanda-imax,,"4F, Wanda Plaza, Intersection of Zhenze Road and Jinghui West Road, Xinwu District",214000,"Wuxi, Jiangsu",,CN,China,APAC,FALSE,FALSE,FALSE,31.45544,120.27421
Wuxi Fangyuanhui Jinyi & IMAX,wuxi-fangyuanhui-jinyi-imax,,"5th floor, Sky Square Shopping Mall, Gonghu Avenue, Liangxi District",214125,"Wuxi, Jiangsu Province",,CN,China,APAC,FALSE,FALSE,FALSE,31.52520,120.29770
Wuxi Jiangnan Joy City Big World & IMAX,wuxi-jiangnan-joy-city-big-world-imax,,"L5, Jiangnan Joy City, Northwest of the Intersection of Lihu Avenue and Gaolang Road, Jingkai District",214131,"Wuxi, Jiangsu Province",,CN,China,APAC,TRUE,FALSE,FALSE,31.49130,120.27820
Wuxue INSUN & IMAX,wuxue-insun-and-imax,,"4th Floor, Wushang Shopping Centre, No.199 Kanjiang Avenue, Kanjiang Subdistrict",435400,Wuxue City,Hubei Province,CN,China,APAC,TRUE,FALSE,FALSE,29.87700,115.56290
Wuzhong Wanda & IMAX,wuzhong-wanda-imax,,"4F, Wanda Plaza, Intersection of Kaiyuan Avenue and Liming Street, Litong District",751104,Wuzhong,,CN,China,APAC,FALSE,FALSE,FALSE,37.99978,106.19752
Xiamen Huli Wanda & IMAX,xiamen-huli-wanda-imax,,Entertainment Building - 4F Wanda Plaza - 4666 Xianyue Road - Huli District,361006,Xiamen,,CN,China,APAC,TRUE,FALSE,FALSE,24.50499,118.17763
Xiamen Intime Department Store Hoyts & IMAX,xiamen-intime-department-store-hoyts-and-imax,,"L430, 4th Floor, Intime Department Store, No.68 Tongji South Road, Jimei District",361021,Xiamen,Fujian Province,CN,China,APAC,FALSE,FALSE,FALSE,24.59010,118.10630
Xiamen Jimei Wanda & IMAX,xiamen-jimei-wanda-imax,,4F -137 Yinjiang Road - Jimei District,361000,Xiamen,,CN,China,APAC,TRUE,FALSE,FALSE,24.57326,118.09513
Xiamen OneMall Lumiere & IMAX,xiamen-onemall-lumiere-imax,,"L4, OneMall, No.1 Jinshan Rd, Siming District",361008,Xiamen,,CN,China,APAC,FALSE,FALSE,FALSE,24.49118,118.17873
Xiamen Shimao Wanda & IMAX,xiamen-shimao-wanda-imax,,"6F, Shimao Plaza, Daxue Rd., Siming District",361000,Xiamen,,CN,China,APAC,FALSE,FALSE,FALSE,24.44245,118.09465
Xiamen SM Haicang City Plaza Hengdian & IMAX,xiamen-sm-haicang-city-plaza-hengdian-and-imax,,"Room F3-344, 3rd Floor,  Xiamen SM Haicang City Plaza, No. 1818 Fulian Road, Haicang District",361026,Xiamen,Fujian Province,CN,China,APAC,TRUE,FALSE,FALSE,24.54330,117.95230
Xiamen IOI & IMAX,xiamen-ioi-imax,,"Room 501, No. 1 binshui Wuli, Jimei District",361021,Xiamen City,,CN,China,APAC,TRUE,FALSE,FALSE,24.57600,118.09730
Xiamen Jimei Shimao Omnijoi & IMAX,xiamen-jimei-shimao-omnijoi-imax,,"4F, 32 Binshui (Middle) Erli Road, Jimei District",361021,"Xiamen, Fujian Province",,CN,China,APAC,FALSE,FALSE,FALSE,24.59280,118.09000
Xiamen Sea World Hoyts & IMAX,xiamen-sea-world-hoyts-imax,,"L4, Sea World, No. 31 Donggang Road, Huli District",361000,"Xiamen, Fujian Province",,CN,China,APAC,TRUE,FALSE,FALSE,24.48310,118.07590
Xiamen SM Plaza Phase III Wanda & IMAX,xiamen-sm-plaza-phase-iii-wanda-imax,,"L3-328，Wanda Cinema,  SM Phase III, No. 401 Jiahe Road, Siming District",361000,"Xiamen, Fujian Province",,CN,China,APAC,FALSE,FALSE,FALSE,24.63140,118.08940
Xi’an Laochenggen Cando & IMAX,xi’-laochenggen-cando-imax,,"3F, Laochenggen G-park, South west Corner of Xinghuo Road and East Daxing Road, Lianhu District",710000,Xi'An,,CN,China,APAC,FALSE,FALSE,FALSE,34.29197,108.92763
Xi'an Beilin Wanda & IMAX,xian-beilin-wanda-imax,,4F Wanda Square - 8 North Yanta Road - Beilin District,710000,Xi'an,,CN,China,APAC,TRUE,FALSE,FALSE,34.24303,108.96067
Xi'an CGV & IMAX,xian-cgv-imax,CGV,3F In City - LongShou Town - 33 Weiyang Road - Weiyang District,710016,Xi'an,,CN,China,APAC,FALSE,FALSE,FALSE,34.30120,108.95406
Xi'an Daminggong Wanda & IMAX,xian-daminggong-wanda-imax,,4F No. 369 North 2 Ring & Taihua North Road Cross,710016,Xi'an,,CN,China,APAC,TRUE,FALSE,FALSE,34.31512,108.97235
Xi'an InCity Womei & IMAX,xian-incity-womei-and-imax,,"5th Floor, Xi'an Chanba InCity, No. 700, Beichen East Road, Chanba Ecological Zone",710032,Xi'An,Shaanxi Province,CN,China,APAC,TRUE,FALSE,FALSE,34.31450,109.00300
Xi'an Jiefang Road Wanda Plaza & IMAX,xian-jiefang-road-wanda-plaza-imax,,4F Wanda Plaza - 111 Jiefang Road - Xincheng District,710004,Xi'an,,CN,China,APAC,FALSE,FALSE,FALSE,34.26808,108.96319
Xi'an Joy City Bona & IMAX,xian-joy-city-bona-imax,,"Shop 40-L3, Xi'an Qujiang Joy City, No. 777, Ci'en Rd, Yanta District",710000,Xi'An,,CN,China,APAC,TRUE,FALSE,FALSE,34.22331,108.96856
Xi'an Livat Hoyts & IMAX,xian-livat-hoyts-and-imax,,"L2-L3, Livat Shopping Mall, No.6 Ziwu Avenue, Yanta District",710000,Xi'An,Shaanxi Province,CN,China,APAC,TRUE,FALSE,FALSE,34.16110,108.90530
Xi'an Longcheng Mingyuan Wanda & IMAX,xian-longcheng-mingyuan-wanda-imax,,"5F, NW Corner of Keji 2nd Road & Zhangba North Road, Yanta District",710000,Xi'An,,CN,China,APAC,FALSE,FALSE,FALSE,34.23209,108.87885
Xi'an Longfor Changle Paradise Walk & IMAX,xian-longfor-changle-paradise-walk-and-imax,,"5th Floor, Building B, Longfor Changle Paradise Walk, No. 58 North Wanshou Road, Xincheng District 陕西省西安市新城区万寿北路58号龙湖长乐天街B馆5F",710032,Xi'An,Shaanxi,CN,China,APAC,TRUE,FALSE,FALSE,34.28500,109.01410
Xi'an Qujiang Creative Circle Lumiere & IMAX,xian-qujiang-creative-circle-lumiere-imax,,"Ground Floor, Qujiang Creative Circle, No. 3369, Yanxiang Rd, Yanta District  ",710000,Xi'An,,CN,China,APAC,FALSE,FALSE,FALSE,34.21824,109.01934
Xi'an Yujin Changjiang Insun & IMAX,xian-yujin-changjiang-insun-imax,,"3F, La Botanica, CapitaLand Plaza, East Changle Road, Baqiao District ",710038,Xi'An,,CN,China,APAC,FALSE,FALSE,FALSE,34.28434,109.04458
Xi'an MixC CGV & IMAX,xian-mixc-cgv-imax,CGV,"L3-349&L4-433, MixC, No.1076, Sanqiaoxin Street, Xixianxin District",725000,"Xi'an, Shaanxi Province",,CN,China,APAC,TRUE,FALSE,FALSE,34.29000,108.83070
Xi'an Nanfeihong Omnijoi & IMAX,xian-nanfeihong-omnijoi-imax,,"5th/6th Floor, Nan-feihong Lehuili, No. 1589, South Zhuque Rd, Yanta District",710000,"Xi'An, Shanxi Province",,CN,China,APAC,TRUE,FALSE,FALSE,34.17900,108.93920
Xiangtan Hengdian & IMAX,xiangtan-hengdian-imax,,"7F, B Zone, Better life Mall, No.102 South Jianshe Rd., Yuetang District",411100,Xiangtan,,CN,China,APAC,FALSE,FALSE,FALSE,27.83214,112.91859
Xiangtan Wanda & IMAX,xiangtan-wanda-imax,,"4F, No. 281 Middle Furong Rd., Yuetang District",411101,Xiangtan,,CN,China,APAC,FALSE,FALSE,FALSE,27.83599,112.94815
Xiangtan Bubugao Jinyi & IMAX,xiangtan-bubugao-jinyi-imax,,"Shop No. 5035, L5, Bubugao Xintiandi, No. 19, Liancheng Ave., Jingkai District",411022,"Xiangtan City, Hunan Province",,CN,China,APAC,FALSE,FALSE,FALSE,27.89410,112.93570
Xiangyang Wanda & IMAX,tiexi-wanda-imax,,3F Entertainment Building - Wanda Plaza - Changhong North Road,441000,Xiangyang,,CN,China,APAC,TRUE,FALSE,FALSE,32.06258,112.12802
Xiantao Huanqiu Jinyi & IMAX,xiantao-huanqiu-jinyi-imax,,"3F, Huanqiu Commercial Center, Xiangou Road",433000,Xiantao,,CN,China,APAC,FALSE,FALSE,FALSE,30.36234,113.45553
Xiaogan Hanchuan Jinyi & IMAX,xiaogan-hanchuan-jinyi-imax,,"5F, Hanhai Plaza, Xizheng Street, Hanchuan",432300,Xiaogan,,CN,China,APAC,FALSE,FALSE,FALSE,30.65150,113.84075
Xingtai Wanda & IMAX,xingtai-wanda-imax,,"4F, Wanda Plaza, Intersection of Quannan Avenue and Kaiyuan Rd ",54001,Xingtai,,CN,China,APAC,FALSE,FALSE,FALSE,37.09059,114.52074
Xining Haihu Wanda & IMAX,xining-haihu-wanda-imax,,"4F, Wanda Plaza, No.1 Guangchang Road, Chengxi District",810000,Xining,,CN,China,APAC,FALSE,FALSE,FALSE,36.64517,101.72076
Xining ZFY Times Square Wanda & IMAX,xining-zfy-times-square-wanda-imax,,"4F, Zhongfayuan Times Square, No.45 Jianguo Road",810000,Xining,,CN,China,APAC,FALSE,FALSE,FALSE,36.61648,101.81182
Xinxiang Muye Wanda & IMAX,xinxiang-muye-wanda-imax,,"4F, Wanda Plaza, Intersection Of Hongli Avenue and Xueyuan Road",453000,Xinxiang,,CN,China,APAC,FALSE,FALSE,FALSE,35.32279,113.90906
Xinyu Jinyi & IMAX,xinyu-jinyi-imax,,"4F, Gaoneng Plaza, No.68 North Gongyuan Road, Yushui District",338000,Xinyu,,CN,China,APAC,FALSE,FALSE,FALSE,27.80458,114.93853
Xishuangbanna Wanda & IMAX,xishuangbanna-wanda-imax,,2F Wanda Plaza - Gadong Industrial Park - Jinghong,666100,Xishuangbanna Dai Autonomous Prefecture,,CN,China,APAC,FALSE,FALSE,FALSE,22.01921,100.77199
Xuancheng Wanda & IMAX,xuancheng-wanda-imax,,"3F, Wanda Plaza, Intersection of Shuiyangjiang Road and Jingde Road, Xuanzhou District",242000,Xuancheng,,CN,China,APAC,FALSE,FALSE,FALSE,30.96528,118.73127
Xuchang Wanda Plaza Wanda & IMAX,xuchang-wanda-plaza-wanda-and-imax,,"4th Floor, Wanda Plaza, Intersection of Weiweng Road and Xudu Road",461000,Xuchang,,CN,China,APAC,FALSE,FALSE,FALSE,34.03063,113.85838
Xuzhou Tongshan Wanda & IMAX,xuzhou-tongshan-wanda-imax,,"4F, Wanda Plaza, No.19 North Beijing Road, Tongshan District ",221100,Xuzhou,,CN,China,APAC,FALSE,FALSE,FALSE,34.19566,117.19480
Xuzhou Yunlong Wanda & IMAX,xuzhou-yunlong-wanda-imax,,4F No. 58 Heping Avenue - Yunlong,221000,Xuzhou,,CN,China,APAC,TRUE,FALSE,FALSE,34.25384,117.24496
Ya’an Wanda & IMAX,ya’-wanda-imax,,"4F, Wanda Plaza, Yaoqiao New District, Yucheng District",625000,Ya'an,,CN,China,APAC,FALSE,FALSE,FALSE,30.01257,103.04289
Yancheng CGV & IMAX,yancheng-cgv-imax,CGV,5F Zhongnan City Mall - South Jiefang Road No. 278,224000,Yancheng,,CN,China,APAC,FALSE,FALSE,FALSE,33.32416,120.18340
Yancheng Wanda & IMAX,yancheng-wanda-imax,,"4F, Wanda Plaza, No.88 Xihuan Road, Yandu District",224000,Yancheng,,CN,China,APAC,FALSE,FALSE,FALSE,33.36424,120.13419
Yancheng Yueda Plaza Omnijoi & IMAX,yancheng-yueda-plaza-omnijoi-imax,,"3-4F, Yueda 889, Crossing of Xiwang Ave. and Qingnian Rd., Tinghu District",224000,"Yancheng, Jiangsu",,CN,China,APAC,FALSE,FALSE,FALSE,33.39016,120.19837
Yangzhou Injoy Bestar & IMAX,yangzhou-injoy-bestar-imax,,"4F, Xincheng Injoy Plaza, No. 23 Zhuxi Rd, Hanjiang District",225118,Yangzhou,,CN,China,APAC,FALSE,FALSE,FALSE,32.42467,119.46724
Yangzhou Jiangdu Jiayuan Mall Omnijoi & IMAX,yangzhou-jiangdu-jiayuan-mall-omnijoi-imax,,"4F, Jiayuan Mall, No. 1175, East Wenchang Rd, Jiangdu District",225200,Yangzhou,,CN,China,APAC,FALSE,FALSE,FALSE,32.40800,119.58161
Yangzhou Omnijoi & IMAX,yangzhou-omnijoi-imax,,3F Sansheng International Plaza - Hanjiang Road - Hanjiang District,225000,Yangzhou,,CN,China,APAC,FALSE,FALSE,FALSE,32.38645,119.40418
Yangzhou Sifang & IMAX,yangzhou-sifang-imax,,"5F, Huamao Shopping Mall, intersection of Mid Weichang Rd. and North Daxue Rd.",225000,Yangzhou,,CN,China,APAC,FALSE,FALSE,FALSE,32.39280,119.43318
Yangzhou SM City Hengdian & IMAX,yangzhou-sm-city-hengdian-and-imax,,"3rd Fl, SM City Yangzhou, No. 77 North Yunhe Road, Guangling District",225000,Yangzhou,Jiangsu Province,CN,China,APAC,TRUE,FALSE,FALSE,32.41680,119.47390
Yanji Wanda & IMAX,yanji-wanda-imax,,"4F, Wanda Plaza, Intersection of Yanhe Road and Xinmin Street, Gongyuan Street",133000,Yanji,,CN,China,APAC,FALSE,FALSE,FALSE,42.90656,129.46533
Yantai Omnijoi & IMAX,yantai-omnijoi-imax,,4F Joy City - HaiGang Road - Zhifu District,264000,Yantai,,CN,China,APAC,FALSE,FALSE,FALSE,37.54472,121.38681
Yantai Zhifu Wanda & IMAX,yantai-zhifu-wanda-imax,,4F South XiGuan Street No.6 - Yantai Zhifu Wanda Plaza - Zhifu District,264000,Yantai,,CN,China,APAC,FALSE,FALSE,FALSE,37.54208,121.39909
Yibin Wanda &  IMAX,yibin-wanda-imax,,"4F, Wanda Plaza, No.7, Southern section of Hangtian Rd, Cuiping District",664002,Yibin,,CN,China,APAC,FALSE,FALSE,FALSE,28.75684,104.65499
Yichang Guomao CGV & IMAX,yichang-guomao-cgv-imax,CGV,"7F, Guomao Tower, No.106, Dongshan Avenue, Xiling District ",443000,Yichang,,CN,China,APAC,FALSE,FALSE,FALSE,30.70867,111.30219
Yichang Wanda & IMAX,yichang-wanda-imax,,3-4F Entertainment Building - Wanda Plaza - Yiling Avenue - Wujia District,443000,Yichang,,CN,China,APAC,FALSE,FALSE,FALSE,30.67243,111.31439
Yichang Yiling Wanda  & IMAX,yichang-yiling-wanda-imax,,"No. 170, Development Avenue, Dongcheng Experimental Zone, Yiling District",443100,Yichang City,,CN,China,APAC,FALSE,FALSE,FALSE,30.74770,111.34710
Yichun Runda Mall Dadi & IMAX,yichun-runda-mall-dadi-imax,,"4-5F, Runda Mall, No.1, West Gulou Rd, Yuanzhou District",336000,Yichun,,CN,China,APAC,FALSE,FALSE,FALSE,27.80057,114.37826
Yichun Wanda & IMAX,yichun-wanda-imax,,"4F, Wanda Plaza, No.6 East Yiyang Avenue, Yuanzhou District",336000,Yichun,,CN,China,APAC,FALSE,FALSE,FALSE,27.65455,113.90004
Yinchuan Jinfeng Wanda & IMAX,yinchuan-jinfeng-wanda-imax,,4F Wanda Plaza - 22 Zhengyuan North Avenue - Jinfeng District,75004,Yinchuan,,CN,China,APAC,TRUE,FALSE,FALSE,38.48840,106.24869
Yinchuan Xixia Wanda & IMAX,yinchuan-xixia-wanda-imax,,4F Xixia Wanda Plaza - North Jinbo Road No.75 - Xixia District,750001,Yinchuan,,CN,China,APAC,FALSE,FALSE,FALSE,38.49363,106.15074
Yingkou Bayuquan Wanda & IMAX,yingkou-bayuquan-wanda-imax,,"4F, No.45 Hudiequan Road, Bayuquan District",115000,Yingkou,,CN,China,APAC,FALSE,FALSE,FALSE,40.24840,122.15294
Yingkou Wanda & IMAX,yingkou-wanda-imax,,4F Wanda Plaza - 1 Shifu Road South Section - Zhanqian District,115000,Yingkou,,CN,China,APAC,FALSE,FALSE,FALSE,40.65614,122.23804
Yiwu Lifestyle Centre Poly & IMAX,yiwu-lifestyle-centre-poly-imax,,"6F, Yiwu Lifestyle Centre, No.9 West Gongren Road",322000,Yiwu,,CN,China,APAC,FALSE,FALSE,FALSE,29.31389,120.07985
Yiwu SFC Xcinema & IMAX,yiwu-sfc-xcinema-imax,,"4F, Shimao Glory Mall, Cross of  Futian Road and Chengbei Road",322000,Yiwu,,CN,China,APAC,FALSE,FALSE,FALSE,29.33180,120.11415
Yiwu Wanda & IMAX,yiwu-wanda-imax,,"4F, Wanda  Plaza, Intersection of Xijiang Road and Xinke Road",322000,Yiwu,,CN,China,APAC,FALSE,FALSE,FALSE,29.28433,120.04845
Yixing Wanda & IMAX,yixing-wanda-imax,,3/4F - 550 Donghong Road,214000,Yixing,,CN,China,APAC,FALSE,FALSE,FALSE,31.36499,119.83329
Yiyang Wanda & IMAX,yiyang-wanda-imax,,"4F, Wanda Plaza, Cross of Yiyang Avenue and Luoxi Road, Heshan District",413000,Yiyang,,CN,China,APAC,FALSE,FALSE,FALSE,28.57123,112.37961
Yueqing Hongqiao Legend Pictures & IMAX,yueqing-hongqiao-legend-pictures-imax,,"4F, Tianyuan Plaza, No.555 South Feihong Road, Hongqiao Town",325600,Yueqing,,CN,China,APAC,FALSE,FALSE,FALSE,28.21405,121.04016
Yueyang BBG CGV & IMAX,yueyang-bbg-cgv-imax,CGV,"9F, BBG Plaza, No.1 East Maoling Rd, Yueyang Tower District",414000,Yueyang,,CN,China,APAC,FALSE,FALSE,FALSE,29.37776,113.11619
Yulin Wanda & IMAX,yulin-wanda-imax,,"3-4F, Wanda Plaza, No. 175, Changxing Rd, Hi-tech Industrial Development Zone, Yuyang District",719054,Yulin,,CN,China,APAC,FALSE,FALSE,FALSE,38.25253,109.76011
Yulin Jincheng & IMAX,yulin-jincheng-imax,,"4F, Hall B, Jincheng Center, No.808 East Renmin Road, Yuzhou ",537099,"Yulin, Guangxi",,CN,China,APAC,FALSE,FALSE,FALSE,22.64760,110.19090
Yuncheng Wanda & IMAX,yuncheng-wanda-imax,,"4F, Wanda Plaza, Intersection of Yuxi Rd and Pu’an Street, Yanhu District",44000,Yuncheng,,CN,China,APAC,FALSE,FALSE,FALSE,35.04942,111.03582
Zaozhuang Wanda & IMAX,zaozhuang-wanda-imax,,"4F, Wanda Plaza, No.126 Yongxing Road, Xuecheng District",530000,Zaozhunag,,CN,China,APAC,FALSE,FALSE,FALSE,34.80022,117.27523
Zhangjiagang Omnijoi & IMAX,zhangjiagang-omnijoi-imax,,"6th Fl, Hexi Road No.88, Mambat Shopping Mall",215600,Zhangjiagang,,CN,China,APAC,FALSE,FALSE,FALSE,31.86050,120.54731
Zhangjiagang Wanda & IMAX,zhangjiagang-wanda-imax,,"4F, Gate 2, Wanda Plaza, No.20, East Renmin Rd, Zhangjiagang",215600,Zhangjiagang,,CN,China,APAC,FALSE,FALSE,FALSE,31.87651,120.58172
Zhangjiakou New Wuyi Square  & IMAX,zhangjiakou-new-wuyi-square-and-imax,,"3rd Floor, New Wuyi Square, Wuyi Street, Qiaodong District",75000,Zhangjiakou,Hebei Province,CN,China,APAC,TRUE,FALSE,FALSE,40.82050,114.89130
Zhangzhou Red Star Macalline Jinyi & IMAX,zhangzhou-red-star-macalline-jinyi-imax,,"4F, Red Star Macalline Plaza, No. 368 West Shengli Rd., Xiangcheng District",363099,Zhangzhou,,CN,China,APAC,FALSE,FALSE,FALSE,24.52961,117.63222
Zhangzhou Taishangqu Wanda & IMAX,zhangzhou-taishangqu-wanda-imax,,"4F, Wanda Plaza, Jingjiang Avenue, Jiaomeo County, Taishang District",363000,Zhangzhou,,CN,China,APAC,FALSE,FALSE,FALSE,24.51343,117.89492
Zhangzhou Wanda & IMAX,zhangzhou-wanda-imax,,4F Wanda Plaza - 2 Jianyuan Road East - Longwen District,363000,Zhangzhou,,CN,China,APAC,TRUE,FALSE,FALSE,24.50477,118.17679
Zhanjiang Chikan Jinyi & IMAX,zhanjiang-chikan-jinyi-imax,,"4F, Yingzhan Holiday Plaza, No.9 Haibei Road, Chikan District",130063,Zhanjiang,,CN,China,APAC,FALSE,FALSE,FALSE,21.28239,110.38256
Zhanjiang China Film Stellar & IMAX,zhanjiang-china-film-stellar-imax,,4F Dingsheng Plaza - No.116 South Renmin Avenue - Xiashan District,524000,Zhanjiang,,CN,China,APAC,FALSE,FALSE,FALSE,21.20998,110.40123
Zhanjiang Wanda & IMAX,zhanjiang-wanda-imax,,"4F, Wanda Plaza, No.128 Binhai Avenue, Jingkai District ",524022,Zhanjiang,,CN,China,APAC,FALSE,FALSE,FALSE,21.25480,110.41008
Zhaoqing Dinghu Wanda & IMAX,zhaoqing-dinghu-wanda-imax,,"4th Fl., SE of Xinghu Ave. and Taoyuan Rd., Dinghu District",526070,Zhaoqing City,,CN,China,APAC,FALSE,FALSE,FALSE,23.14010,112.55730
Zhaoqing Minjie City Bestar & IMAX,zhaoqing-minjie-city-bestar-imax,,"Unit 3067, 4F, Phase 6, Minjie City, No.3, Xin’ansan Rd., Duanzhou District",526040,"Zhaoqing, Guangdong",,CN,China,APAC,FALSE,FALSE,FALSE,23.07373,112.50422
Zhengzhou Grand Emporium CGV & IMAX,zhengzhou-grand-emporium-cgv-imax,CGV,"6-7F, Grand Emporium, No. 126, Huayuan Rd, Jinshui District",450003,Zhengzhou,,CN,China,APAC,FALSE,FALSE,FALSE,34.80183,113.68753
Zhengzhou Huiji Wanda & IMAX,zhengzhou-huiji-wanda-imax,,"4F, Wanda Plaza, Cross of Kaiyuan Road and Wenhua Road, Huiji District ",450000,Zhengzhou,,CN,China,APAC,FALSE,FALSE,FALSE,34.87475,113.64702
Zhengzhou Wanda Erqi & IMAX,zhengzhou-wanda-erqi-imax,,4F Wanda Plaza - Hanghai Road & Daxue Road - Erqi District,450000,Zhengzhou,,CN,China,APAC,TRUE,FALSE,FALSE,34.64301,113.64301
Zhengzhou Zhengdong MixC & IMAX,zhengzhou-zhengdong-mixc-and-imax,,"7th Floor, Zhengdong MixC , No. 67 Jinshui East Road, Jinshui District",450000,Zhengzhou,Henan Province,CN,China,APAC,TRUE,FALSE,FALSE,34.77310,113.78690
Zhengzhou Zhongyuan Wanda & IMAX,zhengzhou-zhongyuan-wanda-imax,,5-6F Wanda Plaza - 171 Zhongyuan Avenue - Zhongyuan District,450007,Zhengzhou,,CN,China,APAC,TRUE,FALSE,FALSE,34.74720,113.60286
Zhengzhou David City CGV & IMAX,zhengzhou-david-city-cgv-imax,CGV,"6F David City, Erqi Rd. Taikang Rd., Jinshui District",450000,Zhengzhou City,,CN,China,APAC,FALSE,FALSE,FALSE,34.76293,113.67271
Zhengzhou Joy Mata Jinyi  & IMAX,zhengzhou-joy-mata-jinyi-imax,,"4F, Joy Mata, No.216, Changchun Road, Zhongyuan District ",450007,"Zhengzhou, Henan",,CN,China,APAC,FALSE,FALSE,FALSE,34.79710,113.54100
Zhengzhou Yoyo Park CGV & IMAX,zhengzhou-yoyo-park-cgv-imax,CGV,"7F, Yoyo Park, No. 87, Guoji Road, Jinshui District",450045,"Zhengzhou, Henan",,CN,China,APAC,TRUE,FALSE,FALSE,34.81940,113.66230
Zhenjiang Injoy Bestar & IMAX,zhenjiang-injoy-bestar-imax,,"4F, Injoy Plaza, No.223 Dingmaoqiao Road",212000,Zhenjiang,,CN,China,APAC,FALSE,FALSE,FALSE,32.18391,119.50338
Zhenjiang Wanda Plaza & IMAX,zhenjiang-wanda-plaza-imax,,4F Entertainment Building - Wanda Plaza - West Huangshan Road - Runzhou District,212004,Zhenjiang,,CN,China,APAC,FALSE,FALSE,FALSE,32.19397,119.44155
Zhongshan CJ CGV Cinema & IMAX,zhongshan-cj-cgv-cinema-imax,CGV,4/5F Xingzhong Square - No.3 Fengming Road - Shiqi District,528400,Zhongshan,,CN,China,APAC,FALSE,FALSE,FALSE,22.52806,113.36269
Zhongshan Guzhen Lihe Plaza Bona & IMAX,zhongshan-guzhen-lihe-plaza-bona-imax,,"Room 4009,4F Lihe Plaza, No. 98 Tongxing Road, Guzhen Town ",528403,Zhongshan,,CN,China,APAC,FALSE,FALSE,FALSE,22.60634,113.20979
Zhongshan Metro-Mall Jinyi & IMAX,zhongshan-metro-mall-jinyi-imax,,"8F, Metro-Mall, No. 44, East Commercial Building, Jucheng Avenue, Xiaolan Town",528415,Zhongshan,,CN,China,APAC,FALSE,FALSE,FALSE,22.66855,113.23330
Zhongshan Sino Ocean Jinyi & IMAX,zhongshan-sino-ocean-jinyi-imax,,"405, 4F, No.3 Sino Ocean Mall, No.28 6th Boai Road, Dong District",528400,Zhongshan,,CN,China,APAC,FALSE,FALSE,FALSE,22.50904,113.42539
Zhoushan Changzhi Poly & IMAX,zhoushan-changzhi-poly-imax,,"Shop 201-211, No.818 Ruxin Plaza, Changzhi Island, Dinghai District",316000,"Zhoushan, Zhejiang",,CN,China,APAC,FALSE,FALSE,FALSE,29.99159,122.20413
Zhuhai Omnijoi & IMAX,zhuhai-omnijoi-imax,,3F Two Yangming Plaza - 1066 South Fenghuang Road,519000,Zhuhai,,CN,China,APAC,FALSE,FALSE,FALSE,22.27605,113.57920
Zhuhai UNI PARK CGV & IMAX,zhuhai-uni-park-cgv-imax,CGV,"3rd Fl, Building 3, Zhuhai UNI PARK, Qianhe North Rd No. 96, Xiangzhou District",519070,"Zhuhai, Guangdong Province",,CN,China,APAC,TRUE,FALSE,FALSE,22.23480,113.52460
Zhuji Wanda & IMAX,zhuji-wanda-imax,,"4F, Wanda Plaza, No.69 Huandong Street",311800,Zhuji,,CN,China,APAC,FALSE,FALSE,FALSE,29.72344,120.28623
Zhuzhou LIVING MALL Hengdian & IMAX,zhuzhou-living-mall-hengdian-and-imax,,"Floor 3, Area B, Phase I, LIVING Mall, No. 628 Xinhua West Road",412008,Zhuzhou City,Hunan Province,CN,China,APAC,FALSE,FALSE,FALSE,27.84340,113.16200
Zibo Inzone Qina & IMAX,zibo-inzone-qina-imax,,"7F, Zibo Inzone, No. 128, Liuquan Rd, Zhangdian District ",255020,Zibo,,CN,China,APAC,FALSE,FALSE,FALSE,36.81154,118.05682
Zibo Wanda & IMAX,zibo-wanda-imax,,"4F, Wanda Plaza, No. 17 Zhongrun Avenue, Zhangdian District",255000,"Zibo, Shandong",,CN,China,APAC,FALSE,FALSE,FALSE,36.83940,117.96520
Zigong Seewell & IMAX Nanhu,zigong-seewell-imax-nanhu,,3F Building No.5 - Huashang Shopping Mall - Huinan Road - HuiDong New District,643000,Zigong,,CN,China,APAC,FALSE,FALSE,FALSE,29.32417,104.77912
Zigong Wanda Plaza & IMAX,zigong-wanda-plaza-imax,,"4F, Wanda Plaza, 1699 Huichuan Road, Ziliujing District",643000,"Zigong City, Sichuan",,CN,China,APAC,FALSE,FALSE,FALSE,29.32790,104.75580
Ziyang Wanda & IMAX,ziyang-wanda-imax,,"4F, No. 120 Jiaozi Avenue, Yanjiang District",641300,Ziyang,,CN,China,APAC,FALSE,FALSE,FALSE,30.13333,104.62725
Zunyi Sky Square Jinyi & IMAX,zunyi-sky-square-jinyi-imax,,"3F-A, Sky Square, No.9  Changzheng Avenue, Xinpu New District, Honghuagang District",563000,Zunyi,,CN,China,APAC,FALSE,FALSE,FALSE,27.72217,107.06942
MY Cinema Yoho Mall & IMAX,my-cinema-yoho-mall-imax,,"Shop 1021, Level 1, YOHO MALL , No.9 Long Yat Road, Yuen Long, New Territories",999077,"Hong Kong, Hong Kong",,HK,Hong Kong,APAC,FALSE,FALSE,FALSE,22.44573,114.03855
"OMNIMAX, Hong Kong Space Museum",omnimax-hong-kong-space-museum,,"No.10, Salisbury Road, Tsim Sha Tsui, Kowloon",,"Hong Kong, Hong Kong",,HK,Hong Kong,APAC,FALSE,FALSE,FALSE,22.29425,114.17181
Hongkong B+ Cine MOKO & IMAX,hongkong-b-cine-moko-imax,,"4/F, MOKO 193 Prince Edward Road West, Mongkok",999077,Kowloon,,HK,Hong Kong,APAC,FALSE,FALSE,FALSE,22.32283,114.17231
CineArt MegaBox & IMAX,cineart-megabox-and-imax,,"Unit 1-7, L11, MegaBox, 38 Wang Chiu Road",214001,Kowloon Bay,,HK,Hong Kong,APAC,TRUE,FALSE,FALSE,22.32000,114.20840
Hong Kong Golden Harvest Megabox & IMAX,hong-kong-golden-harvest-megabox-imax,,"GH MegaBox, Unit 1- 7, 11/F, MegaBox, Enterprise Square Five, 38 Wang Chiu Road, Kowloon Bay, ",852945,"Kowloon Bay, Hong Kong, Hong Kong",,HK,Hong Kong,APAC,FALSE,FALSE,FALSE,22.32009,114.20835
Hongkong ISQUARE Emperor & IMAX,hongkong-isquare-emperor-imax,,7F iSQUARE No.63 Midun Road Tsimshatsui,999077,"Kowloon, Hong Kong",,HK,Hong Kong,APAC,TRUE,FALSE,FALSE,22.29655,114.17212
Summarecon Mall Bandung & IMAX,summarecon-mall-bandung-and-imax,,"Jl. Bulevar Barat, No.75-89., Cisaranten Kidul, Kec. Gedebage",,Bandung,West Java,ID,Indonesia,APAC,TRUE,FALSE,FALSE,-6.96040,107.70240
Summarecon Mal Bekasi & IMAX,summarecon-mal-bekasi-imax,,"Summarecon Mal Bekasi Lantai 3, Jl. Bulevar Ahmad Yani",17142,Bekasi,,ID,Indonesia,APAC,FALSE,FALSE,FALSE,-6.22783,106.99995
Living World Kota Wisata XXI & IMAX,living-world-kota-wisata-xxi-and-imax,,"Mall Living World Kota Wisata Lt. 3, Jl. Boulevard Kota Wisata, Ciangsana, Kec. Gn. Putri",16968,Bogor,"Kabupaten Bogor, Jawa Barat ",ID,Indonesia,APAC,TRUE,FALSE,FALSE,-6.36920,106.95940
AEON Mall Deltamas & IMAX,aeon-mall-deltamas-and-imax,,"AEON Mall Deltamas Lt. Lantai 2,Unit 2-080 JL. Ganesha Boulevard, Area Komersial Sektor 2.1, Kota Deltamas, Hegarmukti Cikarang Pusat, Kabupaten Bekasi",17531,Deltamas,Jawa Barat,ID,Indonesia,APAC,TRUE,FALSE,FALSE,-6.34820,107.18560
Icon Bali XXI & IMAX,icon-bali-xxi-and-imax,,"Icon Bali Mall Lt. 1F, Jl. Danau Tamblingan No. 27, Sanur, Denpasar Selatan",80228,Denpaser,"Kota Denpasar, Bali",ID,Indonesia,APAC,TRUE,FALSE,FALSE,-8.68660,115.26280
Agora Mall & IMAX,agora-mall-and-imax,,"Agora Mall Lt. 3, Jl. M H Thamrin No. 10, Kebon Melati, Kec. Tanah Abang",10230,Jakarta,,ID,Indonesia,APAC,TRUE,FALSE,FALSE,-6.19930,106.82200
Gandaria XXI IMAX,21-cineplex-gandaria-xxi,,Gandaria City Level 2 - Jalan Sultan Iskandar Muda - Kebayoran Lama,,Jakarta,,ID,Indonesia,APAC,TRUE,FALSE,FALSE,-7.29251,112.71822
Gading 21 XXI IMAX,21-cineplex-gading-xxi-imax,,Mall Kelapa Gading 3 - Lantai 3 - Jalan Bulevar Kelapa Gading,,Jakarta Utara,,ID,Indonesia,APAC,TRUE,FALSE,FALSE,-6.15737,106.90900
Cinema XXI AEON Mall Sentul City & IMAX,cinema-xxi-aeon-mall-sentul-city-imax,,"Jl. MH. Thamrin No.10, Citaringgul, Kec. Babakan Madang",16810,"Kabupaten Bogor, West Java",,ID,Indonesia,APAC,FALSE,FALSE,FALSE,-6.56720,106.85750
Cinema XXI Margo Mall & IMAX,cinema-xxi-margo-mall-imax,,"Jln. Margonda Raya No. 358, Kemiri Muka, Kec. Beji",16424,"Kota Depok, Jawa Barat",,ID,Indonesia,APAC,TRUE,FALSE,FALSE,-6.37210,106.83490
Delipark XXI & IMAX,delipark-xxi-imax,,"Jl. Putri Hijau No.1, Cinema XXI Lt 5, Kesawan, OPQ",20111,Medan,,ID,Indonesia,APAC,FALSE,FALSE,FALSE,3.59413,98.67604
The Park Semarang XXI & IMAX,the-park-semarang-xxi-and-imax,,"Jl. Madukoro Raya, Blok E1 No.10-11, Tawang Mas, Semarang Barat",50411,"Semarang, Central Java",,ID,Indonesia,APAC,TRUE,FALSE,FALSE,-6.96940,110.39010
Cinema XXI & IMAX,cinema-xxi-imax,,"Jl Puncak Indah Lontar no 2, Babatan",60213,Surabaya,,ID,Indonesia,APAC,FALSE,FALSE,FALSE,-7.29037,112.67538
Tunjungan 5 XXI & IMAX,21-cineplex-tunjungan-xxi-imax,,Tunjungan Plaza - Lantai 5 - Jalan Basuki Rahmat No. 8-12,,Surabaya,,ID,Indonesia,APAC,FALSE,FALSE,FALSE,-7.26302,112.73931
SM Cinema Aura Premier & IMAX,sm-cinema-aura-premier-imax,SM,26th Street - Corner McKinley Parkway - Baranguay Fort Bonifacio - Global City,1630,Taguig City,,ID,Indonesia,APAC,TRUE,FALSE,FALSE,14.54693,121.05495
Alam Sutera XXI & IMAX,alam-sutera-xxi-and-imax,,"Mall Alam Sutera Lt. 2. Jln. Jalur Sutera 30D / 18 , Alam Sutera Serpong",15325,Tangerang,Banten,ID,Indonesia,APAC,TRUE,FALSE,FALSE,-6.21870,106.66580
Summarecon Mal Serpong & IMAX,21-cineplex-summarecon-mal-serpong-imax,,Summarecon Mal - Lantai 3 Jalan Bulevar Gading Serpong,,Tangerang,,ID,Indonesia,APAC,FALSE,FALSE,FALSE,-6.23947,106.62863
Bintaro Xchange 2 & IMAX,bintaro-xchange-2-and-imax,,"Bintaro Xchange 2 Mall, Lt. 1, Jl.Tegal Rotan Raya, Jln. Lkr. Jaya No. 24, Pd. Jaya, Kec. Pd. Aren",15220,Tangerang Selatan,Banten,ID,Indonesia,APAC,TRUE,FALSE,FALSE,-6.28530,106.73000
Cinema XXI The Breeze & IMAX,cinema-xxi-breeze-imax,,"Jalan Grand Boulevard, BSD Green Office Park, BSD City",15310,Tangerang Selatan,,ID,Indonesia,APAC,FALSE,FALSE,FALSE,-6.30233,106.65256
"IMAX 3D, Gujarat Science City",imax-3d-gujarat-science-city,,"Village Hebatpur, Sola-Santej Road, Nr. Science City Cross Road",382481,Ahmedabad,,IN,India,APAC,FALSE,FALSE,FALSE,23.03038,72.58037
PVR Phoenix Palladium & IMAX,pvr-phoenix-palladium-and-imax,,"Gandhinagar Highway, Thaltej",380054,Ahmedabad,Gujarat,IN,India,APAC,TRUE,FALSE,FALSE,23.05780,72.52090
INOX Mantri Mall & IMAX,inox-mantri-mall-imax,,"Mantri Square Mall, No. 1, Sampige Road, Malleshwaram",560003,Bangalore,,IN,India,APAC,FALSE,FALSE,FALSE,12.99156,77.57100
PVR IMAX,pvr-imax,,"The Forum, 21-22, Adugodi Main Rd., Koramangala",560095,Bangalore,,IN,India,APAC,TRUE,FALSE,FALSE,12.93471,77.61150
PVR Vega Mall & IMAX,pvr-vega-mall-imax,,"4th Floor, Vega Mall, Behind JD Mara Bus Stop, N.S Pallaya, Bannergatta Main Road",560-076,Bangalore,,IN,India,APAC,FALSE,FALSE,FALSE,12.90783,77.60103
PVR Xanders & IMAX,pvr-xanders-imax,,"3rd Floor, VR Mall, Main Whitefield Road, Mahadevpura",560048,Bangalore,,IN,India,APAC,FALSE,FALSE,FALSE,12.99622,77.69531
Cinepolis Prestige Shantiniketan & IMAX,cinepolis-prestige-shantiniketan-imax,CPLS,"#16, Whitefield Main Rd, Hoodi, Thigalarapalya, Sadara Mangala Industrical Area",560048,Bengaluru,,IN,India,APAC,FALSE,FALSE,FALSE,12.98896,77.72799
INOX RMZ Galleria Mall & IMAX,inox-rmz-galleria-mall-imax,,"2nd Fl, RMZ Galleria Mall, Ambedkar Colony, Yelahanka",560064,Bengaluru,,IN,India,APAC,FALSE,FALSE,FALSE,13.09462,77.59321
INOX Luxe Phoenix Market City & IMAX,jazz-cinemas-luxe-imax,,"2nd Floor, Phoenix Market City, Velachery Main Rd, Velachery",600042,Chennai,,IN,India,APAC,FALSE,FALSE,FALSE,12.99135,80.21615
Palazzo IMAX,palazzo-imax,,"Block No.5, Door Nos. 183-190,NSK Salai (Arcot Rd)",600026,Chennai,,IN,India,APAC,TRUE,FALSE,FALSE,13.04968,80.20950
Broadway Megaaplex & IMAX,broadway-megaaplex-imax,,"Survey No. 761/1, Off Avinashi Road, Civil Aerodrome Post",641014,Coimbatore,,IN,India,APAC,TRUE,FALSE,FALSE,11.04570,77.05060
INOX Vishal Mall & IMAX,inox-vishal-mall-imax,,"Shivaji Place, Vishal Enclave, Tagore Garden Ext.",110027,Delhi,,IN,India,APAC,TRUE,FALSE,FALSE,28.64170,77.12250
Cinepolis Center Square Mall & IMAX,cinepolis-center-square-mall-and-imax,CPLS,"MG Road, Near Abad Plaza Hotel ",682035,Kochi,Kerala,IN,India,APAC,TRUE,FALSE,FALSE,9.97760,76.28310
INOX South City Mall & IMAX,inox-south-city-mall-imax,,"375, Prince Anwar Shah Road",700038,Kolkata,,IN,India,APAC,FALSE,FALSE,FALSE,22.50198,88.36165
INOX Megaplex & IMAX,inox-megaplex-imax,,"3rd Fl., Plot No. 1, Sector no. 7, Gomti Nagar Extension, Amar Shaheed Path",226010,"Lucknow, Uttar Pradesh",,IN,India,APAC,FALSE,FALSE,FALSE,26.83900,81.01150
EROS & IMAX,eros-and-imax,,"Cambata Building, 42, Maharshi Karve Rd, Churchgate",400020,Mumbai,Maharashtra,IN,India,APAC,TRUE,FALSE,FALSE,18.93190,72.82790
INOX Inorbit Mall & IMAX,inox-inorbit-mall-imax,,"New Link Road, Mindspace, Malad West ",400064,Mumbai,,IN,India,APAC,FALSE,FALSE,FALSE,19.17255,72.83553
INOX R-City Mall Ghatkoper & IMAX,inox-r-city-mall-ghatkoper-imax,,"3rd Floor, R City Mall, LBS MARG, Ghatkoper West",400086,Mumbai,,IN,India,APAC,FALSE,FALSE,FALSE,19.09935,72.91691
INOX Sky City Mall & IMAX,inox-sky-city-mall-and-imax,,"Sky City Mall by Oberoi Realty, Off Western Express Highway, Borivali East",400066,Mumbai,Maharashtra,IN,India,APAC,TRUE,FALSE,FALSE,19.22360,72.86440
Miraj Wadala & IMAX,miraj-wadala-and-imax,,"Ajmera I-Land Road, Bhakti Park",400037,Mumbai,Maharashtra,IN,India,APAC,TRUE,FALSE,FALSE,19.03160,72.88090
PVR INOX Jio World Plaza Bkc & IMAX,pvr-inox-jio-world-plaza-bkc-and-imax,,"Jio World Plaza, G Block BKC, Bandra Kurla Complex, Bandra East",400055,Mumbai,Maharashtra,IN,India,APAC,TRUE,FALSE,FALSE,19.05390,72.85120
PVR Phoenix IMAX,pvr-phoenix-imax,,462 Senapati Bapat Marg.,400013,Mumbai,,IN,India,APAC,TRUE,FALSE,FALSE,19.00081,72.82908
Cinepolis Seawoods Grand Central Mall & IMAX,cinepolis-seawoods-grand-central-mall-imax,CPLS,"Seawoods Station Rd, Seawoods West, Nerul East, Sector 40, Nerul",400776,Navi Mumbai,,IN,India,APAC,FALSE,FALSE,FALSE,19.02130,73.01784
INOX Paras & IMAX,inox-paras-imax,,"1st floor, Paras Cinema Building, Plot No. 1, Nehru Place",110019,New Delhi,,IN,India,APAC,TRUE,FALSE,FALSE,28.54710,77.25170
PVR Ambience Gold & IMAX,pvr-ambience-gold-imax,,"Lane Number V-40, Ambience Island, DLF Phase 3, Sector 24, Gurugram, Haryana",122002,New Delhi,,IN,India,APAC,FALSE,FALSE,FALSE,28.50419,77.09739
PVR Priya & IMAX,pvr-priya-imax,,"61, Community Centre, Basant Lok, Vasant Vihar",110057,New Delhi,,IN,India,APAC,TRUE,FALSE,FALSE,28.55725,77.16446
PVR Select City Walk Gold & IMAX,pvr-select-city-walk-gold-imax,,"First Floor, Select City Walk Mall, District Center, Saket",110017,New Delhi,,IN,India,APAC,TRUE,FALSE,FALSE,28.52809,77.21958
PVR Vegas Dwarka & IMAX,pvr-vegas-dwarka-imax,,"Sector 14 Rd, Pocket 1, Sector 14 Dwarka, Kakrola",110078,New Delhi,,IN,India,APAC,FALSE,FALSE,FALSE,28.60079,77.02958
PVR Logix Noida & IMAX,pvr-logix-noida-imax,,"Plot No. BW-58, Sector 32, Noida, Utter Pradesh",201301,Noida,,IN,India,APAC,FALSE,FALSE,FALSE,28.57366,77.35350
PVR Superplex Mall of India & IMAX,pvr-superplex-mall-india-imax,,"4th Floor, DLF Mall Of India, Noida Sec-18",201301,Noida,,IN,India,APAC,TRUE,FALSE,FALSE,28.56700,77.32170
Cinepolis Westend Mall Sumashilp Pune & IMAX,cinepolis-westend-mall-sumashilp-pune-imax,CPLS,"1st Floor, Westend Mall, Aundh",411007,Pune,,IN,India,APAC,FALSE,FALSE,FALSE,18.56168,73.80730
PVR INOX PMC Pune & IMAX,pvr-inox-pmc-pune-and-imax,,"3rd floor, Phoenix Mall of the Millennium, Wakad",411057,Pune,Maharashtra,IN,India,APAC,TRUE,FALSE,FALSE,18.60050,73.75660
Rajhans Surat & IMAX,rajhans-surat-and-imax,,"Udhana-Magdalla Road, Near Schmitten Circle (Y Junction), Vesu",395007,Surat,Gujarat,IN,India,APAC,TRUE,FALSE,FALSE,21.14680,72.76160
Cinépolis Vivana Mall & IMAX,cinépolis-vivana-mall-imax,,Eastern Express Highway - Next to Jupiter Hospital,400606,Thane,,IN,India,APAC,FALSE,FALSE,FALSE,19.20837,72.97183
PVR Lulu Trivandrum & IMAX,pvr-lulu-trivandrum-and-imax,,"Kochuvli, Thiruvananthapuram Kazhakootam-Kovalam Bypass Rd",695021,Thiruvananthapuram,Kerala,IN,India,APAC,FALSE,FALSE,FALSE,8.51540,76.89770
Cinema World Lalaport Anjo & IMAX,cinema-world-lalaport-anjo-and-imax,,9-30 Daito-cho,446-0065,Anjo,Aichi Prefecture,JP,Japan,APAC,TRUE,FALSE,FALSE,34.96610,137.07960
AEON Ichikawa Myoden & IMAX,aeon-ichikawa-myoden-imax,,"2-Bangai, 4-1-1, Myoden, Ichikawa-shi",272-0111,Chiba,,JP,Japan,APAC,TRUE,FALSE,FALSE,35.69234,139.92648
TOHO Nagareyama-Takanomori & IMAX,toho-nagareyama-takanomori-imax,,"3F Nagareyama Otaka no Mori Shopping Center, 1-5-1 Otakano moriminami, Nagareyama",270-0139,Chiba,,JP,Japan,APAC,TRUE,FALSE,FALSE,35.87029,139.92656
Aeon Makuhari Shin-toshin & IMAX,aeon-makuhari-shin-toshin-imax,,"1-1, Toyosuna, Mihama-ku",261-8535,"Chiba-shi, Chiba",,JP,Japan,APAC,TRUE,FALSE,FALSE,35.65387,140.03067
TOHO Cinemas Hibiya & IMAX,toho-cinemas-hibiya-imax,,1-1-2 Yuurakucyo,100-0006,Chiyodaku,,JP,Japan,APAC,TRUE,FALSE,FALSE,35.67327,139.75972
Aeon Chofu & IMAX,aeon-chofu-imax,,"2-61-1, Kojimacho",182-0026,"Chofu-shi, Tokyo",,JP,Japan,APAC,TRUE,FALSE,FALSE,35.65249,139.54167
109 Cinemas Shonan & IMAX,109-cinemas-shonan-imax,,Terrace Mall 4F - 1-3-1 Tsujidokandai,251-0041,Fujisawa City,,JP,Japan,APAC,TRUE,FALSE,FALSE,35.33929,139.44691
Fukuyama Eigaru 8 & IMAX,fukuyama-eigaru-8-imax,,2-10-26 Kannabecho Oaza Shindo Joaza - Fuji Guran Kannabe Uchi 3F,720-2107,Fukuyama-shi,,JP,Japan,APAC,FALSE,FALSE,FALSE,34.54426,133.35733
AEON Cinema Hachioji Takiyama & IMAX,aeon-cinema-hachioji-takiyama-and-imax,,"Bldg. A 3F, Aeon Hachioji Takiyama South, 1-884 Takiyama-machi",192-0011,Hachioji-shi,Tokyo,JP,Japan,APAC,TRUE,FALSE,FALSE,35.68290,139.34040
United Cinemas Canal City 13 & IMAX,united-cinemas-canal-city-13-imax,,1-2-22 Sumiyoshi Hakata-ku,812-0018,Hakata-ku,,JP,Japan,APAC,TRUE,FALSE,FALSE,33.59203,130.36436
EarthCinemas Himeji & IMAX,earthcinemas-himeji-and-imax,,"Terasso Himeji 4F, 27 Ekimaecho",670-0927,Himeji,Hyogo,JP,Japan,APAC,TRUE,FALSE,FALSE,34.82690,134.69350
T-JOY Hiroshima Wald 11 & IMAX,t-joy-hiroshima-wald-11-imax,,"4th Floor, Aeon Mall Hiroshima, 2-1-1 Osu, Fuchu-cho, Aki-gun",735-0021,Hiroshima,,JP,Japan,APAC,FALSE,FALSE,FALSE,34.39420,132.49951
United Cinemas Sapporo Factory & IMAX,united-cinemas-sapporo-factory-imax,,"1 Jo-kan Sapporo Factory 4-1-1Kita Ichijo Higashi, Chuo-ku",060-0031,Hokkaida,,JP,Japan,APAC,TRUE,FALSE,FALSE,43.06369,141.36291
US Cinema Chiharadai & IMAX,us-cinema-chiharadai-imax,,Shopping Mall Yunimo Chiharadai 3-4 Chiharadainishi,290-0143,Ichihara,,JP,Japan,APAC,FALSE,FALSE,FALSE,35.52774,140.17121
Cinema Sunshine Iizuka & IMAX,cinema-sunshine-iizuka-imax,,3-6-1 Komodanishi,820-0017,"Iizuka, Fukuoka",,JP,Japan,APAC,TRUE,FALSE,FALSE,33.63260,130.68530
Kagoshima Mitte 10 & IMAX,kagoshima-mitte-10-imax,,"1-1 Chuo-cho, Amu Plaza Kagoshima Honkan 6F",890-0053,Kagoshima,,JP,Japan,APAC,FALSE,FALSE,FALSE,31.58462,130.54306
"Space Theatre, Municipal Science Hall",space-theatre-municipal-science-hall,,2-31-18 Kamoike,103-0013,Kagoshima,,JP,Japan,APAC,FALSE,FALSE,FALSE,31.56328,130.55434
Aeon Kakamigahara & IMAX,aeon-kakamigahara-imax,,"3-8, Nakakayabacho",504-0943,"Kakamigahara-shi, Gifu",,JP,Japan,APAC,TRUE,FALSE,FALSE,35.39195,136.82357
United Cinemas Kanazawa & IMAX,united-cinemas-kanazawa-and-imax,,"1-70-1, Takayanagimachi",920-0005,Kanazawa,Ishikawa,JP,Japan,APAC,TRUE,FALSE,FALSE,36.58996,136.65870
Aeon Fukuoka & IMAX,aeon-fukuoka-imax,,"192-1-2064, Aza Oinoki, Oaza Sakado",811-2303,"Kasuya-machi, Kasuya-gun, Fukuoka",,JP,Japan,APAC,TRUE,FALSE,FALSE,33.59643,130.47963
109 Cinemas Kawasaki & IMAX,109-cinemas-kawasaki-imax,,Lazona Kawasaki Plaza 5F - 72-1 Horikawa-cho - Saiwai-ku - Kawasaki-shi,212-8576,Kawasaki,,JP,Japan,APAC,TRUE,FALSE,FALSE,35.53257,139.69585
109 Cinemas Kiba & IMAX,109-cinemas-kiba-imax,,Ito Yokado Kiba 3F - 1-5-30 Kiba Koto-ku,135-0042,Kiba,,JP,Japan,APAC,TRUE,FALSE,FALSE,35.66614,139.80496
AEON Cinema Ezuriko & IMAX,aeon-cinema-ezuriko-and-imax,,"Etsuko Shopping Center Pal 2nd Floor,19-74-3 Kitakiyari",024-0072,Kitakami City,Iwate Prefecture,JP,Japan,APAC,TRUE,FALSE,FALSE,39.29302,141.09361
Lawson United Cinemas Kokura & IMAX,lawson-united-cinemas-kokura-and-imax,,"Cha Cha Town Kokura, 3-1-1-3010 Sunatsu, Kokurakita-ku",802-0014,Kitakyushu,Fukuoka,JP,Japan,APAC,TRUE,FALSE,FALSE,33.88300,130.88840
Aeon Koshigaya Lake Town & IMAX,aeon-koshigaya-lake-town-imax,,"4-2-2, Lake Town",343-0828,"Koshigaya-shi, Saitama",,JP,Japan,APAC,TRUE,FALSE,FALSE,35.87853,139.82509
TOHO Cinemas Nijo & IMAX,toho-cinemas-nijo-imax,,"107 Nishinokyotoganocho, Nakagyo-ku, Kyoto-shi",604-8415,Kyoto-fu,,JP,Japan,APAC,TRUE,FALSE,FALSE,35.01069,135.74089
Lawson United Cinemas Maebashi & IMAX,lawson-united-cinemas-maebashi-and-imax,,"2-1-1, Bunkyocho",371-0801,Maebashi,Gunma Prefecture,JP,Japan,APAC,TRUE,FALSE,FALSE,36.37880,139.07790
United Cinemas Matsudo & IMAX,united-cinemas-matsudo-imax,,2-8-1 Hachigasaki,270-0023,Matsudo,,JP,Japan,APAC,TRUE,FALSE,FALSE,35.81734,139.93504
Cinema Sunshine Kinuyama & IMAX,cinema-sunshine-kinuyama-imax,,1-888 Kinuyama,791-8025,Matsuyama-shi,,JP,Japan,APAC,TRUE,FALSE,FALSE,33.85383,132.74686
TOHO Cinemas Malera Gifu & IMAX,toho-cinemas-malera-gifu-and-imax,,"Malera Gifu 2F, 1100 Mitsuhashi",501-0497,Motosu-shi,Gifu Pref.,JP,Japan,APAC,TRUE,FALSE,FALSE,35.45550,136.67380
Lawson United Cinemas Nagasaki & IMAX,lawson-united-cinemas-nagasaki-and-imax,,"1-1, Onouemachi",850-0058,Nagasaki,Nagasaki Pref.,JP,Japan,APAC,TRUE,FALSE,FALSE,32.75110,129.87120
109 Cinemas Nagoya & IMAX ,109-cinemas-nagoya-imax,,"Market Square Sasashima 2F, 4-60-14 Hiraike-cho Nakamura-ku",453-0872,Nagoya,,JP,Japan,APAC,FALSE,FALSE,FALSE,35.16281,136.88487
AEON Cinema Oodaka & IMAX,aeon-cinema-oodaka-imax,,"2-450 Midoriku Minamioodaka, Aeon Mall Oodaka 1F",459-8016,Nagoya,,JP,Japan,APAC,FALSE,FALSE,FALSE,35.05306,136.94850
TOHO Cinemas Nagoya Sakae & IMAX,toho-cinemas-nagoya-sakae-and-imax,,"3-25-1 Nishiki, Naka-ku",460-0003,Nagoyi-shi,Aichi Prefecture,JP,Japan,APAC,TRUE,FALSE,FALSE,35.16930,136.90790
Narita Humax Cinemas IMAX,narita-humax-cinemas-imax,,80 Wing Tsuchiya HUMAX Pavilion Narita 2FL,286-0029,Narita,,JP,Japan,APAC,FALSE,FALSE,FALSE,35.79280,140.32178
United Cinemas Toshimaen & IMAX,united-cinemas-toshimaen-imax,,4-15-20 Nerima,176-0001,Nerima-ku,,JP,Japan,APAC,TRUE,FALSE,FALSE,35.74236,139.64900
Aeon Niigata Minami & IMAX,aeon-niigata-minami-imax,,"1-1-1, Shimohayadori-yanagida, Konan-ku",950.015,"Niigata-shi, Niigata",,JP,Japan,APAC,TRUE,FALSE,FALSE,37.87707,139.08219
TOHO Nishinomiya OS & IMAX,toho-nishinomiya-os-imax,,"14-2,Takamatsucho",663-8204,"Nishinomiya, Hyogo",,JP,Japan,APAC,TRUE,FALSE,FALSE,34.74374,135.35983
TOHO Cinemas Akaike & IMAX,toho-cinemas-akaike-and-imax,,"Prime Tree Akaike 4F, 1 Minote, Akaike-cho",470-0126,Nisshin,Aichi,JP,Japan,APAC,TRUE,FALSE,FALSE,35.11880,137.02160
Cinema Sunshine Lalaport Numazu & IMAX,cinema-sunshine-lalaport-numazu-imax,,"301-3 Higashihara, Higashi-Shiiji",4108541,"Numazu City, Shizuoka Prefecture",,JP,Japan,APAC,TRUE,FALSE,FALSE,35.11834,138.84016
Aeon Okayama & IMAX,aeon-okayama-imax,,"1-2-1, Shimoishii, Kita-ku",700-0907,"Okayama-shi, Okayama",,JP,Japan,APAC,TRUE,FALSE,FALSE,34.60275,133.74658
United Cinemas Okazaki & IMAX,united-cinemas-okazaki-and-imax,,"Wing Town Okazaki, 3 Azukizaka",444-0814,Okazaki,Aichi,JP,Japan,APAC,TRUE,FALSE,FALSE,34.92330,137.17410
109 Cinemas Osaka Expocity & IMAX,109-cinemas-osaka-expocity-imax,,"Expo City 2-1 Senri Banpaku Koen, Suita-shi",565-0826,Osaka,,JP,Japan,APAC,TRUE,FALSE,FALSE,34.80472,135.53360
AEON Shijonawate & IMAX,aeon-shijonawate-imax,,"Aeon Mall Shijonawate, 4th Floor, 4-3-2, Suna, Shijonawate-shi",575-0001,Osaka,,JP,Japan,APAC,TRUE,FALSE,FALSE,34.74662,135.62948
TOHO Cinemas Namba & IMAX,toho-cinemas-namba-imax,,"8F TOHO Nangai Bldg. 3-8-9  Namba, Chuo-ku",542-0076,Osaka,,JP,Japan,APAC,FALSE,FALSE,FALSE,34.66535,135.50155
United Cinemas Kishiwada & IMAX,united-cinemas-kishiwada-imax,,"3F Kishiwada Kankan Bayside Mall, West , 3-1 Minato Midori Machi, Kishiwada-shi",596-0014,oSAKA,,JP,Japan,APAC,TRUE,FALSE,FALSE,34.46615,135.37153
109 Cinemas Shobu & IMAX,109-cinemas-shobu-imax,,"Mallage Shobu 3F, 3555, Ooazashobu, Shobumachi, Minamisaitama-gun",346-0195,Saitama,,JP,Japan,APAC,TRUE,FALSE,FALSE,36.05942,139.60128
TOHO Cinemas Sendai & IMAX,toho-cinemas-sendai-imax,,"3-7-5 Aobakuchuo, Sendai PARCO2 6F",9808450,Sendai,,JP,Japan,APAC,FALSE,FALSE,FALSE,38.25912,140.88021
Aeon Cinema Suzaka & IMAX,aeon-cinema-suzaka-and-imax,,"Aeon Mall Suzaka 4F, 386-1, Oaza Fukujima",382-0056,Suzaka,Nagano,JP,Japan,APAC,TRUE,FALSE,FALSE,36.63950,138.27350
TOHO CINEMAS Tachikawa Tachihi & IMAX,toho-cinemas-tachikawa-tachihi-imax,,"935-1, Izumicho",190-0015,"Tachikawa-shi, Tokyo",,JP,Japan,APAC,FALSE,FALSE,FALSE,35.71314,139.41798
T-Joy Emi Terrace Tokorozawa & IMAX,t-joy-emi-terrace-tokorozawa-and-imax,,"Emi Terrace Tokorozawa 4F, 10-1 Higashi Sumiyoshi",359-1124,Tokorozawa City,Saitama Prefecture,JP,Japan,APAC,TRUE,FALSE,FALSE,35.78580,139.47010
109 Cinemas Futako Tamagawa & IMAX,109-cinemas-futako-tamagawa-imax,,1-14-1 Tamagawa - Setagayaku - Futako Tamagawa Rise S.C. Terrace Market 3F,158-0094,Tokyo,,JP,Japan,APAC,TRUE,FALSE,FALSE,35.61316,139.62734
109 Cinemas Grandberry Mall & IMAX,109-cinemas-grandberry-imax,,"2F Granberry Park Wonder Theater 3-4-1 Tsuruma, Machida",194-0004,Tokyo,,JP,Japan,APAC,TRUE,FALSE,FALSE,35.51006,139.47005
Grand Cinema Sunshine & IMAX,grand-cinema-sunshine-imax,,"1-30-3 Higashi Ikebukuro, Toshima-ku",170-0013,Tokyo,,JP,Japan,APAC,TRUE,FALSE,FALSE,35.73096,139.71642
T-Joy Prince Shinagawa & IMAX,t-joy-prince-shinagawa-imax,,"Shinagawa Prince Hotel, Annex Tower, 3FL, 4-10-30 Takanawa Minato",108-8611,Tokyo,,JP,Japan,APAC,FALSE,FALSE,FALSE,35.62795,139.73592
Toho Cinemas Shinjyuku & IMAX,toho-cinemas-shinjyuku-imax,,Shinjyuku Toho Building 3F - 1-19-1 Kabukicho - Shinjyuku-ku,160-0021,Tokyo,,JP,Japan,APAC,TRUE,FALSE,FALSE,35.69380,139.70346
United Cinemas Toyohashi 18 & IMAX,united-cinemas-toyohashi-18-imax,,141 Fujisawacho - Horidi Sukuea Amuzumento Biru Uchi,441-8061,Toyohashi-shi,,JP,Japan,APAC,FALSE,FALSE,FALSE,34.74433,137.37195
TOHO Cinemas Favore Toyama & IMAX,toho-cinemas-favore-toyama-and-imax,,"165-1 Shimo-kutsuwada, Fuchu-machi",939-2715,Toyoma-shi,Toyama Pref.,JP,Japan,APAC,TRUE,FALSE,FALSE,36.66240,137.17120
Cinema Sunshine Tsuchiura & IMAX,cinema-sunshine-tsuchiura-imax,,367 Kamitakatsu,300-0811,Tsuchiura-shi,,JP,Japan,APAC,FALSE,FALSE,FALSE,36.07983,140.18040
United Cinemas Parco City Urasoe & IMAX,united-cinemas-parco-city-urasoe-imax,,3-1-1 Irijima,901-2123,"Urasoe, Okinawa",,JP,Japan,APAC,TRUE,FALSE,FALSE,26.26379,127.69957
United Cinemas Urawa & IMAX,united-cinemas-urawa-imax,,11-1 Higashitakasagocho - Urawa Parco 6F,330-0055,Urawa,,JP,Japan,APAC,TRUE,FALSE,FALSE,35.85811,139.65890
TOHO Cinemas Utsunomiya & IMAX,toho-cinemas-utsunomiya-and-imax,,"Bell Mall, 6-5-1 Yoto",321-0904,Utsunomiya,Tochigi,JP,Japan,APAC,TRUE,FALSE,FALSE,36.55520,139.93010
IMAX Cinema Sunshine Yamatokoriyama,imax-cinema-sunshine-yamatokoriyama,,"Shimomitsuhashi-cho, 741",,"Yamatokoriyama-shi, Nara Prefecture",,JP,Japan,APAC,TRUE,FALSE,FALSE,34.65406,135.79793
109 Cinemas Yumegaoka & IMAX,109-cinemas-yumegaoka-and-imax,,"Yumegaoka Soratos 3F, 1584-2 Shimoiida-cho, Izumi-ku",245-0017,Yokohama,Kanagawa Prefecture,JP,Japan,APAC,TRUE,FALSE,FALSE,35.40490,139.48270
TOHO Cinemas LaLaport Yokohama & IMAX,toho-cinemas-lalaport-yokohama-imax,,"4035-1 Ikonobecho, Tsuzuki-ku",224-0053,"Yokohama City, Kanagawa",,JP,Japan,APAC,FALSE,FALSE,FALSE,35.51708,139.56687
Yokohama Burg13 & IMAX,yokohama-burg13-imax,,"6F Colette Mare 1-1-7 Sakuragicho, Naka-ku",231-0062,"Yokohama, Kanagawa",,JP,Japan,APAC,FALSE,FALSE,FALSE,35.45253,139.63037
Major Cineplex by Smart & IMAX,major-cineplex-smart-imax,,"Aeon Mall Sen Sok City (St. No 1003, Village Bayab, Commune/Sangkat Phnom Penh Thmey, Khan Sen Sok)",12452,Phnom Penh,,KH,Cambodia,APAC,TRUE,FALSE,FALSE,11.54753,104.93435
CGV Daegu Spectrum City & IMAX,cgv-daegu-spectrum-city-imax,CGV,"93, Chimsan-ro",41593,"Buk-go, Daegu",,KR,"Korea, Republic of",APAC,TRUE,FALSE,FALSE,35.88520,128.58980
CGV Centum City & IMAX,cgv-centum-city-and-imax,CGV,"35, Centum nam-daero, Haeundae-gu",48058,Busan,,KR,"Korea, Republic of",APAC,TRUE,FALSE,FALSE,35.16940,129.13020
CGV Seomyeon & IMAX,cgv-seomyeon-imax,CGV,"4, Dongcheon-ro, Busanjin-gu",47299,Busan,,KR,"Korea, Republic of",APAC,FALSE,FALSE,FALSE,35.14935,129.06369
CGV Cheonan Terminal & IMAX,cgv-cheonan-terminal-and-imax,CGV,"43, Mannam-ro,Dongnam-gu",31120,Cheonan-si,Chungcheongnam-do,KR,"Korea, Republic of",APAC,TRUE,FALSE,FALSE,36.81910,127.15540
CGV Cheonon Pentaport & IMAX,cgv-cheonon-and-imax,CGV,"196, Gongwon-ro, Seobuk-gu",31168,Cheonan-si,Chungcheongnam-do,KR,"Korea, Republic of",APAC,TRUE,FALSE,FALSE,36.80760,127.14837
CGV Cheongju Seomun & IMAX,cgv-cheongju-seomun-imax,CGV,Sangdangro No. 81 gil 63,28527,"Cheongju, Chungcheongbuk-do",,KR,"Korea, Republic of",APAC,FALSE,FALSE,FALSE,36.63499,127.48690
CGV Daejeon & IMAX,cgv-daejeon-imax,CGV,"1700, Gyebaek-ro, Jung-gu",34956,Daejeon,,KR,"Korea, Republic of",APAC,FALSE,FALSE,FALSE,36.33127,127.42876
CGV Daejeon Terminal & IMAX,cgv-daejeon-terminal-and-imax,CGV,"30 Dongseo-daero 1689 beon-gil, Dong-gu",34551,Daejeon,,KR,"Korea, Republic of",APAC,TRUE,FALSE,FALSE,36.35150,127.43750
CGV Chuncheon & IMAX,cgv-chuncheon-imax,CGV,"80, Jiseok-ro, Chuncheon-si",24420,Gangwon-do,,KR,"Korea, Republic of",APAC,FALSE,FALSE,FALSE,37.85051,127.74379
CGV Ilsan & IMAX,cgv-ilsan-imax,CGV,"24, Jeongbalsan-ro, Ilsandong-gu, Goyang-si",10403,Gyeonggi-do,,KR,"Korea, Republic of",APAC,TRUE,FALSE,FALSE,37.65417,126.77326
CGV Pangyo & IMAX,cgv-pangyo-imax,CGV,"20, Pangyoyeok-ro 146beon-gil, Bundang-gu, Seongnam-si",13529,Gyeonggi-do,,KR,"Korea, Republic of",APAC,FALSE,FALSE,FALSE,37.39304,127.11260
CGV Pyeongtaek & IMAX,cgv-pyeongtaek-and-imax,CGV,"51 Pyeongtaek-ro, Pyeongtaek-si",17917,Gyeonggi-do,,KR,"Korea, Republic of",APAC,TRUE,FALSE,FALSE,36.99144,127.08587
CGV Sopong & IMAX,cgv-sopong-imax,CGV,"239, Songnae-daero, Bucheon-si",14545,Gyeonggi-do,,KR,"Korea, Republic of",APAC,FALSE,FALSE,FALSE,37.50400,126.75733
CGV Suwon & IMAX,cgv-suwon-imax,CGV,"924, Deogyeong-daero, Paldal-gu, Suwon-si",16622,Gyeonggi-do,,KR,"Korea, Republic of",APAC,FALSE,FALSE,FALSE,37.26582,127.00076
CGV Uijeongbu & IMAX,cgv-uijeongbu-imax,CGV,"525, Pyeonghwa-ro, Uijeongbu-si",11696,Gyeonggi-do,,KR,"Korea, Republic of",APAC,TRUE,FALSE,FALSE,37.73841,127.04643
CGV Changwon-The City & IMAX,cgv-changwon-city-imax,CGV,"320, Woni-daero, Uichang-gu, Changwon-si",51408,Gyeongsangnam-do,,KR,"Korea, Republic of",APAC,FALSE,FALSE,FALSE,35.24042,128.65336
CGV Starfield City Wirye & IMAX,cgv-starfield-city-wirye-and-imax,,"5F, Starfield City Wirye, 200 Wirye-daero",12971,Hanam-si,Gyeonggi-do,KR,"Korea, Republic of",APAC,TRUE,FALSE,FALSE,37.48000,127.14880
CGV Dongtan & IMAX,cgv-dongtan-imax,CGV,Dongtan Jungangro 22,18445,"Hwasung, Gyeonggi-do",,KR,"Korea, Republic of",APAC,TRUE,FALSE,FALSE,37.20240,127.06794
CGV Incheon & IMAX,cgv-incheon-imax,CGV,"198, Yesul-ro, Namdong-gu",21558,Incheon,,KR,"Korea, Republic of",APAC,TRUE,FALSE,FALSE,37.45172,126.70192
CGV Jeonju Hyoja & IMAX,cgv-jeonju-hyoja-imax,CGV,"45, Yongmeori-ro, Wansan-gu, Jeonju-si",55056,Jeollabuk-do,,KR,"Korea, Republic of",APAC,FALSE,FALSE,FALSE,35.80657,127.11582
CGV Apgujeong & IMAX,cgv-apgujeong-imax,CGV,"Apgujeongro30 gil 45, Gangnam-gu (Shinsa-dong)",6022,Seoul,,KR,"Korea, Republic of",APAC,TRUE,FALSE,FALSE,37.52427,127.02932
CGV Cheonho & IMAX,cgv-cheonho-imax,CGV,"1571, Yangjae-daero, Gangdong-gu",5314,Seoul,,KR,"Korea, Republic of",APAC,FALSE,FALSE,FALSE,37.54565,127.14224
CGV Wangsipini & IMAX,cgv-wangsipini-imax,CGV,"17, Wangsimnigwangjang-ro, Seongdong-gu",4750,Seoul,,KR,"Korea, Republic of",APAC,TRUE,FALSE,FALSE,37.56145,127.03824
CGV Yeongdeungpo & IMAX,cgv-yeongdeungpo-and-imax,CGV,"15 Yeongjung-ro, Yeongdeungpo-gu, Seoul (Yeongdeungpo-dong)",7305,Seoul,,KR,"Korea, Republic of",APAC,TRUE,FALSE,FALSE,37.51717,126.90237
CGV Yongsan I-Park Mall & IMAX,cgv-yongsan-i-park-mall-imax,CGV,"55, Hangang-daero 23-gil, Yongsan-gu",4377,Seoul,,KR,"Korea, Republic of",APAC,TRUE,FALSE,FALSE,37.52934,126.96465
CGV Suncheon Shindae & IMAX,cgv-suncheon-shindae-and-imax,CGV,"199, Haegwang-ro, Haeryong-myeon, Suncheon-si, Jeollanam-do",58018,Suncheon,,KR,"Korea, Republic of",APAC,TRUE,FALSE,FALSE,34.91350,127.53430
CGV Gwangyo & IMAX,cgv-gwangyo-imax,CGV,"Ha-dong 871-1, Yeongtong-gu, Suwon",16514,"Suwon, Gyeonggi-do",,KR,"Korea, Republic of",APAC,TRUE,FALSE,FALSE,37.29232,127.07843
CGV Ulsan Samsan & IMAX,cgv-ulsan-samsan-imax,CGV,"185, Hwahap-ro, Nam-gu",44705,Ulsan,,KR,"Korea, Republic of",APAC,FALSE,FALSE,FALSE,35.54191,129.33923
Scope Cinemas Havelock City Mall & IMAX,scope-cinemas-havelock-city-mall-and-imax,,324-10 Havelock Road,500,Colombo,Western,LK,Sri Lanka,APAC,TRUE,FALSE,FALSE,6.88276,79.86841
Urgoo Cinemas & IMAX,urgoo-cinemas-and-imax,,Ard Ayush Avenue,16091,Ulaanbaatar,BGD,MN,Mongolia,APAC,TRUE,FALSE,FALSE,47.92340,106.87490
"Bona Cinemas IMAX, Genting",bona-cinemas-imax-genting,,"Lot T2-03A, Level 1, Sky Avenue",69000,Genting Highlands,,MY,Malaysia,APAC,FALSE,FALSE,FALSE,3.42364,101.79512
GSC Mid Valley Southkey & IMAX,gsc-mid-valley-southkey-imax,,"AT-3, The Mall, Mid Valley Southkey, No 1, Persiaran Southkey 1",80150,Johor Bahru,,MY,Malaysia,APAC,FALSE,FALSE,FALSE,1.50116,103.77701
GSC Paradigm Mall JB & IMAX,gsc-paradigm-mall-jb-and-imax,,"K013, Paradigm Mall, Skudai Hwy, Taman Bukit Mewah",,Johor Bahru,81200,MY,Malaysia,APAC,TRUE,FALSE,FALSE,1.51610,103.68500
TGV Tebrau & IMAX,tgv-tebrau-imax,,Lot S01 AEON Tebrau City Shopping Centre - 1 Jalan Desa Tebrau,81100,Johor Bahru,,MY,Malaysia,APAC,FALSE,FALSE,FALSE,1.55007,103.79651
"Aurum Theatre, The Exchange TRX & IMAX",aurum-theatre-the-exchange-trx-and-imax,,"Park Level, The Exchange TRX Mall, Tun Razak Exchange",55188,Kuala Lumpur,,MY,Malaysia,APAC,TRUE,FALSE,FALSE,3.14330,101.71820
GSC KL East Mall & IMAX,gsc-kl-east-mall-and-imax,,"G3-18, Level G3, Jln Lingkaran Tengah 2, Sunway Montana (U/C)",53100,Kuala Lumpur,,MY,Malaysia,APAC,TRUE,FALSE,FALSE,3.22480,101.73050
TGV Pavilion Bukit Jalil & IMAX,tgv-pavilion-bukit-jalil-imax,,"2, Persiaran Jalil 8, Bukit Jalil",57000,Kuala Lumpur,,MY,Malaysia,APAC,TRUE,FALSE,FALSE,3.05070,101.67070
TGV Pavilion Damansara Heights & IMAX,tgv-pavilion-damansara-heights-and-imax,,"Lot 5.04.00 & 6.01.00, Pavilion Damansara Heights, Jalan Damanlela, Damansara Town Centre",50490,Kuala Lumpur,,MY,Malaysia,APAC,TRUE,FALSE,FALSE,3.14680,101.66320
TGV Sunway Velocity & IMAX,tgv-sunway-velocity-imax,,"Lot 4-113 & 4-114, Level 4, Sunway Velocity Mall, 80, Jalan Cheras, Maluri",55100,Kuala Lumpur,,MY,Malaysia,APAC,TRUE,FALSE,FALSE,3.14827,101.71301
TGV Suria KLCC & IMAX,tgv-suria-klcc-and-imax,,"241, Petronas Twin Tower",50088,Kuala Lumpur,,MY,Malaysia,APAC,TRUE,FALSE,FALSE,3.15816,101.71146
TGV Vivacity Mall Kuching & IMAX,tgv-vivacity-mall-kuching-imax,,"L3-A01, Vivacity Megamall, Jalan Wan Alwi",93350,Kuching,,MY,Malaysia,APAC,FALSE,FALSE,FALSE,1.52732,110.36951
TGV Gurney Paragon & IMAX,tgv-gurney-paragon-imax,,"L8 01, 163-D, Persiaran Gurney",10250,Penang,,MY,Malaysia,APAC,FALSE,FALSE,FALSE,5.43680,100.31201
TGV 1 Utama & IMAX,tgv-1-utama-imax,,3rd Floor Old Wing - One Utama Shopping Centre - 1 Lebuh Bandar Utama,47800,Petaling Jaya,,MY,Malaysia,APAC,TRUE,FALSE,FALSE,3.13640,101.60818
TGV Sunway Pyramid & IMAX,tgv-sunway-pyramid-imax,,Level R - Sunway Pyramid Shopping Centre - No. 3 Jalan PJS 11/15 - Bandar Sunway,46149,Petaling Jaya,,MY,Malaysia,APAC,TRUE,FALSE,FALSE,3.07341,101.60759
GSC IOI City Mall & IMAX,gsc-ioi-city-mall-imax,,"Lebuh IRC, IOI Resort City",62502,"Sepang, Selangor",,MY,Malaysia,APAC,TRUE,FALSE,FALSE,2.96916,101.71332
Central i-City Mall & IMAX,central-i-city-mall-imax,,"Lot 4-01 Central i-city, No 1, Persiaran Multimedia, I- City, Seksyen 7",40000,Shah Alam,,MY,Malaysia,APAC,FALSE,FALSE,FALSE,3.06262,101.48209
Event Cinemas Queen Street & IMAX,event-cinemas-queen-street-imax,,291-297 Queen Street,1005,Auckland,,NZ,New Zealand,APAC,TRUE,FALSE,FALSE,-36.85171,174.76407
Event Cinemas Queensgate & IMAX,event-cinemas-queensgate-imax,,"37A Bloomfield Terrace, Hutt Central",5010,"Lower Hutt, 5010",,NZ,New Zealand,APAC,TRUE,FALSE,FALSE,-41.29424,174.78401
SM Clark & IMAX,sm-clark-imax,SM,"M.A. Roxas Hwy, Malabanias",2009,Angeles City,,PH,Philippines,APAC,TRUE,FALSE,FALSE,15.16754,120.58159
SM Cebu & IMAX,sm-cebu-imax,SM,North Reclamation Area,6000,Cebu,,PH,Philippines,APAC,TRUE,FALSE,FALSE,10.31127,123.91845
SM Cinema Lanang Premier & IMAX,sm-cinema-lanang-premier-imax,SM,J.P. Laurel Avenue - Barangay San Antonio,,Davao City,,PH,Philippines,APAC,TRUE,FALSE,FALSE,7.09037,125.60988
SM Iloilo City & IMAX,sm-iloilo-city-and-imax,SM,"Benigno Aquino Ave., Mandurriao",5000,Iloilo City,,PH,Philippines,APAC,TRUE,FALSE,FALSE,10.71407,122.55102
Vista Cinemas & IMAX,vista-cinemas-imax,,"4F, Evia Lifestyle Center, Daang Hari Rd, Almanza Dos, Las Pinas City",1750,Las Pinas,,PH,Philippines,APAC,FALSE,FALSE,FALSE,14.37660,121.01151
SM Mega Mall & IMAX,sm-mega-mall-imax,SM,J. VARGAS COR. EDSA  WACK-WACH VILLAGE,1555,Mandaluyong City,,PH,Philippines,APAC,FALSE,FALSE,FALSE,14.58484,121.05733
SM North Edsa & IMAX,sm-north-edsa-imax,SM,North Avenue Corner EDSA,1105,Manila,,PH,Philippines,APAC,FALSE,FALSE,FALSE,14.65623,121.03079
SM Mall of Asia IMAX,sm-mall-asia-imax,SM,SM Mall of Asia - SM Central Business Park - Bay City,,Pasay City,,PH,Philippines,APAC,TRUE,FALSE,FALSE,14.53411,120.98262
Shaw Paya Lebar Quarter & IMAX,shaw-paya-lebar-quarter-imax,,"10 Paya Lebar Road, #05-02 Paya Lebar Quarter",409057,Singapore,,SG,Singapore,APAC,TRUE,FALSE,FALSE,1.31767,103.89265
Shaw Theatres JEM & IMAX,shaw-theatres-jem-and-imax,,"50 Jurong Gateway Rd, JEM, #05 04",608549,Singapore,,SG,Singapore,APAC,TRUE,FALSE,FALSE,1.33310,103.74320
Shaw Theatres Jewel & IMAX,shaw-theatres-jewel-imax,,"78 Airport Boulevard #B2-237, Jewel Changi Airport",819666,Singapore,,SG,Singapore,APAC,TRUE,FALSE,FALSE,1.35862,103.98852
Shaw Theatres Lido & IMAX,shaw-theatres-lido-imax,,350 Orchard Road - 5th/6th Floor - Shaw House,238868,Singapore,,SG,Singapore,APAC,TRUE,FALSE,FALSE,1.30574,103.83100
Shaw Theatres Waterway Point & IMAX,shaw-theatres-waterway-point-imax,,"83 Punggol Central, Waterway Point, #B2-11",828761,Singapore,,SG,Singapore,APAC,TRUE,FALSE,FALSE,1.33342,103.74060
Bangkapi Cineplex & IMAX,bangkapi-cineplex-and-imax,,"Bangkapi Cineplex, The Mall Lifestore Bangkapi 3F, 3522 Lat Phrao Rd, Khlong Chan, Bang Kapi District",12240,Bangkok,,TH,Thailand,APAC,TRUE,FALSE,FALSE,13.76460,100.64240
"IMAX at  ICON CINECONIC, ICONSIAM",imax-icon-cineconic-iconsiam,,"Icon Cineconic, 8th Floor, 299 Soi Charoen Nakhon 5, Charoen Nakhon Rd, Khlong Ton Sai, Khlong San",10600,Bangkok,,TH,Thailand,APAC,FALSE,FALSE,FALSE,13.72649,100.51010
"Krungsri IMAX, Major Cineplex Ratchayothin",krungsri-imax-major-cineplex-ratchayothin,,"1839-18391/1 Phaholyothin Road, Ladyao, Judachak",10900,Bangkok,,TH,Thailand,APAC,TRUE,FALSE,FALSE,13.82774,100.56817
"Krungsri IMAX, Paragon Cineplex",krungsri-imax-paragon-cineplex,,"991 Siam Paragon, 5th Flr",10330,Bangkok,,TH,Thailand,APAC,FALSE,FALSE,FALSE,13.74557,100.53925
Major Cineplex Central Pinklao & IMAX,major-cineplex-central-pinklao-and-imax,,7/222 Borommarajchonni Rd; Arun Ammarin Bangkok Noi,10700,Bangkok,,TH,Thailand,APAC,TRUE,FALSE,FALSE,13.77780,100.47610
"Toyota IMAX Theatre, Quartier Cine-Art",toyota-imax-theatre-quartier-cine-art,,"8th Floor, EmQuartier Shopping Center, Soi Sukhumvit  35, Klong Toey Nua, Wattana",10110,Bangkok,,TH,Thailand,APAC,TRUE,FALSE,FALSE,13.73009,100.56906
IMAX Mega Cineplex at Mega Bangna,imax-mega-cineplex-mega-bangna,,"39 Moo 6 Bangna-Trad Rd., Km.8, Bangkaew",10540,"Bangplee, Samutprakarn",,TH,Thailand,APAC,TRUE,FALSE,FALSE,13.64815,100.68039
"Krungsri IMAX, Major Cineplex CentralFestival Chiangmai",krungsri-imax-major-cineplex-centralfestival-chiangmai,,"99,99/1,99/2 Central Festival Chiangmai,M.4, A.Mueng",50000,Chiang Mai,,TH,Thailand,APAC,TRUE,FALSE,FALSE,18.80241,99.01789
Esplanade Cineplex Ngamwongwan-khae rai & IMAX,esplanade-cineplex-ngamwongwan-khae-rai-and-imax,,"37/139 Moo 8, Esplanade Cineplex 4th floor Bangkrasor",11000,Mueang Nonthaburi,Nonthaburin,TH,Thailand,APAC,TRUE,FALSE,FALSE,13.85950,100.51840
Westgate Cineplex & IMAX,westgate-cineplex-imax,,"CentralPlaza Westgate, 4th/5th Fl, 199, 199/1-2, Mu 6, Sao Thong Hin, Bang Yai",11140,Nonthaburi,,TH,Thailand,APAC,TRUE,FALSE,FALSE,13.87786,100.41279
Vie Show Big City Hsinchu & IMAX,vie-show-big-city-hsinchu-imax,,4F-3 176 Minquan Road - East District,300,Hsinchu,,TW,"Taiwan, Province of China",APAC,FALSE,FALSE,FALSE,24.80928,120.97414
Taiwan Hualien Paradiso VieShow & IMAX,taiwan-hualien-paradiso-vieshow-imax,,"3F, No.503, Sec. 1, Nanbin Rd, Ji'an Township, Hualien County",973,"Hualien, Taiwan",,TW,"Taiwan, Province of China",APAC,FALSE,FALSE,FALSE,23.93880,121.59504
IN89 Cinemax Chiayi & IMAX,in89-cinemax-chiayi-imax,,"In89 Cinemax, 328 Minzu Road, East District",60045,"Jiayi City, Taiwan",,TW,"Taiwan, Province of China",APAC,TRUE,FALSE,FALSE,23.47640,120.45270
Kaohsiung Vie Show IMAX,kaohsiung-vie-show-imax,,13F - No. 21 Sanduo Fourth Road,802,Kaohsiung,,TW,"Taiwan, Province of China",APAC,TRUE,FALSE,FALSE,22.61297,120.30432
New Taipei Yulon City VieShow & IMAX,new-taipei-yulon-city-vieshow-and-imax,,"7th floor, No. 70, Section 3, Zhongxing Road, Xindian District",231,New Taipei,,TW,"Taiwan, Province of China",APAC,TRUE,FALSE,FALSE,24.97830,121.54570
Vie Show Cinemas Banqiao Mega City IMAX,vie-show-cinemas-banqiao-mega-city-imax,,10F - 28 Xinzhan Road - Banqiao District,220,New Taipei City,,TW,"Taiwan, Province of China",APAC,TRUE,FALSE,FALSE,25.01351,121.46649
Taichung FE VieShow & IMAX,taichung-fe-vieshow-imax,,"13F., No. 251, Sec. 3, Taiwan Blvd., Xitun Dist",407,Taichung,,TW,"Taiwan, Province of China",APAC,FALSE,FALSE,FALSE,24.16412,120.63810
Taichung Tiger City VieShow & IMAX,taichung-tiger-city-vieshow-imax,,4F No. 120-1 Henan Road - Section 3 - Xitun District,407,Taichung,,TW,"Taiwan, Province of China",APAC,FALSE,FALSE,FALSE,24.16412,120.63810
Vie Show T.S Dream Mall & IMAX,vie-show-ts-dream-mall-imax,,6-7F - No.366 Sector 1  Zhonghua East Road - East District,701,Tainan,,TW,"Taiwan, Province of China",APAC,FALSE,FALSE,FALSE,22.99001,120.23311
Miramar IMAX,miramar-imax,,6-9F - No. 22 Jingye Third Road - Zhongshan District,104,"Taipei, Taiwan",,TW,"Taiwan, Province of China",APAC,TRUE,FALSE,FALSE,25.08138,121.55629
Taoyuan Taimall Miramar & IMAX,taoyuan-taimall-miramar-imax,,"7F., No.112, Sec. 1, Nankan Rd., Luzhu Dist., Taoyuan City 338",330,"Taoyuan City, Taiwan",,TW,"Taiwan, Province of China",APAC,FALSE,FALSE,FALSE,25.05208,121.28537
CGV AEON MALL Ha Dong & IMAX,cgv-aeon-mall-ha-dong-imax,CGV,"3th & 4th Floor , Aeon Mal Ha Dong, Duong Noi Ward, Ha Dong District, Ha Noi",10000,Hanoi,,VN,Viet Nam,APAC,FALSE,FALSE,FALSE,20.99033,105.75190
CGV Vincom Metropolis & IMAX,cgv-vincom-metropolis-imax,CGV,"29 Lieu Giai Street, Ba Dinh District",70000,Hanoi,,VN,Viet Nam,APAC,TRUE,FALSE,FALSE,21.03094,105.81368
Galaxy Hanoi Centre & IMAX,galaxy-hanoi-centre-and-imax,,"Level 3, Hanoi Centre Shopping Mall, 175 Nguyen Thai Hoc, Dien Bien Ward, Ba Dinh District",11114,Hanoi,,VN,Viet Nam,APAC,TRUE,FALSE,FALSE,21.03160,105.83080
CGV SC VivoCity & IMAX,cgv-sc-vivocity-imax,CGV,"Nguyen Van Linh Boulevard, District 7",70000,Ho Chi Minh,,VN,Viet Nam,APAC,FALSE,FALSE,FALSE,10.72880,106.71826
CGV Vincom Landmark & IMAX,cgv-vincom-landmark-imax,CGV,"772 Dien Bien Phu street, Ward 22, Binh Thanh District",70000,Ho Chi Minh,,VN,Viet Nam,APAC,FALSE,FALSE,FALSE,10.79478,106.72227
CGV Aeon Binh Tan & IMAX,cgv-aeon-binh-tan-and-imax,CGV,"Level 3, Aeon Mall Binh Tan, No.1, Street 17A, Quarter 11, Binh Tri Dong B Ward, Binh Tan District , HCMC",70000,Ho Chi Minh City,,VN,Viet Nam,APAC,TRUE,FALSE,FALSE,10.74260,106.61166
CGV Su Van Hanh & IMAX,cgv-su-van-hanh-and-imax,CGV,"Level 6, Van Hanh Mall, No.11 Su Van Hanh Street, Ward 12, District 10",70000,Ho Chi Minh City,,VN,Viet Nam,APAC,TRUE,FALSE,FALSE,10.77051,106.66983
Galaxy Sala & IMAX,galaxy-sala-and-imax,,"3rd Floor, Thiso Mall Sala, 10 Mai Chi Tho, Thu Thiem Ward, Thu Duc City",70000,Ho Chi Minh City,,VN,Viet Nam,APAC,TRUE,FALSE,FALSE,10.77190,106.72110
VOX Al Maryah & IMAX,vox-al-maryah-imax,VOX,"The Galleria Mall, Al Maryah, Island Abu Dhabi",32625,Abu Dhabi,,AE,United Arab Emirates,EMEA,TRUE,FALSE,FALSE,24.50090,54.38841
VOX Cinemas Yas Mall & IMAX,vox-cinemas-yas-mall-and-imax,,Yas Island,,Abu Dhabi,,AE,United Arab Emirates,EMEA,TRUE,FALSE,FALSE,24.48440,54.60880
VOX Cinemas & IMAX,vox-cinemas-imax,VOX,Sheikh Zayed Road - 4th Interchange - Mall of the Emirates - 1st Floor,,Dubai,,AE,United Arab Emirates,EMEA,TRUE,FALSE,FALSE,25.11888,55.19893
VOX Cinemas Mirdif & IMAX,vox-cinemas-mirdif-imax,VOX,City Centre Mirdif,32625,Dubai,,AE,United Arab Emirates,EMEA,FALSE,FALSE,FALSE,25.21624,55.40909
VOX Festival City Mall & IMAX,vox-festival-city-mall-and-imax,VOX,Dubai Festival City Mall,50819,Dubai,,AE,United Arab Emirates,EMEA,TRUE,FALSE,FALSE,25.22200,55.35280
Cinemacity IMAX zero6,cinemacity-imax-zero6,,Al Juraina,,Sharjah,,AE,United Arab Emirates,EMEA,FALSE,FALSE,FALSE,25.29104,55.49689
ZAP Cinemas & IMAX,zap-cinemas-imax,,"Av. Pedro de Castro Van-Dúnem Loy, 62",,Luanda,,AO,Angola,EMEA,FALSE,FALSE,FALSE,-8.90547,13.20250
CineplexX Graz & IMAX,cineplexx-graz-imax,,Alte Poststrasse 470,8055,Graz,,AT,Austria,EMEA,TRUE,FALSE,FALSE,47.03094,15.43048
Cineplexx Hohenems & IMAX,cineplexx-hohenems-imax,,Lustenauerstrasse 112,6845,Hohenems,,AT,Austria,EMEA,TRUE,FALSE,FALSE,47.37278,9.67724
CineplexX Innsbruck & IMAX,cineplexx-innsbruck-imax,,Tschamlerstraße 7,6020,Innsbruck,,AT,Austria,EMEA,FALSE,FALSE,FALSE,47.25695,11.39642
Hollywood Megaplex Plus City & IMAX,hollywood-megaplex-plus-city-imax,,Pluskaufstrasse 12,4061,Pasching,,AT,Austria,EMEA,FALSE,FALSE,FALSE,48.24481,14.23532
Hollywood Megaplex St. Polten & IMAX,hollywood-megaplex-st-polten-imax,,Engelbert Laimer Strasse 1,3100,St. Pölten,,AT,Austria,EMEA,FALSE,FALSE,FALSE,48.21682,15.65178
CineplexX Donau Plex IMAX Vienna,cineplexx-donau-plex-imax-vienna,,Wagramer Strasse 79,1220,Vienna,,AT,Austria,EMEA,FALSE,FALSE,FALSE,48.24149,16.43350
CineplexX Apollo Vienna & IMAX,cineplexx-apollo-vienna-imax,,Gumpendorferstrasse 63,1060,Wien,,AT,Austria,EMEA,TRUE,FALSE,FALSE,48.19721,16.35363
CineplexX Westfield SCS & IMAX,cineplexx-westfield-scs-and-imax,,Westfield Shopping City Süd,2351,Wiener Neudorf,,AT,Austria,EMEA,TRUE,FALSE,FALSE,48.10440,16.31830
Azercell & IMAX,azercell-imax,,"Mehdi Huseyn 1A, Sabail Region",AZ1006,Baku,,AZ,Azerbaijan,EMEA,FALSE,FALSE,FALSE,40.36127,49.82643
Kinepolis Mega NV Antwerpen & IMAX,kinepolis-mega-nv-antwerpen-imax,,Groenendaallaan 394,2030,Antwerpen,,BE,Belgium,EMEA,TRUE,FALSE,FALSE,51.24445,4.41753
Kinepolis Brussels & IMAX,kinepolis-brussels-imax,,Boulevard du Centenaire 20,1020,Brussels,,BE,Belgium,EMEA,TRUE,FALSE,TRUE,50.89562,4.33823
Pathé Charleroi & IMAX,pathé-charleroi-imax,,Grand'Rue 141-143,6000,Charleroi,,BE,Belgium,EMEA,TRUE,FALSE,FALSE,50.42126,4.45893
Kinepolis Hasselt & IMAX,kinepolis-hasselt-and-imax,,Via Media 1/4A,3500,Hasselt,,BE,Belgium,EMEA,TRUE,FALSE,FALSE,50.93050,5.36880
Kinepolis Liege & IMAX,kinepolis-liege-and-imax,,Chaussée de Tongres 200,4000,Liege,,BE,Belgium,EMEA,TRUE,FALSE,FALSE,50.66817,5.55411
Imagix Mons & IMAX,imagix-mons-and-imax,,Bd André Delvaux 1,7000,Mons,,BE,Belgium,EMEA,TRUE,FALSE,FALSE,50.46000,3.93470
Cineland Markovo Tepe & IMAX,cineland-markovo-tepe-and-imax,,"MALL MARKOVO TEPE, 54 RUSKI BLVD",4000,Plovdiv,,BG,Bulgaria,EMEA,TRUE,FALSE,FALSE,42.14040,24.74150
"Cinema City IMAX, Mall of Sofia",cinema-city-imax-mall-sofia,,Mall Sofia - 101 Al. Stambolijski Boulevard,1330,Sofia,,BG,Bulgaria,EMEA,FALSE,FALSE,FALSE,42.69776,23.30873
Cineland Grand Mall & IMAX,cineland-grand-mall-imax,,2 Andrey Saharov Str.,9009,Varna,,BG,Bulgaria,EMEA,FALSE,FALSE,FALSE,43.21871,27.89799
Reel Cinemas & IMAX,reel-cinemas-and-imax,,Marassi Island,85001,Diyar Al-Muharraq,,BH,Bahrain,EMEA,FALSE,FALSE,FALSE,26.30090,50.64310
VOX Cineco & IMAX,vox-cineco-imax,VOX,"Building 2758, Road 4650, Block 346, Sh. Khalifa Highway",,Manama,,BH,Bahrain,EMEA,FALSE,FALSE,FALSE,26.23239,50.55604
Pathe Westside & IMAX,pathe-westside-and-imax,PATHE,Riedbachstrasse 102,3027,Bern,,CH,Switzerland,EMEA,TRUE,FALSE,FALSE,46.94360,7.37190
blue Cinema Chur & IMAX,blue-cinema-chur-imax,,Sommeraustrasse 7,7000,Chur,,CH,Switzerland,EMEA,TRUE,FALSE,FALSE,46.84870,9.50620
Pathe Mall of Switzerland & IMAX,pathe-mall-switzerland-imax,PATHE,Ebisquare-Strasse 2,6030,Ebikon-Lucerne,,CH,Switzerland,EMEA,TRUE,FALSE,FALSE,47.09438,8.35815
Pathe Balexert & IMAX,pathe-balexert-imax,PATHE,avenue Louis-Casaï 27,1211,Genève,,CH,Switzerland,EMEA,TRUE,FALSE,FALSE,46.21911,6.11447
Blue Cinema Cinedome Muri bei Bern & IMAX,cinedome-muri-imax,,Feldstrasse 32,3073,Muri bei Bern,,CH,Switzerland,EMEA,FALSE,FALSE,FALSE,46.92700,7.50277
Pathe Spreitenbach & IMAX,pathe-spreitenbach-imax,PATHE,Sandäckerstrasse 4,8957,Spreitenbach,,CH,Switzerland,EMEA,TRUE,FALSE,FALSE,47.42124,8.37197
blue Cinema Abaton Zürich & IMAX,blue-cinema-abaton-zuerich-and-imax,,Heinrichstrasse 269,8005,Zurich,,CH,Switzerland,EMEA,TRUE,FALSE,FALSE,47.38930,8.52170
The Movies Curacao & IMAX,movies-curacao-imax,,Plaza Mundo Merced 1,5999,Willemstad,,CW,Curaçao,EMEA,TRUE,FALSE,FALSE,12.10774,-68.93058
"IMAX Theatre, Palac Flora",imax-theatre-palac-flora,,Palac Flora Vinohradska 151,130 00,Prague,,CZ,Czechia,EMEA,FALSE,FALSE,TRUE,50.07851,14.46117
Cineplex Dietrich & IMAX,cineplex-dietrich-and-imax,,Marlene-Dietrich-Straße 11,89231, Neu-Ulm,,DE,Germany,EMEA,TRUE,FALSE,FALSE,48.38424,10.01007
UCI Luxe Bad Oeynhausen & IMAX,uci-luxe-bad-oeynhausen-and-imax,,"Mindener Straße 36, im Werre Park ",D-32547,Bad Oeynhausen,Nordrhein-Westfalen,DE,Germany,EMEA,TRUE,FALSE,FALSE,52.22320,8.83128
UCI Luxe East Side Gallery & IMAX,uci-luxe-mercedes-platz-imax,,Mildred-Harnack-Str. 13,10243,Berlin,,DE,Germany,EMEA,FALSE,FALSE,FALSE,52.50531,13.44216
UCI KINOWELT Ruhr Park & IMAX,uci-kinowelt-ruhr-park-imax,,Am Einkaufszentrum,44791,Bochum,,DE,Germany,EMEA,FALSE,FALSE,FALSE,51.49569,7.27787
CineStar Dortmund & IMAX,cinestar-dortmund-and-imax,,Steinstr. 44,44147,Dortmund,,DE,Germany,EMEA,TRUE,FALSE,FALSE,51.51970,7.46201
Cineplex Kristallpalast & IMAX,cineplex-kristallpalast-and-imax,,St. Petersburger Straße 24a,1069,Dresden,,DE,Germany,EMEA,TRUE,FALSE,FALSE,51.04547,13.73554
UCI Dusseldorf & IMAX,uci-dusseldorf-imax,,Hammer Str. 29-31,40219,Dusseldorf,,DE,Germany,EMEA,FALSE,FALSE,FALSE,51.21310,6.75170
CineStar Metropolis & IMAX,cinestar-metropolis-and-imax,,Eschenheimer Anlage 40,60318,Frankfurt,,DE,Germany,EMEA,TRUE,FALSE,FALSE,50.11797,8.67949
UCI Kinowelt Wandsbek & IMAX,uci-kinowelt-wandsbek-imax,,Friedrich-Ebert-Damm 134,22047,Hamburg,,DE,Germany,EMEA,FALSE,FALSE,FALSE,53.58817,10.09687
Filmpalast am ZKM & IMAX,filmpalast-am-zkm-imax,,Brauerstrasse 40,76135,Karlsruhe,,DE,Germany,EMEA,TRUE,FALSE,FALSE,49.00040,8.38585
Filmpalast Kassel & IMAX,filmpalast-kassel-imax,,Karlsplatz 8,34117,Kassel,,DE,Germany,EMEA,TRUE,FALSE,FALSE,51.31102,9.49415
Cinestar Leipzig & IMAX,cinestar-leipzig-and-imax,,Petersstrasse 44,4109,Leipzig,,DE,Germany,EMEA,TRUE,FALSE,FALSE,51.33680,12.37507
IMAX Leonberg,imax-leonberg,,Neue Ramtelstraße 2,71229,Leonberg,,DE,Germany,EMEA,TRUE,FALSE,FALSE,48.78262,9.01573
Cinestar Oberhausen & IMAX,cinestar-oberhausen-and-imax,,Luise-Albertz-Platz 1,46047,Oberhausen,,DE,Germany,EMEA,TRUE,FALSE,FALSE,51.49251,6.88106
"IMAX 3D, Sinsheim Auto & Technik Museum",imax-3d-sinsheim-auto-technik-museum,,Museumsplatz,74889,Sinsheim,,DE,Germany,EMEA,TRUE,FALSE,FALSE,49.23734,8.89772
"IMAX Dome, Speyer Technik Museum",imax-dome-speyer-technik-museum,,Am Technik Museum 1,67346,Speyer,,DE,Germany,EMEA,FALSE,FALSE,FALSE,49.13259,8.44657
Vue Bruuns & IMAX,cinemaxx-aarhus-imax,,M. P. Bruuns Gade 25C,8000,Aarhus,,DK,Denmark,EMEA,FALSE,FALSE,FALSE,56.14927,10.20340
Vue Fisketorvet & IMAX,cinemaxx-kobenhavn-imax,,Kalvebod Brygge 57,1560,København,,DK,Denmark,EMEA,FALSE,FALSE,FALSE,55.66290,12.56241
CINAMON T1 & IMAX,cinamon-t1-imax,,"T1 Mall of Tallinn, Peterburi tee 2",11415,Tallinn,,EE,Estonia,EMEA,FALSE,FALSE,FALSE,59.42470,24.79520
ETISALAT IMAX Theatre Cairo,etisalat-imax-theatre-cairo,,Americana Plaza,,Cairo,,EG,Egypt,EMEA,FALSE,FALSE,FALSE,30.02665,31.01812
Scene Cinemas & IMAX,scene-cinemas-and-imax,,"Ain El Sokhna Road -  District 5 Compound, New Cairo Governorate",4064051,Cairo,,EG,Egypt,EMEA,TRUE,FALSE,FALSE,29.95350,31.45120
VOX Al Mazza & IMAX,vox-al-mazza-imax,VOX,"Almaza City Center, Sheraton Al Matar, Qism El-Nozha",11775,Cairo,,EG,Egypt,EMEA,FALSE,FALSE,FALSE,30.08146,31.36466
Cinesa Diagonal Mar & IMAX,cinesa-diagonal-mar-imax,,"Avinguda Diagonal, 3",8019,Barcelona,,ES,Spain,EMEA,FALSE,FALSE,FALSE,41.41041,2.21645
Cinesa Parquesur IMAX,cinesa-parquesur-imax,,Avenida Gran Bretana,28016,"Leganes, Madrid",,ES,Spain,EMEA,FALSE,FALSE,FALSE,40.33893,-3.73614
Cinesa Las Rozas Madrid  & IMAX,cinesa-las-rozas-madrid-imax,,"Calle Camilo Jose Cela, 3, 28232  Las Rozas",28232,Madrid,,ES,Spain,EMEA,FALSE,FALSE,FALSE,40.51629,-3.89685
Kinepolis Madrid & IMAX,kinepolis-madrid-imax,,"C. Edgar Neville, s/n",28223,Madrid,,ES,Spain,EMEA,TRUE,FALSE,FALSE,40.39446,-3.79651
Cinesa Festival Park IMAX,cinesa-festival-park-imax,,"Autopista Palma - Inca, km 7,1",7141,Palma de Mallorca,,ES,Spain,EMEA,FALSE,FALSE,FALSE,39.63338,2.73215
Kinepolis Valencia & IMAX,kinepolis-valencia-and-imax,,Avenida Francisco Tomás y Valiente s/n,46980,Valencia,,ES,Spain,EMEA,TRUE,FALSE,FALSE,39.53033,-0.43945
Cines Palafox & IMAX,cines-palafox-and-imax,,"Paseo de la Independencia, 12",50004,Zaragoza,,ES,Spain,EMEA,TRUE,FALSE,FALSE,41.65091,-0.88257
Finnkino Itis & IMAX,finnkino-itis-imax,,Itakatu 3,930,Helsinki,,FI,Finland,EMEA,TRUE,FALSE,FALSE,60.21169,25.08248
Pathe Angers & IMAX,pathe-angers-and-imax,PATHE,"1, Av. des Droits de l'Homme - BP 70430 ",49104,Angers,Cedex 02,FR,France,EMEA,TRUE,FALSE,FALSE,47.47983,-0.55082
Gaumont Archamps & IMAX,gaumont-archamps-imax,,Site d'Archamps,74160,Archamps,,FR,France,EMEA,TRUE,FALSE,FALSE,46.13875,6.12223
Pathe Cine Dome Aubiere & IMAX,pathe-cine-dome-aubiere-imax,PATHE,Avenue Lavoisier,63170,Aubiere,,FR,France,EMEA,TRUE,FALSE,FALSE,45.75675,3.14379
Megarama Bordeaux & IMAX,megarama-bordeaux-imax,,7 Quai des Queyries,33100,Bordeaux,,FR,France,EMEA,TRUE,FALSE,FALSE,44.84183,-0.56111
Megarama Les Stars & IMAX,megarama-les-stars-and-imax,,18 Rue Nationale,62200,Boulogne-sur-Mer,,FR,France,EMEA,TRUE,FALSE,FALSE,50.72242,1.60605
Pathe Brumath & IMAX,pathe-brumath-and-imax,,7 Rue des Frères Lumière,67170,Burmath,,FR,France,EMEA,TRUE,FALSE,FALSE,48.74432,7.69278
Cineum Cannes & IMAX,cineum-cannes-imax,,"210, avenue Francis Tonner ",6150,"Cannes, Région Sud – Provence-Alpes-Côte-d’Azur ",,FR,France,EMEA,TRUE,FALSE,FALSE,43.55044,6.96032
Pathe Conflans & IMAX,pathe-conflans-imax,PATHE,9 rue de l'Hautil,78700,Conflans-Sainte-Honorine,,FR,France,EMEA,TRUE,FALSE,FALSE,49.00347,2.07777
Majestic Dole Rive Gauche & IMAX,majestic-dole-rive-gauche-and-imax,,Rue du Général Bethouart,39100,Dole,,FR,France,EMEA,TRUE,FALSE,FALSE,47.08020,5.48460
Megarama Givors & IMAX,megarama-givors-and-imax,,Avenue Georges Charpak,69700,Givors,,FR,France,EMEA,TRUE,FALSE,FALSE,45.58330,4.77280
Pathe Grenoble & IMAX,pathe-grenoble-and-imax,PATHE,21 Bd Maréchal Lyautey,38000,Grenoble,,FR,France,EMEA,TRUE,FALSE,FALSE,45.18567,5.73060
Cinema Pathe Quai d'Ivry & IMAX,cinema-pathe-quai-divry-imax,PATHE,5 rue François Mitterand,94200,Ivry-sur-Seine,,FR,France,EMEA,TRUE,FALSE,FALSE,48.82430,2.38849
Pathe La Valette & IMAX,pathe-la-valette-imax,PATHE,300 avenue de l’Université,86130,La Valette-Du-Var,,FR,France,EMEA,TRUE,FALSE,FALSE,43.13707,6.00662
Pathe Plan de Campagne & IMAX,pathe-plan-de-campagne-imax,PATHE, Chemin des Pennes aux Pins,13170,Les Pennes Mirabeau,,FR,France,EMEA,FALSE,FALSE,FALSE,43.41304,5.36238
Megarama Les Ulis & IMAX,megarama-les-ulis-and-imax,,5 Avenue de l'Aubrac,91940,Les Ulis,Issonne / ile de France,FR,France,EMEA,TRUE,FALSE,FALSE,48.67711,2.17071
Pathé Carré Sénart & IMAX,pathé-carré-sénart-imax,,"3, allée du préambule",77566,Lieusaint,,FR,France,EMEA,TRUE,FALSE,FALSE,48.61584,2.54596
Pathé Île Seguin & IMAX,pathe-ile-seguin-and-imax,Pathé,"2 Île Seguin",92100,Boulogne-Billancourt,,Fr,France,EMEA,TRUE,FALSE,FALSE,48.81359,2.39484
Kinepolis Lomme & IMAX,kinepolis-lomme-and-imax,,1 Rue du Chateau D'Isenghien,59160,Lille,,FR,France,EMEA,TRUE,FALSE,FALSE,50.65106,2.98232
Cinema Pathe Carre de Soie & IMAX,cinema-pathe-carre-de-soie-imax,PATHE,2 rue Jacquard,69120,Lyon (Vaulx-en-Velin),,FR,France,EMEA,TRUE,FALSE,FALSE,45.76377,4.92629
Pathe Montataire & IMAX,pathe-montataire-and-imax,,91 Rue Louis Blanc,60160,Montataire,,FR,France,EMEA,TRUE,FALSE,FALSE,49.26027,2.45104
Gaumont Montpellier Multiplexe & IMAX,gaumont-montpellier-multiplexe-imax,,"235, rue Georges Mélies",34000,Montpellier,,FR,France,EMEA,TRUE,FALSE,TRUE,43.60457,3.91579
Pathe Lingostiere & IMAX,pathe-lingostiere-and-imax,PATHE,604 boulevard du Mercantour,6300,Nice,,FR,France,EMEA,TRUE,FALSE,FALSE,43.72225,7.18629
Kinepolis Nimes & IMAX,kinepolis-nimes-and-imax,,130 rue Michel Debré,30900,Nimes,,FR,France,EMEA,TRUE,FALSE,FALSE,43.81460,4.36700
Gaumont Disney Village & IMAX,gaumont-disney-village-imax,,Disney Village,77705,Paris,,FR,France,EMEA,TRUE,FALSE,FALSE,48.86764,2.78545
La Geode,la-geode,,26 avenue Corentin Cariou,75019,Paris,,FR,France,EMEA,TRUE,FALSE,FALSE,48.89455,2.38870
Pathe La Villette & IMAX,pathe-la-villette-imax,PATHE,"30, avenue Corentin Cariou",75019,Paris,,FR,France,EMEA,FALSE,FALSE,FALSE,48.89592,2.38715
Futuroscope - Arthur the 4D Adventure,futuroscope-arthur-4d-adventure,,Parc du Futuroscope,86130,Poitiers,,FR,France,EMEA,FALSE,FALSE,FALSE,46.67107,0.37056
Megarama Roubaix & IMAX,megarama-roubaix-and-imax,,47 Grande Rue,59100,Roubaix,,FR,France,EMEA,TRUE,FALSE,FALSE,50.69250,3.17840
Gaumont Rouen Grand Quevilly & IMAX,gaumont-rouen-grand-quevilly-imax,,26 boulevard Pierre Brossolette,76120,Rouen,,FR,France,EMEA,TRUE,FALSE,FALSE,49.41378,1.04113
Pathe Atlantis & IMAX,pathe-atlantis-and-imax,PATHE,Allée la Pérouse ,44818,Saint-Herblain,,FR,France,EMEA,TRUE,FALSE,FALSE,47.22255,-1.62624
Pathe Saran & IMAX,pathe-saran-imax,PATHE,"1010, route Nationale 20",45770,Saran,,FR,France,EMEA,TRUE,FALSE,FALSE,47.94645,1.89572
Gaumont Parc Millesime & IMAX,gaumont-parc-millesime-imax,,Parc Millesime,51270,Thillois,,FR,France,EMEA,TRUE,FALSE,FALSE,49.25357,3.96569
Cinema Gaumont Labège & IMAX,gaumont-labège-imax,,"105 La Méridienne, Labège Innopole",31670,Toulouse,,FR,France,EMEA,FALSE,FALSE,FALSE,43.53999,1.51104
IMAX Cite d l'Espace,imax-cite-d-lespace,,"Cite de l'Espace, Avenue Jean Gonord, BP 5855",31506,Toulouse,,FR,France,EMEA,TRUE,FALSE,FALSE,43.58600,1.49400
Cine Loire & IMAX,cine-loire-imax,,Rue de la Presle,37000,Tours,,FR,France,EMEA,FALSE,FALSE,FALSE,47.42285,0.70941
Pathe Valence & IMAX,pathe-valence-and-imax,,"53, av de Romans",26000,Valence,,FR,France,EMEA,TRUE,FALSE,FALSE,44.29032,5.96560
Pathe Valenciennes & IMAX,pathe-valenciennes-and-imax,PATHE,59 Avenue des Alpes,59300,Valenciennes,,FR,France,EMEA,TRUE,FALSE,FALSE,50.34063,3.51738
Cineworld Ashford & IMAX,cineworld-ashford-imax,CINEWORLD,"Eureka Entertainment Centre, Rutherford Road",TN25 4BN,"Ashford, Kent",,GB,United Kingdom of Great Britain and Northern Ireland,EMEA,TRUE,FALSE,FALSE,51.16060,0.87320
Cineworld Ashton-under-Lyne & IMAX,cineworld-ashton-under-lyne-imax,CINEWORLD,"Ashton Leisure Park, Fold Way, Off Lord Sheldon Way",OL7 0PG,Ashton Under Lyne,,GB,United Kingdom of Great Britain and Northern Ireland,EMEA,FALSE,FALSE,FALSE,53.48920,-2.11019
Cineworld Barnsley & IMAX,cineworld-barnsley-imax,CINEWORLD,The Glassworks,S70 1GW,"Barnsley, ",,GB,United Kingdom of Great Britain and Northern Ireland,EMEA,TRUE,FALSE,FALSE,53.55220,-1.47860
Cineworld Basildon & IMAX,empire-basildon-imax,CINEWORLD,Festival Leisure Park - Cranes Farm Road,SS14 3WB,Basildon,,GB,United Kingdom of Great Britain and Northern Ireland,EMEA,FALSE,FALSE,FALSE,51.58519,0.46292
Cineworld Belfast & IMAX,cineworld-belfast-imax,CINEWORLD,2 Queens Quay,BT3 9QQ,Belfast,,GB,United Kingdom of Great Britain and Northern Ireland,EMEA,TRUE,FALSE,FALSE,54.60390,-5.91650
Cineworld Birmingham & IMAX,cineworld-birmingham-imax,CINEWORLD,"Broad Street, City Centre  ",B15 1DA,Birmingham,,GB,United Kingdom of Great Britain and Northern Ireland,EMEA,FALSE,FALSE,FALSE,52.47429,-1.91569
Cineworld Birmingham NEC & IMAX,cineworld-birmingham-nec-imax,CINEWORLD,"Resorts World, Pendigo Way",B40 1PU,Birmingham,,GB,United Kingdom of Great Britain and Northern Ireland,EMEA,FALSE,FALSE,FALSE,52.44785,-1.71763
Arc Cinemas Blackpool & IMAX,arc-cinemas-blackpool-and-imax,,"Houndshill Shopping Centre, Coronation Street",FY1 4EN,Blackpool,Lancashire,GB,United Kingdom of Great Britain and Northern Ireland,EMEA,TRUE,FALSE,FALSE,53.81580,-3.05380
National Media Museum & IMAX,pictureville-cinema-national-science-and-media-museum,,Pictureville,BD1 1NQ,Bradford,,GB,United Kingdom of Great Britain and Northern Ireland,EMEA,FALSE,FALSE,FALSE,53.79082,-1.75602
ODEON Luxe Bristol & IMAX,odeon-luxe-bristol-and-imax,,"Cabot Circus, Glass House Lane, Broadmead",BS1 3BX,Bristol,,GB,United Kingdom of Great Britain and Northern Ireland,EMEA,TRUE,FALSE,FALSE,51.45810,-2.58510
Cineworld Broughton & IMAX,cineworld-broughton-imax,CINEWORLD,Broughton Shopping Park - Chester Road,CH4 0DE,Broughton,,GB,United Kingdom of Great Britain and Northern Ireland,EMEA,FALSE,FALSE,FALSE,53.16788,-2.97559
The Light Cinemas Cambridge & IMAX,light-cinemas-cambridge-imax,,"22-26 Cambridge Leisure Park, Clifton Way",CB1 7DY,Cambridge,,GB,United Kingdom of Great Britain and Northern Ireland,EMEA,FALSE,FALSE,FALSE,52.19024,0.13685
ODEON Cardiff & IMAX,odeon-cardiff-imax,ODEON,"Hemingway Road, Atlantic Wharf Leisure Village",CF10 4JY,Cardiff,,GB,United Kingdom of Great Britain and Northern Ireland,EMEA,TRUE,FALSE,FALSE,51.46671,-3.16367
ODEON Chatham & IMAX,odeon-chatham-imax,ODEON,"Leviathan Way, Maritime",ME4 4LL,"Chatham, Kent",,GB,United Kingdom of Great Britain and Northern Ireland,EMEA,FALSE,FALSE,FALSE,51.40067,0.53142
Cineworld Cheltenham & IMAX,cineworld-cheltenham-imax,CINEWORLD,"The Brewery, St. Margaret's Road",GL50 4EF,Cheltenham,,GB,United Kingdom of Great Britain and Northern Ireland,EMEA,FALSE,FALSE,FALSE,51.90378,-2.07575
Cineworld Chichester & IMAX,cineworld-chichester-imax,CINEWORLD,Chichester Gate,PO19 8EL,Chichester,,GB,United Kingdom of Great Britain and Northern Ireland,EMEA,FALSE,FALSE,FALSE,50.83029,-0.78519
Cineworld Crawley & IMAX,cineworld-crawley-imax,CINEWORLD,"Unit 1-Crawley Leisure Park, London Road",RH10 8LR,Crawley,,GB,United Kingdom of Great Britain and Northern Ireland,EMEA,FALSE,FALSE,FALSE,51.11989,-0.18855
ODEON Dunfermline & IMAX,odeon-dunfermline-imax,ODEON,"Fife Leisure Park, 1 Whimbrel Place",KY11 8EX,Dunfermline,,GB,United Kingdom of Great Britain and Northern Ireland,EMEA,TRUE,FALSE,FALSE,56.07790,-3.39520
Cineworld Edinburgh & IMAX,cineworld-edinburgh-imax,CINEWORLD,"Fountain Park, 130/3 Dundee Street",EH11 1AF,Edinburgh,,GB,United Kingdom of Great Britain and Northern Ireland,EMEA,FALSE,FALSE,FALSE,55.94129,-3.21752
Cineworld Enfield & IMAX,cineworld-enfield-imax,CINEWORLD,208 Southbury Road,EN1 1YQ,Enfield,,GB,United Kingdom of Great Britain and Northern Ireland,EMEA,FALSE,FALSE,FALSE,51.64979,-0.06057
ODEON Gateshead & IMAX,odeon-gateshead-imax,ODEON,48 Garden Walk - MetroCentre,NE11 9XZ,Gateshead,,GB,United Kingdom of Great Britain and Northern Ireland,EMEA,TRUE,FALSE,FALSE,54.95896,-1.67062
Cineworld Silverburn & IMAX,cineworld-silverburn-imax,CINEWORLD,"Silverburn Shopping Centre, 763 Barrhead Rd.",G53 6AG,Glasgow,,GB,United Kingdom of Great Britain and Northern Ireland,EMEA,TRUE,FALSE,FALSE,55.82310,-4.34330
IMAX Theatre at the Glasgow Science Centre,imax-theatre-glasgow-science-centre,,50 Pacific Quay,G51 1EA,Glasgow,,GB,United Kingdom of Great Britain and Northern Ireland,EMEA,FALSE,FALSE,FALSE,55.85859,-4.29362
ODEON Greenwich & IMAX,odeon-greenwich-imax,ODEON,"Bugsby Way, Greenwich",SE100QJ,Greenwich,,GB,United Kingdom of Great Britain and Northern Ireland,EMEA,TRUE,FALSE,FALSE,51.48987,0.02512
Cineworld Hemel Hempstead & IMAX,cineworld-hemel-hempstead-imax,CINEWORLD,"Jarman Park, Hemel Hempstead",HP2 4JW,Hemel Hempstead,,GB,United Kingdom of Great Britain and Northern Ireland,EMEA,FALSE,FALSE,FALSE,51.74814,-0.45490
Cineworld York & IMAX,cineworld-york-imax,CINEWORLD,"York Community Stadium, Kathryn Avenue",YO32 9AF,"Huntingdon, York",,GB,United Kingdom of Great Britain and Northern Ireland,EMEA,TRUE,FALSE,FALSE,53.98566,-1.05173
Cineworld Ipswich & IMAX,cineworld-ipswich-imax,CINEWORLD,"11 Grafton Way, Cardinal Park  ",IP1 1AX,Ipswich,,GB,United Kingdom of Great Britain and Northern Ireland,EMEA,FALSE,FALSE,FALSE,52.05346,1.14979
ODEON Kingston & IMAX,odeon-kingston-imax,ODEON,"The Rotunda, Clarence Street",KT1 1QP,Kingston,,GB,United Kingdom of Great Britain and Northern Ireland,EMEA,TRUE,FALSE,FALSE,51.41080,-0.30442
Cineworld Leeds & IMAX,cineworld-leeds-imax,CINEWORLD,"White Rose Shopping Centre, Dewsbury Road",LS11 8LU,Leeds,,GB,United Kingdom of Great Britain and Northern Ireland,EMEA,FALSE,FALSE,FALSE,53.75826,-1.57513
ODEON Liverpool ONE & IMAX,odeon-liverpool-one-imax,ODEON,14 Paradise Street,L1 8JF,Liverpool,,GB,United Kingdom of Great Britain and Northern Ireland,EMEA,TRUE,FALSE,FALSE,53.40408,-2.98606
"BFI IMAX, British Film Institute",bfi-imax-british-film-institute,,1 Charlie Chaplin Walk,SE1 8XR,London,,GB,United Kingdom of Great Britain and Northern Ireland,EMEA,TRUE,FALSE,TRUE,51.50483,-0.11365
Cineworld Leicester Square IMAX,cineworld-leicester-square-imax,CINEWORLD,"The Empire, 5-6 Leicester Square",WC2H 7NA,London,,GB,United Kingdom of Great Britain and Northern Ireland,EMEA,TRUE,FALSE,FALSE,51.51078,-0.13050
IMAX: The Ronson Theatre at the Science Museum,imax-ronson-theatre-science-museum,,Exhibition Road,SW7 2DD,London,,GB,United Kingdom of Great Britain and Northern Ireland,EMEA,TRUE,FALSE,TRUE,51.49976,-0.17448
ODEON Swiss Cottage & IMAX,odeon-swiss-cottage-imax,ODEON,96 Finchley Road,NW3 5EL,London,,GB,United Kingdom of Great Britain and Northern Ireland,EMEA,FALSE,FALSE,FALSE,51.54254,-0.17494
ODEON Trafford Centre & IMAX,odeon-trafford-centre-imax,ODEON,"201 The Dome, The Trafford Centre",M17 8DF,Manchester,,GB,United Kingdom of Great Britain and Northern Ireland,EMEA,TRUE,FALSE,FALSE,53.46635,-2.34919
Vue Manchester IMAX & The Printworks,vue-manchester-imax-printworks,,The Printworks - 27 Withy Grove,M4 2BS,Manchester,,GB,United Kingdom of Great Britain and Northern Ireland,EMEA,TRUE,FALSE,TRUE,53.48520,-2.24072
ODEON Mansfield & IMAX,odeon-mansfield-imax,ODEON,Nottingham Road,United Kingdom,Mansfield,,GB,United Kingdom of Great Britain and Northern Ireland,EMEA,FALSE,FALSE,FALSE,53.13518,-1.20056
ODEON Luxe Middlesbrough & IMAX,odeon-luxe-middlesbrough-and-imax,ODEON,"Leisure Park, Marton Rd",TS1 2DY,Middlesbrough,,GB,United Kingdom of Great Britain and Northern Ireland,EMEA,TRUE,FALSE,FALSE,54.57480,-1.22690
ODEON Milton Keynes & IMAX,odeon-milton-keynes-imax,ODEON,13 Stadium Way West,MK1 1ST,Milton Keynes,,GB,United Kingdom of Great Britain and Northern Ireland,EMEA,FALSE,FALSE,FALSE,52.00886,-0.73696
ODEON Norwich & IMAX,odeon-norwich-imax,ODEON,"Riverside Leisure Park, Wherry Road",NR1 1XA,Norwich,,GB,United Kingdom of Great Britain and Northern Ireland,EMEA,TRUE,FALSE,FALSE,52.62751,1.30587
ODEON Luxe Peterborough & IMAX,odeon-luxe-peterborough-and-imax,ODEON,Queensgate Shopping Centre,PE1 1NT,Peterborough,,GB,United Kingdom of Great Britain and Northern Ireland,EMEA,TRUE,FALSE,FALSE,52.57440,-0.24370
Cineworld Plymouth & IMAX,cineworld-plymouth-imax,CINEWORLD,"Unit 17, 11 Bretonside",PL4 0FE,Plymouth,,GB,United Kingdom of Great Britain and Northern Ireland,EMEA,FALSE,FALSE,FALSE,50.37056,-4.13677
ODEON Braehead & IMAX,odeon-braehead-imax,ODEON,"X-scape, Kings Inch Road",PA4 8XU,Renfrew,,GB,United Kingdom of Great Britain and Northern Ireland,EMEA,TRUE,FALSE,FALSE,55.87859,-4.37120
Cineworld Rushden Lakes & IMAX,cineworld-rushden-lakes-imax,CINEWORLD,"Rushden Lakes Shopping Centre, West Terrace",NN10 6FA,"Rushden, Northamptonshire",,GB,United Kingdom of Great Britain and Northern Ireland,EMEA,TRUE,FALSE,FALSE,52.30063,-0.62847
Cineworld Sheffield & IMAX,cineworld-sheffield-imax,CINEWORLD,"Valley Centertainment, Broughton Lane",S9 2EP,Sheffield,,GB,United Kingdom of Great Britain and Northern Ireland,EMEA,TRUE,FALSE,FALSE,53.40152,-1.41497
Cineworld Stevenage & IMAX,cineworld-stevenage-imax,CINEWORLD,"Unit 4, Stevenage Leisure Park, Kings Way",SG1 2UA,Stevenage,,GB,United Kingdom of Great Britain and Northern Ireland,EMEA,FALSE,FALSE,FALSE,51.90027,-0.20908
VUE Swindon & IMAX,vue-swindon-and-imax,,"Greenbridge Retail & Leisure Park, Drakes Way",SN3 3SQ,Swindon,,GB,United Kingdom of Great Britain and Northern Ireland,EMEA,TRUE,FALSE,FALSE,51.57130,-1.75710
Cineworld Telford & IMAX,cineworld-telford-imax,CINEWORLD,Southwater Square,TF3 4HS,Telford,,GB,United Kingdom of Great Britain and Northern Ireland,EMEA,FALSE,FALSE,FALSE,52.67443,-2.44632
ODEON Uxbridge & IMAX,odeon-uxbridge-imax,ODEON,"The Chimes Shopping Centre, High St, Uxbridge, Greater London",UB8 1GD,Uxbridge,,GB,United Kingdom of Great Britain and Northern Ireland,EMEA,TRUE,FALSE,FALSE,51.54510,-0.47553
Odeon Silverlink & IMAX,odeon-silverlink-imax,ODEON,Osprey Drive,NE28 9NP,Wallsend,,GB,United Kingdom of Great Britain and Northern Ireland,EMEA,FALSE,FALSE,FALSE,55.01261,-1.49480
Cineworld Watford & IMAX,cineworld-watford-imax,CINEWORLD,"INTU Charter Place Shopping Mall, Queens Road",WD17 2UB,Watford,,GB,United Kingdom of Great Britain and Northern Ireland,EMEA,TRUE,FALSE,FALSE,51.65535,-0.39356
ODEON Wimbledon & IMAX,odeon-wimbledon-imax,ODEON,39 The Broadway,SW19 1QB,Wimbledon,,GB,United Kingdom of Great Britain and Northern Ireland,EMEA,FALSE,FALSE,FALSE,51.41988,-0.20480
Cavea Cinemas & IMAX,cavea-cinemas-imax,,"Kakheti Highway, #2 Tvalchrelidze Street",182,Tbilisi,,GE,Georgia,EMEA,FALSE,FALSE,FALSE,41.69840,44.89824
Village Cinemas (@ The Mall Athens),village-cinemas-the-mall-athens,,Andrea Papandreou 35 (Attiki Odos sideway),15122,Marousi,Attica,GR,Greece,EMEA,TRUE,FALSE,FALSE,38.01970,23.70850
CineplexX One Salonica & IMAX,cineplexx-one-salonica-imax,,"ONE Salonica Mall, 61 Giannitson Street",54627,Thessaloniki,,GR,Greece,EMEA,FALSE,FALSE,FALSE,40.64679,22.92035
CineStar Arena IMAX,cinestar-arena-imax,,Vice Vukova 6,10 000,Zagreb,,HR,Croatia,EMEA,FALSE,FALSE,FALSE,45.77069,15.94273
"Simple IMAX, Cinema City Budapest",simple-imax-cinema-city-budapest,,Kerepesi Út 9,1087,Budapest,,HU,Hungary,EMEA,FALSE,FALSE,FALSE,47.49848,19.09162
Cineworld Dublin & IMAX,cineworld-dublin-imax,CINEWORLD,"Parnell Centre, Parnell Street",D01 V4Y1,Dublin,,IE,Ireland,EMEA,FALSE,FALSE,FALSE,53.35005,-6.26836
Odeon Blanchardstown & IMAX,odeon-blanchardstown-imax,ODEON,Blanchardstown Road South,15,Dublin,,IE,Ireland,EMEA,FALSE,FALSE,FALSE,53.39324,-6.38704
Yes Planet Be'er Sheva & IMAX,yes-planet-beer-sheva-imax,,2 Baruch Katinka Street,8488435,Be'er Sheva,,IL,Israel,EMEA,FALSE,FALSE,FALSE,31.23910,34.79472
Yes Planet Jerusalem & IMAX,yes-planet-jerusalem-imax,,2 Naomi Street,,Jerusalem,,IL,Israel,EMEA,FALSE,FALSE,FALSE,31.76233,35.22506
Yes Planet Rishon Lezion & LG IMAX,yes-planet-rishon-lezion-lg-imax,,4 The Meaa Veesrim Street,,Rishon Lezion,,IL,Israel,EMEA,FALSE,FALSE,FALSE,31.96273,34.79995
Iraqi Cinema / Mall of Iraq & IMAX,iraqi-cinema-mall-of-iraq-and-imax,,Al-Attar Street,10022,Baghdad,,IQ,Iraq,EMEA,TRUE,FALSE,FALSE,33.27659,44.40909
Happy MaxiCinema & IMAX,happy-maxicinema-imax,,"Via Santa Maria la Nova, 1",80021,Afragola,,IT,Italy,EMEA,FALSE,FALSE,FALSE,40.93324,14.35671
UCI Cinemas Orio & IMAX,uci-cinemas-orio-imax,,Via Toscana 2,24052,Azzano San Paolo (BG),,IT,Italy,EMEA,TRUE,FALSE,FALSE,45.66140,9.69776
UCI Luxe Campi Bisenzio & IMAX,uci-luxe-campi-bisenzio-imax,,"Via Fratelli Cervi, n. 9, Campi Bisenzio Florence",50013,Florence,,IT,Italy,EMEA,FALSE,FALSE,FALSE,43.84409,11.13689
UCI Luxe Fiumara Genova & IMAX,uci-luxe-fiumara-genova-and-imax,,"Centro Divertimento Fiumara, Via Mantovani ",16151,Genova,,IT,Italy,EMEA,TRUE,FALSE,FALSE,44.41360,8.88090
UCI Cinemas Porta di Roma & IMAX,uci-cinemas-porta-di-roma-imax,,"Galleria Commerciale Porta di Roma, Via Alberto Lionello, 201 - Roma  ",139,Rome,,IT,Italy,EMEA,FALSE,FALSE,FALSE,41.97141,12.54196
UCI Verona & IMAX,uci-verona-and-imax,,via monte Amiata ang. via Monte Pastello snc,37057,San Giovanni Lupatoto (VR),,IT,Italy,EMEA,TRUE,FALSE,FALSE,45.39680,11.01640
Notorious Cinema & IMAX,skyline-multiplex-imax,,Via Milanese c/o Centro Sarca,20099,Sesto San Giovanni,,IT,Italy,EMEA,FALSE,FALSE,FALSE,45.53013,9.21776
Grand Cinemas City Mall & IMAX,grand-cinemas-city-mall-imax,,King Abdullah 2nd street / City Mall - Ground Floor,,Amman,,JO,Jordan,EMEA,FALSE,FALSE,FALSE,31.98000,35.83652
Century Cinemax Garden City Mall & IMAX,century-cinemax-garden-city-mall-imax,,"Thika Road, Exit 7",,Nairobi,,KE,Kenya,EMEA,FALSE,FALSE,FALSE,-1.23283,36.87850
Cosmopark IMAX,cosmopark-imax,,"Kyrgyz Republic, Bishkek Unusalieva str. 40 a ",720028,Bishkek,,KG,Kyrgyzstan,EMEA,FALSE,FALSE,FALSE,42.83410,74.62157
Dordoi Plaza & IMAX,dordoi-plaza-imax,,"115, Ibraimov Str. ",720021,Bishkek,,KG,Kyrgyzstan,EMEA,FALSE,FALSE,FALSE,42.87322,74.61750
Cinescape Al-Kout & IMAX,cinescape-al-kout-imax,,"The Al  Kout Mall, Fahaheel",,Fahaheel,,KW,Kuwait,EMEA,TRUE,FALSE,FALSE,29.07889,48.13837
VOX Cinemas at the Avenues & IMAX,vox-cinemas-at-the-avenues-and-imax,,"Al-Rai- 5th Ring Road, between Ghazali Street & Mohammed Bin Alqasem Street",,Kuwait City,,KW,Kuwait,EMEA,TRUE,FALSE,FALSE,29.30200,47.94000
"IMAX, The Scientific Center Kuwait",imax-scientific-center-kuwait,,Gulf Road,22036,Salmiya,,KW,Kuwait,EMEA,TRUE,FALSE,FALSE,29.34982,48.08955
Halyk Kinopark 16 & IMAX,halyk-kinopark-16-and-imax,,"Almaty, Aport Mall East, Kuldzhinsky tract, 106",50000,Almaty,,KZ,Kazakhstan,EMEA,TRUE,FALSE,FALSE,43.31476,77.01851
Kinopark 11 Esentai IMAX,kinopark-11-esentai-imax,,77/8 Alfa – Rabi Street,50040,Almaty,,KZ,Kazakhstan,EMEA,FALSE,FALSE,FALSE,43.25503,76.91246
IMAX Kinopark Keruen,imax-kinopark-keruen,,"9 Dostyk, Volno-Zeleniy, Bulvar",10000,Astana,,KZ,Kazakhstan,EMEA,FALSE,FALSE,FALSE,51.12621,71.42799
Kinopark 8 Saryarka & IMAX,kinopark-8-saryarka-imax,,"Turan Ave., 24, Saryarka Mall",10000,Astana,,KZ,Kazakhstan,EMEA,FALSE,FALSE,FALSE,51.13845,71.40981
VOX Cinemas & IMAX,vox-cinemas-imax-0,VOX,"City Centre Beirut Hazmieh, City Centre Mall, Terrace Level",91100,Beirut,,LB,Lebanon,EMEA,FALSE,FALSE,FALSE,33.86422,35.52843
Forum Cinemas Vingis & IMAX,forum-cinemas-vingis-and-imax,,Savanorių pr. 7,3116,Vilnius,,LT,Lithuania,EMEA,TRUE,FALSE,FALSE,54.67830,25.25560
Kinepolis Kirchberg & IMAX,kinepolis-kirchberg-imax,,"45, Avenue John F. Kennedy",1855,Kirchberg,,LU,Luxembourg,EMEA,TRUE,FALSE,FALSE,49.84880,6.10560
Apollo Kino & IMAX,apollo-kino-imax,,Maskavas Street 257,LC-1063,Riga,,LV,Latvia,EMEA,TRUE,FALSE,FALSE,56.92356,24.17018
Pathe Californie Casablanca & IMAX,pathe-california-casablanca-and-imax,PATHE,"CT1029, Commune de Ain Chock",,Casablanca,,MA,Morocco,EMEA,TRUE,FALSE,FALSE,33.53390,-7.58310
Megarama Rabat & IMAX,megarama-rabat-and-imax,,"Arribat Center, immeuble 17 ,numéro, Altbtal, 09, Av. Al Abtal",,Rabat,,MA,Morocco,EMEA,TRUE,FALSE,FALSE,34.00290,-6.84350
Filmhouse & IMAX,filmhouse-and-imax,,"The Rock Drive, off Bisola Durosinmi Etti Drive, Lekki Phase 1",,Lagos,,NG,Nigeria,EMEA,FALSE,FALSE,FALSE,6.43930,3.47698
Filmhouse Circle Mall & IMAX,filmhouse-imax,,"Circle Mall, Peninsula II, Lekki",100001,Lagos,,NG,Nigeria,EMEA,FALSE,FALSE,FALSE,6.43822,3.47295
Kinepolis Almere & IMAX,kinepolis-almere-and-imax,,Forum 16,1315TH,Almere,,NL,Netherlands,EMEA,TRUE,FALSE,FALSE,52.36880,5.21900
Pathe Arena & IMAX,pathe-arena-imax,PATHE,Arena Boulevard 600 - Zuidoost,1101 DS,Amsterdam,,NL,Netherlands,EMEA,FALSE,FALSE,FALSE,52.31260,4.94571
Pathe Arnhem & IMAX,pathe-arnhem-imax,PATHE,Oude Stationsstraat 20,6811 KE,Arnhem,,NL,Netherlands,EMEA,FALSE,FALSE,FALSE,51.98391,5.90452
Kinepolis Breda & IMAX,kinepolis-breda-and-imax,,Bavelseparklaan 4,4817 ZX,Breda,,NL,Netherlands,EMEA,TRUE,FALSE,FALSE,51.58060,4.83510
Pathe Spuimarkt & IMAX,pathe-spuimarkt-imax,PATHE,Spui 65,2511 BL,Den Haag,,NL,Netherlands,EMEA,TRUE,FALSE,FALSE,52.07715,4.31562
Pathe Eindhoven & IMAX,pathe-eindhoven-imax,PATHE,Dommelstraat 27,5611 CJ,Eindhoven,,NL,Netherlands,EMEA,TRUE,FALSE,FALSE,51.44041,5.48099
Kinepolis Enschede & IMAX,kinepolis-enschede-and-imax,,Colosseum 60,7521 PT,Enschede,,NL,Netherlands,EMEA,TRUE,FALSE,FALSE,52.23870,6.83530
Pathe Schouwburgplein & IMAX,pathe-schouwburgplein-imax,PATHE,Schouwburgplein 101,3012 CL,Rotterdam,,NL,Netherlands,EMEA,FALSE,FALSE,FALSE,51.92161,4.47351
Pathe Tilburg & IMAX,pathe-tilburg-imax,PATHE,Pieter Vreedeplein 174,5038 BW,Tilburg,,NL,Netherlands,EMEA,TRUE,FALSE,FALSE,51.55818,5.08876
Pathe Utrecht Leidsche Rijn & IMAX,pathe-utrecht-leidsche-rijn-and-imax,PATHE,Berlijnplein 100,3541 CM,Utrecht,,NL,Netherlands,EMEA,TRUE,FALSE,FALSE,52.09680,5.07170
ODEON Oslo & IMAX,odeon-oslo-imax,ODEON,Vitaminveien 27,485,Oslo,,NO,Norway,EMEA,TRUE,FALSE,FALSE,59.94712,10.77236
VOX Mall of Oman & IMAX,vox-mall-oman-imax,VOX,"Mall of Oman, Bawshar Street",,Muscat,,OM,Oman,EMEA,FALSE,FALSE,FALSE,23.57500,58.40840
Helios Gdynia & IMAX,helios-gdynia-and-imax,,Kazimierza Górskiego 2 Street,81-304,Gdynia,,PL,Poland,EMEA,TRUE,FALSE,FALSE,54.50350,18.53180
Cinema City IMAX Katowice,cinema-city-imax-katowice,,Gliwicka 44 St.,40-853,Katowice,,PL,Poland,EMEA,FALSE,FALSE,FALSE,50.26235,19.00582
Cinema City Zakopianka & IMAX,cinema-city-zakopianka-imax,,Ul. Zakopianska 62,30-418,Krakow,,PL,Poland,EMEA,TRUE,FALSE,FALSE,50.01556,19.92988
Cinema City IMAX Lodz,cinema-city-imax-lodz,,"CH Manufaktura, ul. Drewnowska 58",91-002,Lodz,,PL,Poland,EMEA,TRUE,FALSE,FALSE,51.77891,19.44219
Cinema City IMAX Poznan,cinema-city-imax-poznan,,ul. K. Druzbickiego 2,61-693,Poznan,,PL,Poland,EMEA,FALSE,FALSE,FALSE,52.44082,16.91902
Helios Szczecin & IMAX,helios-szczecin-and-imax,,ul. A.Struga 42,70-784,Szczecin,,PL,Poland,EMEA,TRUE,FALSE,FALSE,53.38120,14.66990
Cinema City IMAX Warszawa,cinema-city-imax-warszawa,,Powsinska 31 St.,02-903,Warszawa,,PL,Poland,EMEA,FALSE,FALSE,FALSE,52.18745,21.06107
Cinema City Wroclavia & IMAX,cinema-city-wroclavia-imax,,ul. Sucha 1-11,50-086,Wroclaw,,PL,Poland,EMEA,FALSE,FALSE,FALSE,51.09708,17.03434
Cinemas NOS CascaiShopping & IMAX,cinemas-nos-cascaishopping-imax,,Estrada Nacional 9 ,2765,Alcabideche,,PT,Portugal,EMEA,FALSE,FALSE,FALSE,38.73808,-9.39774
Cinema NOS Colombo & IMAX,cinema-nos-colombo-imax,,"Av Lusiadas, loja A 203",1500-179,Lisboa,,PT,Portugal,EMEA,TRUE,FALSE,FALSE,38.74956,-9.16900
Cinema NOS Marshopping & IMAX,cinema-nos-marshopping-imax,,Av. Óscar Lopes - Leça da Palmeira,4450-745,Matosinhos,,PT,Portugal,EMEA,FALSE,FALSE,FALSE,41.27090,-8.68960
"Nova Cinemas IMAX ""The Pearl""",nova-cinemas-imax-pearl,,"Medina Centrale Corner, Cordova Street, The Pearl",,Doha,,QA,Qatar,EMEA,FALSE,FALSE,FALSE,25.36685,51.55041
Novo Mall of Qatar & IMAX,novo-mall-of-qatar-and-imax,,"Dukhan High Way, Al Rayyan Road",24593,Doha,,QA,Qatar,EMEA,TRUE,FALSE,FALSE,25.32454,51.35008
"T IMAX, AFI Palace Cotroceni",t-imax-afi-palace-cotroceni,,"AFI Palace Cotroceni, Bd Vasile",14108,Bucharest,,RO,Romania,EMEA,FALSE,FALSE,FALSE,44.43031,26.05165
Cinema City IMAX Shopping City Timisoara,cinema-city-imax-shopping-city-timisoara,,Calea Sagului 100,300516,Timisoara,,RO,Romania,EMEA,FALSE,FALSE,FALSE,45.76651,21.22844
CineplexX Galerija Belgrade & IMAX,cineplexx-galerija-belgrade-imax,,Bulevar Vudroa Vilsona 12,11070,Belgrade,,RS,Serbia,EMEA,TRUE,FALSE,FALSE,44.81040,20.45350
Kinocentr na Krasnoy Ploschadi IMAX,«kinocentr»-na-krasnoy-ploschadi-imax,,"Astrahanskaja 99 - ""Krasnaja Ploshhad""",353451,Anapa,,RU,Russian Federation,EMEA,FALSE,FALSE,FALSE,44.87959,37.33760
Kinomir Barnaul & IMAX,kinomir-barnaul-imax,,"188 Pavlovsky Trakt, SLC ""Arena""",656922,Barnaul,,RU,Russian Federation,EMEA,FALSE,FALSE,FALSE,53.34296,83.68245
Cinema Park IMAX Chelyabinsk,cinema-park-imax-chelyabinsk,,"Artilleriyskaya Street, 136",454007,Chelyabinsk,,RU,Russian Federation,EMEA,FALSE,FALSE,FALSE,55.16478,61.43101
Cinema Park IMAX Kaliningrad,cinema-park-imax-kaliningrad,,Professora Baranova Street 40,236029,Kaliningrad,,RU,Russian Federation,EMEA,FALSE,FALSE,FALSE,54.71878,20.49909
Kinomax Kazan & IMAX,kinomax-kazan-imax,,"Pavluhina st, 91",420059,Kazan,,RU,Russian Federation,EMEA,FALSE,FALSE,FALSE,55.76850,49.14810
Cinema 9 & IMAX,cinema-9-imax,,"2B, Pionerskaya Street",680003,Khabarovsk,,RU,Russian Federation,EMEA,FALSE,FALSE,FALSE,48.43890,135.10562
IMAX Theatre Seven Stars Mall,imax-theatre-seven-stars-mall,,"79/1, Uralskaya St., SBS Megamall, Seven Stars Multiplex",,Krasnodar,,RU,Russian Federation,EMEA,FALSE,FALSE,FALSE,45.03406,39.05154
Cinema Park Krasnoyarsk & IMAX,cinema-park-krasnoyarsk-imax,,Dubrovinskogo 1g Building 2,660049,Krasnoyarsk,,RU,Russian Federation,EMEA,FALSE,FALSE,FALSE,56.00764,92.87945
Cinema 5 Kursk & IMAX,cinema-5-kursk-imax,,"Karla Marksa, d. 6",305004,Kursk,,RU,Russian Federation,EMEA,FALSE,FALSE,FALSE,51.74924,36.19288
Kinomax-Riviera & IMAX,kinomax-riviera-imax,,Katukova st. 51,398036,Lipetsk,,RU,Russian Federation,EMEA,FALSE,FALSE,FALSE,52.59303,39.50520
Cinema Park Kinostar Tepily Stan & IMAX,kinostar-deluxe-teply-stan-imax,,"41 km MKAD, MEGA Mall Tepily Stan",142704,Moscow,,RU,Russian Federation,EMEA,FALSE,FALSE,FALSE,55.60412,37.48975
Cinema Park MEGA Belaja Dacha & IMAX,kinostar-new-york-imax-mega-belaja-dacha,,"14 km MKAD, MEGA Mall Belaya Dacha",140055,Moscow,,RU,Russian Federation,EMEA,FALSE,FALSE,FALSE,55.60418,37.49152
Cinema Park MEGA Khimki & IMAX,cinema-park-mega-khimki-imax,,"5km Leningradskoe shosse, MEGA Mall Khimki Moscow",141400,Moscow,,RU,Russian Federation,EMEA,FALSE,FALSE,FALSE,55.88622,37.43636
"Formula Kino City, IMAX Sapphire",formula-kino-city-imax-sapphire,,"Presnenskaya embankment, 2, AFIMALL City",123317,Moscow,,RU,Russian Federation,EMEA,FALSE,FALSE,FALSE,55.74737,37.54271
Formula Kino Kutuzovsky & IMAX,formula-kino-kutuzovsky-imax,,"Slavyanskiy blvd, 3",121352,Moscow,,RU,Russian Federation,EMEA,TRUE,FALSE,FALSE,55.74815,37.55534
Formula Kino Polezhaevskaya & IMAX,formula-kino-polezhaevskaya-imax,,"Horoshovskoe w. , 27 ",123007,Moscow,,RU,Russian Federation,EMEA,FALSE,FALSE,FALSE,55.78291,37.52364
Karo IMAX Moscow,karo-imax-moscow,,"24, Novy Arbat str., October Cinema Theatre",,Moscow,,RU,Russian Federation,EMEA,FALSE,FALSE,FALSE,55.75251,37.59172
Karo Kuntsevo 13 & IMAX,karo-kuntsevo-13-imax,,"MO, Odintsovskiy district, Nemchinovka, Horoshevskiy p-t, 14",143026,Moscow,,RU,Russian Federation,EMEA,FALSE,FALSE,FALSE,55.72016,37.38085
Kinomax Kozhukhovskaya & IMAX,kinomax-kozhukhovskaya-imax,,"9, 7th Kozhukhovskaya St., SLC “Mosaica”, 3 Floor",,Moscow,,RU,Russian Federation,EMEA,FALSE,FALSE,FALSE,55.70931,37.67191
Kinomax Prazhskaya & IMAX,kinomax-prazhskaya-imax,,"13A, Kirovogradskaya Street",117519,Moscow,,RU,Russian Federation,EMEA,FALSE,FALSE,FALSE,55.61267,37.60532
Kinomax Titan Moscow & IMAX,kinomax-titan-moscow-imax,,"Kashirskoe sh., d. 61 G ",115409,Moscow,,RU,Russian Federation,EMEA,FALSE,FALSE,FALSE,55.61491,37.71719
Kinosfera IMAX,kinosfera-imax,,"Pravoberezhnaja 1b - ""Kapitolij Leningradskij""",125445,Moscow,,RU,Russian Federation,EMEA,FALSE,FALSE,FALSE,55.88081,37.45027
Cinema Park SLC “TORGOVYI KVARTAL” & IMAX,cinema-park-slc-torgovyi-kvartal-imax,,Prospekt Mira 3,,Naberezhnye Chelny,,RU,Russian Federation,EMEA,FALSE,FALSE,FALSE,55.72494,52.38114
Cinema Park Deluxe IMAX,cinema-park-deluxe-imax,,"Betankura street, 1",603086,Nizhny Novgorod,,RU,Russian Federation,EMEA,FALSE,FALSE,FALSE,56.33324,43.95410
Formula Kino IMAX Novokuznetsk,formula-kino-imax-novokuznetsk,,DOZ St. 10A,654006,Novokuznetsk,,RU,Russian Federation,EMEA,FALSE,FALSE,FALSE,53.78212,87.12863
Cinema Park Novosibirsk IMAX,cinema-park-novosibirsk-imax,,"101, Krasny Prospect, SLC,  Royal Park",,Novosibirsk,,RU,Russian Federation,EMEA,FALSE,FALSE,FALSE,55.05586,82.91255
Kristall IMAX,kristall-imax,,"53, Komsomolsky av.",,Perm,,RU,Russian Federation,EMEA,FALSE,FALSE,FALSE,57.99892,56.25082
Drugar Theatre & IMAX,drugar-theatre-imax,,"Panagyurishte St., 1A (Komsomol Park)",357352,Pyatigorsk,,RU,Russian Federation,EMEA,FALSE,FALSE,FALSE,44.05715,43.06041
Kinomax Rostov-оn-Don & IMAX,kinomax-rostov-оn-don-imax,,"Rostov-on-Don, st. Poymennaya, 1 ",344002,Rostov-on-Don,,RU,Russian Federation,EMEA,FALSE,FALSE,FALSE,47.20441,39.72026
Kinomax Ryazan & IMAX,kinomax-ryazan-imax,,"21, Moscow Highway, «Premier» Mall",390000,Ryazan,,RU,Russian Federation,EMEA,FALSE,FALSE,FALSE,54.59167,39.69864
Formula Kino Gallery & IMAX,formula-kino-gallery-imax,,"Prospekt Ligovskij 30 A - ""Galereja""",,Saint Petersburg,,RU,Russian Federation,EMEA,FALSE,FALSE,FALSE,59.92788,-30.35884
Formula Kino Gemchuzhina & IMAX,formula-kino-gemchuzhina-imax,,"51 Peterhofskoe Shosse, Pearl Plaza",198206,Saint Petersburg,,RU,Russian Federation,EMEA,FALSE,FALSE,FALSE,59.84812,30.14420
"Formula Kino Piterland, IMAX Sapphire",formula-kino-piterland-imax-sapphire,,"Primorskij 72 A - ""Piterljend""",,Saint Petersburg,,RU,Russian Federation,EMEA,FALSE,FALSE,FALSE,59.98173,30.21177
Kinomax-Samara & IMAX,kinomax-samara-imax,,"Aerodromnaya str. 47A, shopping center Aurora Mall, 4th floor",443070,Samara,,RU,Russian Federation,EMEA,FALSE,FALSE,FALSE,53.19123,50.18889
Cinema Park Triumph IMAX,cinema-park-triumph-imax,,"167, Zarubina str., SLC ""Triumph""",,Saratov,,RU,Russian Federation,EMEA,FALSE,FALSE,FALSE,51.54209,46.01347
KINO OKKO & IMAX,kino-okko-imax,,7 Novaya Zarya Str.,354071,Sochi,,RU,Russian Federation,EMEA,FALSE,FALSE,FALSE,43.60481,39.73237
Cinema Park Raduga & IMAX,cinema-park-raduga-imax,,"14, Kosmonavtov av., Raduga Mall",196244,St. Petersburg,,RU,Russian Federation,EMEA,FALSE,FALSE,FALSE,59.86870,30.34900
Cinema Park Kosmos & IMAX,cinema-park-kosmos-imax,,"Dovatortsev st., 75 A",355042,Stavropol,,RU,Russian Federation,EMEA,FALSE,FALSE,FALSE,44.99669,41.92392
Cinema Park Surgut & IMAX,cinema-park-surgut-imax,,"Yugorsky Trakt, 38",628400,Surgut,,RU,Russian Federation,EMEA,FALSE,FALSE,FALSE,61.27116,73.39504
Kronverk Cinema Maxi & IMAX,kronverk-cinema-maxi-imax,,"141 Octyabrskiy Prospekt, Maxi Shopping Mall",167000,Syktyvkar,,RU,Russian Federation,EMEA,FALSE,FALSE,FALSE,61.69223,50.80460
Kinomax Tomsk & IMAX,kinomax-tomsk-imax,,"73, Rozy Lyuksemburg St.",,Tomsk,,RU,Russian Federation,EMEA,FALSE,FALSE,FALSE,56.50140,84.95173
Cinema Park Maxi Tula & IMAX,cinema-park-maxi-tula-imax,,"Proletarskaya street, 2",300001,Tula,,RU,Russian Federation,EMEA,FALSE,FALSE,FALSE,54.19353,37.63464
Cinema Park Tumen & IMAX,cinema-park-tumen-imax,,"70, M. Gorky St., SLC “Goodwin”",625048,Tumen,,RU,Russian Federation,EMEA,FALSE,FALSE,FALSE,57.14865,65.56056
People's Cinema IMAX,peoples-cinema-imax,,"Zherdeva st., 136/1",670013,Ulan Ude,,RU,Russian Federation,EMEA,FALSE,FALSE,FALSE,51.81226,107.66639
Cinema Park IMAX (Aqua Mall),cinema-park-imax-aqua-mall,,108 Moskovskoe Shosse,432049,Ulyanovsk,,RU,Russian Federation,EMEA,FALSE,FALSE,FALSE,54.30488,48.35723
Kinomax Sapphire & IMAX,kinomax-sapphire-imax,,"St. Kalinina, 8",690035,Vladivostock,,RU,Russian Federation,EMEA,FALSE,FALSE,FALSE,43.10201,131.91745
Ocean Cinema Theatre & IMAX,ocean-cinema-theatre-imax,,"3, Naberezhnaja St.",690091,Vladivostok,,RU,Russian Federation,EMEA,FALSE,FALSE,FALSE,43.11637,131.87800
Cinema Park Europe City Mall IMAX,cinema-park-europe-city-mall-imax,,"54 b, Lenina Prospect, SLC “Europa City Mall” ",400005,Volgograd,,RU,Russian Federation,EMEA,FALSE,FALSE,FALSE,48.72485,44.53730
Cinema Park Gallery Center IMAX,cinema-park-gallery-center-imax,,"35, Koltsovskaya Street, SLC ""Galereya Chizhova""",,Voronezh,,RU,Russian Federation,EMEA,FALSE,FALSE,FALSE,51.66664,39.19127
Planeta Kino & IMAX Yalta,planeta-kino-imax-yalta,,Kievskaja 4,,Yalta,,RU,Russian Federation,EMEA,FALSE,FALSE,FALSE,44.50873,34.16867
Cinema Park Starlight IMAX,cinema-park-starlight-imax,,"5 Malysheva Street, SLC, Alatyr",,Yekaterinburg,,RU,Russian Federation,EMEA,FALSE,FALSE,FALSE,56.83668,60.62350
Empire Cinemas - Abha & iMAX,empire-cinemas-abha-imax,,"AlRashid Mall, Albadea Street",62581,Abha,,SA,Saudi Arabia,EMEA,FALSE,FALSE,FALSE,18.23646,42.57876
Muvi Mall of Arabia & IMAX,muvi-mall-of-arabia-and-imax,,Al-Madinah Al-Munawarah Rd (Gate 5),23532,"An Nuzhah, Jeddah",,SA,Saudi Arabia,EMEA,TRUE,FALSE,FALSE,21.63250,39.15610
AMC Stars Avenue 9 & IMAX,amc-stars-avenue-9-imax,,"Stars Avenue Mall, King Abdulaziz Road",23424,Jeddah,,SA,Saudi Arabia,EMEA,TRUE,FALSE,FALSE,21.57300,39.12810
VOX Jeddah Park & IMAX,vox-jeddah-park-and-imax,VOX,Aziziyah Jeddah,23334,Jeddah,,SA,Saudi Arabia,EMEA,TRUE,FALSE,FALSE,21.56240,39.20800
VOX Jeddah Town Square & IMAX,vox-jeddah-town-square-imax,VOX,"5135, Abdullah Souliman Street, Althaghur Neighborhood, Front of King Abdulaziz University",,Jeddah,,SA,Saudi Arabia,EMEA,TRUE,FALSE,FALSE,21.48230,39.23780
VOX Red Sea Mall & IMAX,vox-red-sea-mall-imax,VOX,"Red Sea Mall,  N. King Abdulaziz Rd",21146,Jeddah,,SA,Saudi Arabia,EMEA,TRUE,FALSE,FALSE,21.62758,39.10899
Empire Cinemas Rabwa & IMAX,empire-cinemas-rabwa-imax,,"Exit 14, Rabwa Street",12839,Riyadh,,SA,Saudi Arabia,EMEA,TRUE,FALSE,FALSE,24.70810,46.76620
Muvi UWALK & IMAX,muvi-uwalk-and-imax,,"UWALK Mall, Prince Turki Ibn Abdulaziz Al Awwal Rd",12373,Riyadh,,SA,Saudi Arabia,EMEA,TRUE,FALSE,FALSE,24.73562,46.63163
VOX Rakka Century Corner & IMAX,vox-rakka-century-corner-imax,VOX,"7582, King Fahad Road, Al Ulaya",12333,Riyadh,,SA,Saudi Arabia,EMEA,TRUE,FALSE,FALSE,24.69120,46.68240
VOX Riyadh Park & IMAX,vox-riyadh-park-imax,VOX,"2886 Northern Ring Branch Road, Al Aqiq",,Riyadh,,SA,Saudi Arabia,EMEA,FALSE,FALSE,FALSE,24.75624,46.62911
Filmstaden Bergakungen & IMAX,filmstaden-bergakungen-imax,,Skanegatan 16b,411 40,Gothenburg,,SE,Sweden,EMEA,TRUE,FALSE,FALSE,57.70253,11.98557
Filmstaden Scandinavia & IMAX,filmstaden-scandinavia-imax,,Mall of Scandinavia - Solna kommun,103 98,Stockholm,,SE,Sweden,EMEA,FALSE,FALSE,FALSE,59.37033,18.00520
"IMAX Cosmonova, Swedish Museum of Natural History",imax-cosmonova,,Frescativägen 40,11418,Stockholm,,SE,Sweden,EMEA,TRUE,FALSE,FALSE,59.36831,18.05270
Filmstaden LUXE Uppsala & IMAX,filmstaden-luxe-uppsala-and-imax,,Dragarbrunnsgatan 22,753 20,Uppsala,,SE,Sweden,EMEA,TRUE,FALSE,FALSE,59.86110,17.63750
Cinemax Bratislava & IMAX,cinemax-bratislava-imax,,"Bory Mall, Lamac 6780",841 06,Bratislava,,SK,Slovakia,EMEA,FALSE,FALSE,FALSE,48.20397,17.03605
Paribu Cineverse M1 Adana & IMAX,paribu-cineverse-m1-adana-imax,,"M1 Adana AVM, Yeni Mahallesi, 87071. Sokak No:5",1200,Adana,,TR,Turkey,EMEA,FALSE,FALSE,FALSE,37.01921,35.24226
Paribu Cineverse ANKAmall & IMAX,paribu-cineverse-ankamall-imax,,2/242 Akkopru-Iskitler,6330,Ankara,,TR,Turkey,EMEA,FALSE,FALSE,FALSE,39.95025,32.83191
Paribu Cineverse Panora & IMAX,paribu-cineverse-panora-and-imax,,"Oran Mahallesi, Kudüs Caddesi, No: 3 Çankaya",6450,Ankara,,TR,Turkey,EMEA,TRUE,FALSE,FALSE,39.84850,32.83320
World Cinezone Gordion & IMAX,cinenova-gordion-and-imax,,Gordion Alışveriş Merkezi Ankaralılar Cad. No:2,6810,"Ankara, Koru Mahallesi ",,TR,Turkey,EMEA,TRUE,FALSE,FALSE,39.90050,32.69120
Paribu Cinevere Bursa Marka & IMAX,paribu-cinevere-bursa-marka-imax,,"Sur Yapı Marka AVM,Odunluk Mahallesi, Mihraplı Cd. 6/A",16110,Bursa,,TR,Turkey,EMEA,FALSE,FALSE,FALSE,40.20640,28.99599
Paribu Cineverse Akasya & IMAX,paribu-cineverse-akasya-imax,,GüAnkara Devlet Yolu Haydarpaşa Yönü 4.km Çeçen Sokak Acıbadem Üsküdar/İstanbul,34660,Istanbul,,TR,Turkey,EMEA,FALSE,FALSE,FALSE,41.00278,29.05504
Paribu Cineverse İstinyePark & IMAX,paribu-cineverse-istinyepark-imax,,IstinyePark AVM,34450,Istanbul,,TR,Turkey,EMEA,FALSE,FALSE,FALSE,41.10997,29.03245
Paribu Cineverse Maltepe Hilltown & IMAX,paribu-cineverse-maltepe-hilltown-imax,,"Aydınevler Mahallesi, Siteler Yolu Sokak No:1, İç Kapı Numarası 01-900, Küçükyalı",34854,Istanbul,,TR,Turkey,EMEA,FALSE,FALSE,FALSE,40.95205,29.12464
Paribu Cineverse Marmara Park & IMAX,paribu-cineverse-marmara-park-imax,,"Guzelyurt Mah., 1. Cadde 33A, Esenyurt",34510,Istanbul,,TR,Turkey,EMEA,FALSE,FALSE,FALSE,41.01184,28.65265
World Cinezone Marmara Forum & IMAX,cinenova-marmara-forum-and-imax,,"Osmaniye, Çobançeşme Koşuyolu Cd. No:3",34100,"Istanbul, Bakırköy",,TR,Turkey,EMEA,TRUE,FALSE,FALSE,40.99630,28.88620
Paribu Cineverse MaviBahçe & IMAX,paribu-cineverse-mavibahçe-imax,,Mavişehir Mah. Caher Dudayev Bulvarı A Blok 301 No:40 Karşıyaka İzmir,35590,İzmir,,TR,Turkey,EMEA,FALSE,FALSE,FALSE,38.47396,27.07507
Multiplex Dafi & IMAX,multiplex-dafi-imax,,"Blv  Zoryany, 1A",49000,Dnipro,,UA,Ukraine,EMEA,FALSE,FALSE,FALSE,48.42537,35.02182
Planeta Kino & IMAX Kharkiv,planeta-kino-imax-kharkiv,,"44B, Akademika Pavlova Street, Shopping Mall “French Boulevard”",61022,Kharkiv,,UA,Ukraine,EMEA,FALSE,FALSE,FALSE,50.00202,36.30713
Multiplex Lavina Mall & IMAX,multiplex-lavina-mall-imax,,6D Berkovetska Street,4128,Kyiv,,UA,Ukraine,EMEA,TRUE,FALSE,FALSE,50.49593,30.36136
Planeta Kino Kyiv & IMAX,planeta-kino-kyiv-imax,,"34-V Prospekt Stepana Bandery, SLC “Blockbuster”",1000,Kyiv,,UA,Ukraine,EMEA,FALSE,FALSE,FALSE,50.48623,30.51929
Planeta Kino River Mall & IMAX,planeta-kino-river-mall-imax,,10-14 Dniprovska Naberezhna Street,3081,Kyiv,,UA,Ukraine,EMEA,TRUE,FALSE,FALSE,50.40520,30.61265
Respublica IMAX,respublica-imax,,"1, Str. Velyka Okruzhna",3134,Kyiv,,UA,Ukraine,EMEA,TRUE,FALSE,FALSE,50.37495,30.44882
Planeta Kino & IMAX Lviv,planeta-kino-imax-lviv,,"30 Stryiska Street, Sokilnyky village, SLC “King Cross Leopolis”",,Lviv,,UA,Ukraine,EMEA,FALSE,FALSE,FALSE,49.80700,23.97820
Planeta Kino & IMAX Odesa,planeta-kino-imax-odesa,,2 Marshala Zhukova Prospekt,,Odesa,,UA,Ukraine,EMEA,FALSE,FALSE,FALSE,46.41556,30.71267
TashkentCity Cinematica & IMAX,tashkentcity-cinematica-and-imax,,"5-7, B.Zokirov str",100011,Tashkent,,UZ,Uzbekistan,EMEA,TRUE,FALSE,FALSE,41.31650,69.25400
CineplexX Kosovo & IMAX,cineplexx-kosovo-and-imax,,"Albi Mall, Zona Industriale",10 000,Phristina,,XK,Kosovo,EMEA,TRUE,FALSE,FALSE,42.63170,21.15170
Ster-Kinekor Eastgate & IMAX,ster-kinekor-eastgate-imax,,43 Bradford Road - Eastgate Shopping Centre - Ground Floor,2144,Bedfordview,,ZA,South Africa,EMEA,FALSE,FALSE,FALSE,-26.17972,28.11746
Ster-Kinekor Blue Route Mall & IMAX,ster-kinekor-blue-route-mall-imax,,"Blue Route Mall, 16 Tokai Road, Corner Vans & Tolkai Rad, Tokai",7945,Cape Town,,ZA,South Africa,EMEA,FALSE,FALSE,FALSE,-34.06380,18.45432
Ster-Kinekor V&A Waterfront & IMAX,ster-kinekor-va-waterfront-imax,,19 Dock Road,8001,Cape Town,,ZA,South Africa,EMEA,TRUE,FALSE,FALSE,-33.90420,18.41920
Ster-Kinekor & IMAX,ster-kinekor-imax,,"Mall of Africa, Magwa Crescent, Midrand",1682,Johannesburg,,ZA,South Africa,EMEA,FALSE,FALSE,FALSE,-26.01639,28.10614
Ster-Kinekor The Zone @ Rosebank & IMAX,ster-kinekor-the-zone-rosebank-and-imax,,"181 Oxford Service Rd, Rosebank",2196,Johannesburg,,ZA,South Africa,EMEA,TRUE,FALSE,FALSE,-26.14500,28.04360
Ster-Kinekor Cradlestone Mall & IMAX,ster-kinekor-cradlestone-mall-imax,,Corner Hendrik Potgieter & Furrow Road,157,Krugersdorp,,ZA,South Africa,EMEA,FALSE,FALSE,FALSE,-26.05961,27.83918
Ster-Kinekor Baywest Mall & IMAX,ster-kinekor-baywest-mall-imax,,Walker Drive Exit off N2 Highway,6017,Port Elizabeth,,ZA,South Africa,EMEA,FALSE,FALSE,FALSE,-33.95198,25.45948
Ster-Kinekor The Grove & IMAX,ster-kinekor-grove-imax,,Lynnwood and Simon Vermooten Roads - Equestria,,Pretoria,,ZA,South Africa,EMEA,FALSE,FALSE,FALSE,-25.76687,28.32486
Ster-Kinekor Capegate & IMAX,ster-kinekor-capegate-imax,,Corner Okavango & De Bron Roads - Cape Gate Centre,7570,Sandton,,ZA,South Africa,EMEA,FALSE,FALSE,FALSE,-33.85297,18.69747
IMAX Theatre Showcase,imax-theatre-showcase,,Esteban Echeverria 3750,B1605DT,Buenos Aires,,AR,Argentina,LATAM,FALSE,FALSE,FALSE,-34.51457,-58.52276
IMAX Parque del Conocimiento,imax-parque-del-conocimiento,,Av. Ulises López y Ruta 12 s/n.,3300,Posadas,,AR,Argentina,LATAM,FALSE,FALSE,FALSE,-27.39716,-55.96219
The Movies IMAX @ Glória,movies-imax-glória,,Caya J.E.M. Arends 8,,Eagle Beach,,AW,Aruba,LATAM,TRUE,FALSE,FALSE,12.54310,-70.05734
Cineart Boulevard & IMAX,cineart-boulevard-imax,,"Av. dos Andradas, 3.000 - Santa Efigênia",30260-070,Belo Horizonte,,BR,Brazil,LATAM,FALSE,FALSE,FALSE,-19.92021,-43.91980
Kinoplex D. Pedro & IMAX,kinoplex-d-pedro-imax,,Av. Guilherme Campos No.500 EUC-A18 – Shopping Parque D. Pedro,13087-900,Campinas,,BR,Brazil,LATAM,FALSE,FALSE,FALSE,-22.84965,-47.06301
IMAX Palladium,dom-bosco-imax,,"Av. Presidente Kennedy, 4121 – Portao ",80610-905,Curitiba,,BR,Brazil,LATAM,FALSE,FALSE,FALSE,-25.47776,-49.28972
UCI Ribeiro Shopping Iguatemi Fortaleza & IMAX,uci-ribeiro-shopping-iguatemi-fortaleza-imax,,"Av. Washington Soares, 85 Loja 600 - Edson Queiroz",60811-341,Fortaleza,,BR,Brazil,LATAM,FALSE,FALSE,FALSE,-3.75526,-38.48958
Bourbon Shopping Wallig IMAX,bourbon-shopping-wallig-imax,,"Avienda Assis Brazil, 2611, Cristo Redentor",91010-002,Porto Alegre,,BR,Brazil,LATAM,FALSE,FALSE,FALSE,-30.01107,-51.16090
UCI Kinoplex De Lux Shopping Recife & IMAX,uci-kinoplex-de-lux-shopping-recife-imax,,Avenida Padre Carapuceiro 777 - Boa Viagem,51020-280,Recife,,BR,Brazil,LATAM,FALSE,FALSE,FALSE,-8.11595,-34.90193
UCI Ribeirao Shopping & IMAX,uci-ribeirao-shopping-imax,,Avenida Coronel Fernando Ferreira Leite 1540,14026-900,Ribeirão Preto,,BR,Brazil,LATAM,FALSE,FALSE,FALSE,-21.21163,-47.81606
UCI New York City Center & IMAX,uci-new-york-city-center-imax,,Avenida Das Américas 5000 - Loja 301,22640-102,Rio de Janeiro,,BR,Brazil,LATAM,FALSE,FALSE,FALSE,-22.99885,-43.36056
UCI Orient Shopping da Bahia & IMAX,uci-orient-shopping-da-bahia-imax,,"Av. Tancredo Neves, 148",41820-021,"Salvador, Bahia",,BR,Brazil,LATAM,FALSE,FALSE,FALSE,-12.97868,-38.46151
Cinépolis Iguatemi & IMAX,cinépolis-imax-theatre,,"Shopping JK Iguatemi, Av. Pres. Juscelino Kubitschek, Itaim",04543-011,São Paulo,,BR,Brazil,LATAM,TRUE,FALSE,FALSE,-23.59058,-46.68973
Cinesystem IMAX Shopping Bourbon,cinesystem-imax-shopping-bourbon,,"Bourbon Shopping Centre, Rua Turiassu 2100 - Pavimento 3 - Pompéia",05005-900,São Paulo,,BR,Brazil,LATAM,FALSE,FALSE,FALSE,-23.52679,-46.68074
UCI Analia Franco IMAX,uci-analia-franco-imax,,Avenida Regente Feijó 1759 - Quadra A - Loja 40 - Nível Lírio,03342-000,São Paulo,,BR,Brazil,LATAM,FALSE,FALSE,FALSE,-23.56265,-46.55944
Fusion Superplex & IMAX,fusion-superplex-imax,,JKF & Gladstone Road,,Nassau,,BS,Bahamas,LATAM,TRUE,FALSE,FALSE,25.05292,-77.39778
Cinepolis Plazamall Egana & IMAX,cine-hoyts-imax,CPLS,"Av. Larrain 5862, Ñuñoa",7580244,Santiago,,CL,Chile,LATAM,TRUE,FALSE,FALSE,-33.45339,-70.56937
Cinemark Mallplaza Vespucio & IMAX,cinemark-mallplaza-vespucio-imax,,"Av. Vicune Mackenna 7110, Local 158",763000,"Santiago, Region Metropolitana",,CL,Chile,LATAM,FALSE,FALSE,FALSE,-33.51760,-70.60030
Cine Colombia Centro Comercial Santafe & IMAX,cine-colombia-centro-comercial-santafe-and-imax,,"Calle 185 #45-03, C.C. Santafé",110321,Bogota,Cundinamarca,CO,Colombia,LATAM,TRUE,FALSE,FALSE,4.76120,-74.04660
Cine Colombia Centro Mayor & IMAX,cine-colombia-centro-mayor-and-imax,,Cl. 38A Sur #34D-50,111511,Bogota,Cundinamarca,CO,Colombia,LATAM,TRUE,FALSE,FALSE,4.59028,-74.12454
Multiplex Nuestro Bogota & IMAX,multiplex-nuestro-bogota-imax,,Avienda Carrera 86 # 55A - 75,111071,Bogota,,CO,Colombia,LATAM,TRUE,FALSE,FALSE,4.71066,-74.09374
"IMAX, Plaza de las Americas",imax-plaza-de-las-americas,,Cra.71 D NO 6-94 Sur,,Bogotá,,CO,Colombia,LATAM,FALSE,FALSE,FALSE,4.61922,-74.13438
Cine Colombia Chipichape & IMAX,cine-colombia-chipichape-and-imax,,"Avenida 6 A Norte # 37N-25, Cl. 38 Nte. #6N-35",,Cali,Valle del Cauca,CO,Colombia,LATAM,TRUE,FALSE,FALSE,3.47690,-76.52700
Cine Colombia Viva Envigado & IMAX,cine-colombia-viva-envigado-imax,,Carrera 32B Sur #32B 2 139 Local 2017 ,,Envigado,,CO,Colombia,LATAM,FALSE,FALSE,FALSE,6.17777,-75.59160
Cinépolis Premier Limonar & IMAX,cinépolis-premier-limonar-imax,,Calle 5 # 69-03 LOC 304,,Santiago de Cali,,CO,Colombia,LATAM,FALSE,FALSE,FALSE,3.47163,-76.48617
Nova Cinemas Ciudad del Este & IMAX,nova-cinemas-ciudad-del-este-imax,,"Centro Comercial Ciudad del Este, Ayarco Sur, Calle La Marina",11801,Curridabat,,CR,Costa Rica,LATAM,FALSE,FALSE,FALSE,9.90867,-84.01776
Nova Cinemas IMAX,nova-cinemas-imax,,"Avienda 30, San Jose Province, San Rafael de Escazu",,San Jose,,CR,Costa Rica,LATAM,FALSE,FALSE,FALSE,9.93723,-84.14353
Supercines & IMAX,supercines-imax,,"Av. Manuela Sáenz y Pio Baroja.,Sector Quindibana - El Tropezón, parroquia Huachi Chico",180150,"Canton Ambato, Provincia de Tungurahua",,EC,Ecuador,LATAM,FALSE,FALSE,FALSE,-1.26285,-78.63875
Supercines Los Ceibos & IMAX,supercines-los-ceibos-imax,,"Riocentro Los Ciebos,Ave Abdon Calderon Munoz",90904,Ceibos,,EC,Ecuador,LATAM,FALSE,FALSE,FALSE,-2.17663,-79.94363
Supercines Norte & IMAX,supercines-norte-imax,,Av Francisco de Orella Riocentro Norte Shopping Center,,Guayaquil,,EC,Ecuador,LATAM,FALSE,FALSE,FALSE,-2.15574,-79.89275
Supercines Orellana & IMAX,supercines-orellana-and-imax,,Av. Francisco de Orellana y Abelardo J. Andrade,90512,Guayaquil,Guayas,EC,Ecuador,LATAM,TRUE,FALSE,FALSE,-2.11730,-79.90650
Supercines Riocentro El Dorado & IMAX,supercines-riocentro-el-dorado-imax,,Km 10  1/2 de la Vía La Aurora,90150,Guayaquil,,EC,Ecuador,LATAM,FALSE,FALSE,FALSE,-2.05427,-79.87447
Supercines Sur & IMAX,supercines-sur-imax,,"Ave. 25 de Julio, Centro Comercial Riocentro Sur",90104,Guayaquil,,EC,Ecuador,LATAM,FALSE,FALSE,FALSE,-2.24166,-79.89518
Supercines Machala & IMAX,supercines-machala-imax,,s/n km2 vía a machala . Edificio Pase Shopping Machala ,70150,Machala,,EC,Ecuador,LATAM,FALSE,FALSE,FALSE,-3.28002,-79.93168
Supercines 6 de Diciembre & IMAX,supercines-6-de-diciembre-imax,,Avenida 6 de diciembre No N-35-229 y pasaje Turquía City,170102,Quito,,EC,Ecuador,LATAM,FALSE,FALSE,FALSE,-0.18029,-78.47864
Supercines Riocentro Quito & IMAX,supercines-riocentro-quito-imax,,Avenida 6 de Diciembre y Tomás de Berlanga,170137,"Quito, Pichincha",,EC,Ecuador,LATAM,TRUE,FALSE,FALSE,-0.16570,-78.47560
Cinépolis Miraflores & IMAX,cinepolis-miraflores-imax,,"21 Aveinda 4-32 Zona 11, Centro Comercial Miraflores",1011,Guatemala City,,GT,Guatemala,LATAM,FALSE,FALSE,FALSE,14.62141,-90.55255
"o	Domo IMAX, Descubre - Museo Interactivo de Ciencia y Tecnología",domo-imax-descubre-museo-interactive-ciencia-y-tecnología,,"Av. San Miguel S/N, Jardines del Parque",20270,Aguascalientes,,MX,Mexico,LATAM,FALSE,FALSE,FALSE,21.85566,-102.28858
Cinépolis Galerías Cuernavaca & IMAX,galerias-cuernavaca-imax,,Autopista México-Acapulco km 87.5 S/N Local 343. Col. Ricardo Flores Magón,62370,Cuernavaca,,MX,Mexico,LATAM,FALSE,FALSE,FALSE,18.93546,-99.19339
Cinépolis Las Misiones Cd. Juarez & IMAX,cinépolis-las-misiones-cd-juarez-imax,,"Teofile Borunda 8681 Int. Cine, Partido Iglesias",32618,"Cuidad Juarez, Chihuahua",,MX,Mexico,LATAM,FALSE,FALSE,FALSE,31.68482,-106.40920
Cinépolis Universidad & IMAX,cinépolis-universidad-imax,,"Av. Universidad No. 1000, Col. Santa Cruz Atoyac",3310,Delegacion Benito Juarez,,MX,Mexico,LATAM,FALSE,FALSE,FALSE,19.36723,-99.16672
Cinépolis Perisur & IMAX,cinépolis-perisur-imax,,"Anillo Periferico Sur No.4690, Comercial Perisur",4500,Delegacion Coyoacan,,MX,Mexico,LATAM,FALSE,FALSE,FALSE,19.30310,-99.18913
Cinépolis Fórum Tlaquepaque & IMAX,cinepolis-forum-tlaquepaque-imax,CPLS,Blvd. Marcelino Garcia Barragan 2077,44840,Guadalajara,,MX,Mexico,LATAM,FALSE,FALSE,FALSE,20.64871,-103.32000
Cinépolis Galerías & IMAX,cinépolis-galerías-imax,,"Rafael Sanzio No. 150, Centro Comercial Galerias",45030,Guadalajara,,MX,Mexico,LATAM,FALSE,FALSE,FALSE,20.67639,-103.43190
"IMAX, Museo Sol del Nino",imax-sol-del-niño,,Alfonso Esquer Sández s/n-Zona Centro,21010,Mexicali BC,,MX,Mexico,LATAM,FALSE,FALSE,FALSE,32.65249,-115.47270
Cinemex Antara & IMAX,cinemex-antara-and-imax,,"Av. Ejército Nacional 843-B, Col. Granada Alcaldía Miguel Hidalgo",11520,Mexico City,Mexico City,MX,Mexico,LATAM,TRUE,FALSE,FALSE,19.43850,-99.20150
Cinemex Encuentro Oceanía & IMAX,cinemex-encuentro-oceania-and-imax,,"Av. Del Peñón 355, Col. Moctezuma 2da Sección",15530,Mexico City,,MX,Mexico,LATAM,TRUE,FALSE,FALSE,19.43920,-99.09460
Cinemex Parque Delta & IMAX,cmx-parque-delta-10-and-imax,,"Av. Cuauhtemoc 462 esq. Obrero Mundial, Col. Narvarte , Alcaldía Benito Juárez",3020,Mexico City,,MX,Mexico,LATAM,TRUE,FALSE,FALSE,19.40280,-99.15450
Cinemex Santa Fe & IMAX,cinemex-santa-fe-15-and-imax,,"Av. Vasco de Quiroga No. 38000, Santa Fe, Alcaldía Cuajimalpa",5348,Mexico City,Del Cuajimalpa,MX,Mexico,LATAM,TRUE,FALSE,FALSE,19.36190,-99.27130
Cinemex Tezontle & IMAX,cmx-tezontle-10-and-imax,,"Avienda Canal del Tezontle No. 1512, Colonia  Dr. Alfonso Ortiz Tirado",9020,Mexico City,,MX,Mexico,LATAM,TRUE,FALSE,FALSE,19.38390,-99.06850
Cinépolis Fórum Buenavista & IMAX,cinépolis-fórum-buenavista-imax,,"Eje 1 Norte Mosqueta, No. 259, Int. Cine Col. Buenavista Delegación Cuauhtémoc",6350,Mexico City,,MX,Mexico,LATAM,FALSE,FALSE,FALSE,19.44697,-99.15209
Cinépolis Galerias Monterrey & IMAX,cinepolis-galerias-monterrey-imax,,"Av. Insurgentes #2500 Int. 510, Col. Vista Hermosa C.P.",64620,Monterrey,,MX,Mexico,LATAM,FALSE,FALSE,FALSE,25.68148,-100.35550
Mega Pantalla IMAX Papalote Monterrey,mega-pantalla-imax-papalote-monterrey,,"Av. Fundidora S/N Interior Papalote, Parque Fundidora Col. Obrera",64010,Monterrey,,MX,Mexico,LATAM,TRUE,FALSE,FALSE,25.67730,-100.28406
Cinépolis Valle Oriente & IMAX,cinépolis-valle-oriente-imax,,"Av. Lazaro Cardenas #1000-1, Colonia Valle del Mirador",64750,"Monterrey, Nuevo Leon",,MX,Mexico,LATAM,FALSE,FALSE,FALSE,25.63874,-100.31370
Cinepolis Plaza Satélite & IMAX,cinepolis-plaza-satélite-imax,CPLS,"Circuito Centro Comercial 2251, Cd. Satélite",53100,Naucalpan de Juárez,,MX,Mexico,LATAM,FALSE,FALSE,FALSE,19.51059,-99.23529
Cinemex Downtown Puebla & IMAX,cinemex-downtown-puebla-and-imax,,"Blvd. América 304, Lomas de Angelópolis, San Antonio Cacalotepec, 72830 San Bernardino Tlaxcalancingo",72830,Puebla,,MX,Mexico,LATAM,TRUE,FALSE,FALSE,18.99690,-98.27890
Cinépolis Angelópolis Puebla & IMAX,cinépolis-angelópolis-puebla-imax,,"Boulevard del Niño Poblano 2510, Col. Concepción la Cruz Centro Comercial Angelópolis",72450,Puebla,,MX,Mexico,LATAM,FALSE,FALSE,FALSE,19.03194,-98.23312
Cinépolis Puerto Cancún & IMAX,cinepolis-puerto-cancun-imax,CPLS,"Av. Bonampak Lote 10, interior 1, Benito Juárez",77500,Quintana Roo,,MX,Mexico,LATAM,FALSE,FALSE,FALSE,21.15919,-86.80832
Cinemex Peninsula Tijuana & IMAX,cinemex-peninsula-tijuana-and-imax,,Chapultepec Alamar,22110,Tijuana,Baja California,MX,Mexico,LATAM,TRUE,FALSE,FALSE,32.51300,-116.96660
Cinépolis Plaza Río Tijuana & IMAX,cinepolis-plaza-rio-tijuana-and-imax,CPLS,"P.º de los Héroes 98, Zona Urbana Rio Tijuana",22010,Tijuana,Baja California,MX,Mexico,LATAM,TRUE,FALSE,FALSE,32.52640,-117.01830
"Domo IMAX, Centro Cultural Tijuana",domo-imax-centro-cultural-tijuana,,"Paseo de los Héroes #9350, Zona Urbana Rio",C.P. 22010,Tijuana B.C.,,MX,Mexico,LATAM,FALSE,FALSE,FALSE,32.53040,-117.02317
Cinedot IMAX Toluca,cinedot-imax-toluca,,"Av. Miguel Hidalgo 201, Col. Santa Clara",50090,Toluca,,MX,Mexico,LATAM,FALSE,FALSE,FALSE,19.29036,-99.65246
Cinépolis Galerías Metepec & IMAX,cinépolis-galerías-metepec-imax,,Vialidad Toluca - Metepec No. 126 Nte. Loc. 500 Col. La Purisima,52140,Toluca,,MX,Mexico,LATAM,FALSE,FALSE,FALSE,19.25824,-99.62127
Cinépolis Plaza Las Americas - Veracruz,cinépolis-plaza-las-americas-veracruz,,"Av. Las Americas, S/N 3er. Nivel, Col Ylang Ylang",C.P. 94290,Veracruz,,MX,Mexico,LATAM,FALSE,FALSE,FALSE,19.18627,-96.12281
Panama Canal IMAX Theater,panama-canal-imax-theater,,"Esclusas de Miraflores, Ave. Gaillard 58",801,Ciudad Panama,,PA,Panama,LATAM,FALSE,FALSE,FALSE,9.02965,-79.47486
Panama City Altaplaza & IMAX,panama-city-altaplaza-imax,,"PacificLocal C-301 Corregimiento, San Francisco Via Israel",,Panama City,,PA,Panama,LATAM,FALSE,FALSE,FALSE,8.98505,-79.51003
Cinepolis Larcomar & IMAX,cinepolis-larcomar-imax,CPLS,Parque Salazar,15074,"Miraflores, Lima",,PE,Peru,LATAM,TRUE,FALSE,FALSE,-12.13140,-77.03010
Plaza Carolina Cinema & IMAX,plaza-carolina-cinema-imax,,"Mall Paza Carolina, Carr 3, Ave.  Fragoso, Sabana Abajo",983,Carolina,,PR,Puerto Rico,LATAM,FALSE,FALSE,FALSE,18.39336,-65.97472
Montehiedra Cinemas & IMAX,montehiedra-cinemas-imax,,"Montehiedra Towne Center, Ave. Los Romero",926,San Juan,,PR,Puerto Rico,LATAM,FALSE,FALSE,FALSE,18.33833,-66.06864
Cine Libertad & IMAX,cine-libertad-and-imax,,"4 Calle Ote. &, 6a Avenida Sur.",,San Salvador,,SV,El Salvador,LATAM,TRUE,FALSE,FALSE,13.69700,-89.18910
Digicel IMAX,digicel-imax,,One Woodbrook Place,,Port of Spain,,TT,Trinidad and Tobago,LATAM,FALSE,FALSE,FALSE,10.66777,-61.52853
SilverCity Ancaster Cinemas & IMAX,silvercity-ancaster-cinemas-imax,CINEPLEX,771 Golf Links Road,L9G 3K9,Ancaster,,CA,Canada,NA,FALSE,FALSE,FALSE,43.22726,-79.95356
Landmark Cinemas 16 Country Hills & IMAX,landmark-cinemas-16-country-hills-imax,,300-388 Country Hills Boulevard NE,T3K 5A6,Calgary,,CA,Canada,NA,TRUE,FALSE,FALSE,51.15568,-114.06780
Scotiabank Chinook & IMAX,scotiabank-chinook-imax,CINEPLEX,6455 MacLeod Trail SW,T2H 0K4,Calgary,,CA,Canada,NA,FALSE,FALSE,TRUE,50.99552,-114.07420
Cineplex Cinemas Coquitlam & IMAX,cineplex-cinemas-coquitlam-and-imax,CINEPLEX,170 Schoolhouse Street,V3K 4X9,Coquitlam,British Columbia,CA,Canada,NA,TRUE,FALSE,FALSE,49.23520,-122.85390
Cineplex Cinemas Dieppe & IMAX,cineplex-cinemas-dieppe-and-imax,CINEPLEX,1 Promenade Bass Pro Drive,E1A 6S5,Dieppe,New Brunswick,CA,Canada,NA,FALSE,FALSE,FALSE,46.09860,-64.76310
Cineplex Odeon South Edmonton & IMAX,cineplex-odeon-south-edmonton-and-imax,CINEPLEX,1525-99th Street NW,T6N 1K5,Edmonton,Alberta,CA,Canada,NA,TRUE,FALSE,FALSE,53.44560,-113.48200
Scotiabank Edmonton & IMAX,scotiabank-edmonton-imax,CINEPLEX,170th Street & Whitemud Drive,T5T 4M2,Edmonton,,CA,Canada,NA,FALSE,FALSE,TRUE,53.52279,-113.62890
TELUS World of Science – Edmonton IMAX Theatre,telus-world-science-–-edmonton-imax-theatre,,11211 142nd Street NW,T5M 4A1,Edmonton,,CA,Canada,NA,TRUE,FALSE,FALSE,53.56102,-113.56420
Scotiabank Ottawa & IMAX,scotiabank-ottawa-imax,CINEPLEX,2385 City Park Drive,K1J 1G1,Gloucester,,CA,Canada,NA,FALSE,FALSE,FALSE,45.43150,-75.61316
Scotiabank Halifax & IMAX,scotiabank-halifax-imax,CINEPLEX,190 Chain Lake Drive,B3S 1C5,Halifax,,CA,Canada,NA,FALSE,FALSE,TRUE,44.64866,-63.67425
Landmark Cinemas 24 Kanata & IMAX,landmark-cinemas-24-kanata-imax,,801 Kanata Avenue,K2T 1E7,Kanata,,CA,Canada,NA,TRUE,FALSE,FALSE,45.30969,-75.90903
Landmark Cinemas 10 Kingston & IMAX,landmark-cinemas-10-kingston-imax,,120 Dalton Avenue,K7K 0C3,Kingston,,CA,Canada,NA,FALSE,FALSE,FALSE,44.26574,-76.50290
Cineplex Cinemas Langley & IMAX,cineplex-cinemas-langley-imax,CINEPLEX,20090-91A Ave,V1M 3Y9,Langley,,CA,Canada,NA,FALSE,FALSE,TRUE,49.16848,-122.66580
SilverCity London Cinemas & IMAX,silvercity-london-cinemas-imax,CINEPLEX,1680 Richmond Street,N6G 3Y9,London,,CA,Canada,NA,FALSE,FALSE,FALSE,43.02677,-81.27770
Cineplex Cinemas Markham VIP & IMAX,cineplex-cinemas-markham-vip-imax,CINEPLEX,179 Enterprise Boulevard,L6G 0E7,Markham,,CA,Canada,NA,FALSE,FALSE,FALSE,43.84920,-79.32842
Cineplex Cinemas Courtney Park & IMAX,cineplex-cinemas-courtney-park-imax,CINEPLEX,110 Courtney Park Drive,L5T 2Y3,Mississauga,,CA,Canada,NA,FALSE,FALSE,FALSE,43.63777,-79.69090
Cineplex Cinemas Mississauga & IMAX,cineplex-cinemas-mississauga-imax,CINEPLEX,309 Rathburn Road West,L5B 4C1,Mississauga,,CA,Canada,NA,FALSE,FALSE,TRUE,43.59237,-79.65075
Cinema Banque Scotia Montreal & IMAX,cinema-banque-scotia-montreal-imax,CINEPLEX,977 rue Sainte-Catherine Ouest,H3B 4W3,Montréal,,CA,Canada,NA,FALSE,FALSE,TRUE,45.50084,-73.57227
Cinema Cineplex Forum & IMAX,cinema-cineplex-forum-imax,CINEPLEX,2313 St. Catherine Street West,H3H 1N2,Montréal,,CA,Canada,NA,FALSE,FALSE,FALSE,45.49016,-73.58385
IMAX Telus Montreal Science Centre,imax-telus-montreal-science-centre,,"2, rue de la Commune St. W.",H2Y 2E2,Montréal,,CA,Canada,NA,TRUE,FALSE,FALSE,45.50453,-73.55236
Landmark Cinemas Nanaimo & IMAX,landmark-cinemas-nanaimo-and-imax,,"Woodgrove Shopping Centre, 6631 North Island Highway",V9T4T7,Nanaimo,BC,CA,Canada,NA,TRUE,FALSE,FALSE,49.23590,-124.05160
Cineplex Cinemas Empress Walk & IMAX,cineplex-cinemas-empress-walk-imax,CINEPLEX,5095 Yonge Street,M2N 6Z4,North York,,CA,Canada,NA,FALSE,FALSE,FALSE,43.76881,-79.41242
Cineplex Cinemas Winston Churchill & IMAX,cineplex-cinemas-winston-churchill-imax,CINEPLEX,2081 Winston Park Drive,L6H 6P5,Oakville,,CA,Canada,NA,FALSE,FALSE,FALSE,43.50962,-79.66908
Cineplex Cinemas Galeries de la Capitale & IMAX,cineplex-cinemas-galeries-de-la-capitale-imax,CINEPLEX,5401 boulevard des Galeries,G2K 1N4,Québec,,CA,Canada,NA,FALSE,FALSE,FALSE,46.82884,-71.29983
"Kramer IMAX, Saskatchewan Science Centre",kramer-imax-saskatchewan-science-centre,,2903 Powerhouse Drive,S4N 0A1,Regina,,CA,Canada,NA,TRUE,FALSE,TRUE,50.43287,-104.59480
SilverCity Riverport & IMAX,silvercity-riverport-imax,CINEPLEX,14211 Entertainment Way,V6W 1K4,Richmond,,CA,Canada,NA,FALSE,FALSE,TRUE,49.13505,-123.06600
Scotiabank St. John's & IMAX,scotiabank-st-johns-imax,CINEPLEX,"48 Kenmount Road, Avalon Mall",A1B 1W3,St. Johns,,CA,Canada,NA,FALSE,FALSE,FALSE,47.56163,-52.75589
"La Salle IMAX, Science North",la-salle-imax-science-north,,100 Ramsey Lake Road,P3E 5S9,Sudbury,,CA,Canada,NA,TRUE,FALSE,FALSE,46.47029,-80.99589
Cineplex Cinemas Yonge Dundas & IMAX,cineplex-cinemas-yonge-dundas-imax,CINEPLEX,10 Dundas Street East,M5B 2G9,Toronto,,CA,Canada,NA,FALSE,FALSE,FALSE,43.65649,-79.38063
Cineplex Cinemas Yonge-Eglinton & IMAX,cineplex-cinemas-yonge-eglinton-and-imax,CINEPLEX,2300 Yonge Street,M4P 1E4,Toronto,Ontario,CA,Canada,NA,FALSE,FALSE,FALSE,43.70750,-79.39850
Cineplex Odeon Eglinton Town Centre Cinemas & IMAX,cineplex-odeon-eglinton-town-centre-cinemas-imax,CINEPLEX,22 Lebovic Avenue,M1L 4V9,Toronto,,CA,Canada,NA,FALSE,FALSE,FALSE,43.72250,-79.29216
Scotiabank Toronto & IMAX,scotiabank-toronto-imax,CINEPLEX,259 Richmond Street West,M5V 3M6,Toronto,,CA,Canada,NA,TRUE,FALSE,FALSE,43.64892,-79.39137
Scotiabank Vancouver & IMAX,scotiabank-vancouver-and-imax,CINEPLEX,900 Burrard St.,V6Z 0A4,Vancouver,BC,CA,Canada,NA,TRUE,FALSE,FALSE,49.28200,-123.12430
"IMAX Victoria, Royal BC Museum",imax-victoria-royal-bc-museum,,675 Belleville Street,V8W 91A1,Victoria,,CA,Canada,NA,TRUE,FALSE,FALSE,48.41994,-123.36800
SilverCity Victoria Cinemas & IMAX,silvercity-victoria-cinemas-imax,CINEPLEX,3130 Tillicum Road - corner of Burnside & Tillicum Road,V9A 6T2,Victoria,,CA,Canada,NA,FALSE,FALSE,FALSE,48.45495,-123.39770
Landmark Waterloo & IMAX,landmark-waterloo-imax,,415 The Boardwalk,N2T 0A6,"Waterloo, Ontario",,CA,Canada,NA,TRUE,FALSE,FALSE,43.43890,-80.56580
Landmark Cinemas 24 Whitby & IMAX,landmark-cinemas-24-whitby-imax,,401 and Thickson,L1N 9S2,Whitby,,CA,Canada,NA,FALSE,FALSE,FALSE,43.86932,-78.91354
Cineplex Odeon Devonshire Mall & IMAX,cineplex-odeon-devonshire-mall-imax,CINEPLEX,3100 Howard Avenue,N8X 3Y8,Windsor,,CA,Canada,NA,FALSE,FALSE,FALSE,42.27357,-83.00023
Scotiabank Theatre Winnipeg & IMAX,scotiabank-theatre-winnipeg-imax,CINEPLEX,817 St James Street,R3G 3L3,Winnipeg,,CA,Canada,NA,FALSE,FALSE,FALSE,49.88721,-97.19999
Cineplex Cinemas Vaughan & IMAX,cineplex-cinemas-vaughan-imax,CINEPLEX,3555 Highway 7 West,L4L 6B1,Woodbridge,,CA,Canada,NA,FALSE,FALSE,TRUE,43.78858,-79.54333
Regal Crossgates & IMAX,regal-crossgates-imax,REGL,One Crossgates Mall Road,12203,Albany,NY,US,United States of America,NA,TRUE,FALSE,FALSE,42.68748,-73.85136
AMC Albuquerque 12 & IMAX,amc-albuquerque-12-imax,AMC,3810 Las Estancias Way SW,87121,Albuquerque,NM,US,United States of America,NA,FALSE,FALSE,FALSE,35.02313,-106.72789
Regal Winrock & IMAX,regal-winrock-imax,REGL,2100 Louisina Blvd NE - Bld 400,87110,Albuquerque,NM,US,United States of America,NA,TRUE,FALSE,FALSE,35.10095,-106.56390
AMC Hoffman Center 22 & IMAX,amc-hoffman-center-22-imax,AMC,206 Swamp Fox Road,22314,Alexandria,VA,US,United States of America,NA,TRUE,FALSE,FALSE,38.80320,-77.07092
Regal Edwards Alhambra Renaissance & IMAX,regal-edwards-alhambra-renaissance-imax,REGL,1 East Main Street,91801,Alhambra,CA,US,United States of America,NA,TRUE,FALSE,FALSE,34.09538,-118.12680
Regal Edwards Aliso Viejo & IMAX,regal-edwards-aliso-viejo-imax,REGL,"26701 Aliso Creek Road, Enterprise Dr.",92656,Aliso Viejo,CA,US,United States of America,NA,TRUE,FALSE,FALSE,33.57499,-117.72360
AMC North Point Mall 12 & IMAX,amc-north-point-mall-12-imax,AMC,4500 North Point Circle,30022,Alpharetta,GA,US,United States of America,NA,FALSE,FALSE,FALSE,34.04595,-84.29749
AMC Altamonte Mall 18 & IMAX,amc-altamonte-mall-18-imax,AMC,433 E. Altamonte Dr.,32701,Altamonte Springs,FL,US,United States of America,NA,TRUE,FALSE,FALSE,28.66165,-81.38864
Regal Tikahtnu & IMAX,regal-tikahtnu-imax,REGL,1102 North Muldoon Road - Suite B,99504,Anchorage,AK,US,United States of America,NA,FALSE,FALSE,FALSE,61.21236,-149.73350
AMC Santa Anita 16 & IMAX,amc-santa-anita-16-imax,AMC,400 Baldwin Ave,91007,Arcadia,CA,US,United States of America,NA,TRUE,FALSE,FALSE,34.13540,-118.05430
AMC The Parks at Arlington 18 & IMAX,amc-parks-arlington-18-imax,AMC,3861 S. Cooper,76015,Arlington,TX,US,United States of America,NA,TRUE,FALSE,FALSE,32.68301,-97.13303
Regal Fox & IMAX,regal-fox-imax,REGL,22875 Brambleton Plaza,20148,Ashburn,VA,US,United States of America,NA,TRUE,FALSE,FALSE,38.98426,-77.53681
University 16 & IMAX,university-16-and-imax,GRGA,1793 Oconee Connector,30606,Athens,GA,US,United States of America,NA,TRUE,FALSE,FALSE,33.91546,-83.44875
Regal Atlantic Station & IMAX,regal-atlantic-station-imax,REGL,"261 19th Street NW, Suite 1250",30363,Atlanta,GA,US,United States of America,NA,TRUE,FALSE,FALSE,33.79344,-84.39654
"IMAX, Tropicana Casino & Resort",imaxtropicana-casino-resort,,2831 Boardwalk,8401,Atlantic City,NJ,US,United States of America,NA,FALSE,FALSE,FALSE,39.35205,-74.44418
AMC Star Great Lakes 25 & IMAX,amc-star-great-lakes-25-imax,AMC,4300 Baldwin Road,48326,Auburn Hills,MI,US,United States of America,NA,FALSE,FALSE,FALSE,42.70293,-83.29479
Regal Augusta Exchange & IMAX,regal-augusta-exchange-imax,REGL,1144 Agerton Lane,30909,Augusta,GA,US,United States of America,NA,FALSE,FALSE,FALSE,33.48780,-82.07833
AMC Arapahoe Crossing 16 & IMAX,amc-arapahoe-crossing-16-imax,AMC,6696 South Parker Road,80016,Aurora,CO,US,United States of America,NA,FALSE,FALSE,FALSE,39.59521,-104.80210
AMC Barton Creek Square 14 & IMAX,amc-barton-creek-square-14-imax,AMC,2901 Capital of Texas Highway,78746,Austin,TX,US,United States of America,NA,FALSE,FALSE,FALSE,30.25769,-97.80766
EVO Cinemas Belterra Village & IMAX,evo-cinemas-belterra-village-and-imax,EVO,166 Hargraves Drive,78737,Austin,Texas,US,United States of America,NA,TRUE,FALSE,FALSE,30.20637,-97.97611
"IMAX, The Bullock Texas State History Museum",imax-bullock-texas-state-history-museum,,1800 N Congress Avenue,78701,Austin,TX,US,United States of America,NA,TRUE,FALSE,FALSE,30.27971,-97.73856
Regal Gateway & IMAX,regal-gateway-imax,REGL,9700 Stonelake Blvd,78759,Austin,TX,US,United States of America,NA,TRUE,FALSE,FALSE,30.38731,-97.73829
AMC Aventura 24 & IMAX,amc-aventura-24-imax,AMC,19501 Biscayne Blvd.,33180,Aventura,FL,US,United States of America,NA,TRUE,FALSE,FALSE,25.95517,-80.14720
Reading Cinemas Valley Plaza 16 & IMAX,reading-cinemas-valley-plaza-16-imax,READ,2000 Wible Road,93304,Bakersfield,CA,US,United States of America,NA,FALSE,FALSE,FALSE,35.33701,-119.03898
Fleet Science Center,fleet-science-center,,1875 El Prado,92101,Balboa Park,CA,US,United States of America,NA,TRUE,FALSE,FALSE,32.73135,-117.14818
"IMAX, Maryland Science Center",imax-maryland-science-center,,601 Light Street,21230,Baltimore,MD,US,United States of America,NA,FALSE,FALSE,FALSE,39.28206,-76.61262
AMC Baton Rouge 16 & IMAX,amc-baton-rouge-16,AMC,16040 Hatteras Ave.,70816,Baton Rouge,LA,US,United States of America,NA,FALSE,FALSE,FALSE,30.44119,-91.00931
AMC Mall of Louisiana 15 & IMAX,amc-mall-louisiana-15,AMC,9168T Picardy Ave Extension,70836,Baton Rouge,LA,US,United States of America,NA,FALSE,FALSE,FALSE,30.38676,-91.08509
Hooky Baytown & IMAX,showbiz-cinemas-baytown-and-imax,HOOK,10550 Interstate 10 Service Road,77523,Baytown,TX,US,United States of America,NA,TRUE,FALSE,FALSE,29.81819,-94.90068
CinemaWest 2nd Street & IMAX,2nd-street-cinema-and-imax,CWST,1491 E 2nd Street,92223,Beaumont,CA,US,United States of America,NA,TRUE,FALSE,FALSE,33.92350,-116.95510
Cinemark The Greene 14 & IMAX,cinemark-greene-14-imax,CNMK,4489 Glengarry Dr,45440,Beavercreek,OH,US,United States of America,NA,FALSE,FALSE,FALSE,39.69370,-84.10498
Cinemark Lincoln Square Cinemas & IMAX,cinemark-lincoln-square-cinemas-imax,CNMK,700 Bellevue Way NE,98004,Bellevue,WA,US,United States of America,NA,FALSE,FALSE,FALSE,47.61659,-122.20140
Regal Barkley Village & IMAX,regal-barkley-village-imax,REGL,3005 Cinema Place,98226,Bellingham,WA,US,United States of America,NA,FALSE,FALSE,FALSE,48.76944,-122.44640
Regal Old Mill & IMAX,regal-old-mill-imax,REGL,680 SW Powerhouse Drive,97702,Bend,OR,US,United States of America,NA,FALSE,FALSE,FALSE,44.04389,-121.31460
AMC Neshaminy 24 & IMAX,amc-neshaminy-24-imax,AMC,3900 Rockhill Drive,19020,Bensalem,PA,US,United States of America,NA,TRUE,FALSE,FALSE,40.13588,-74.95675
AMC Shiloh 14 & IMAX,amc-shiloh-14-imax,AMC,1001 Shiloh Crossing Boulevard,59108,Billings,MT,US,United States of America,NA,FALSE,FALSE,FALSE,45.75110,-108.61420
"IMAX Dome, McWane Center",imax-dome-mcwane-center,,200 Nineteenth Street North,35203,Birmingham,AL,US,United States of America,NA,TRUE,TRUE,FALSE,33.51475,-86.80792
Marcus Bloomington Galaxy 14 & IMAX,marcus-bloomington-galaxy-14-imax,MRCS,1111 Wylie Drive,61701,Bloomington,IL,US,United States of America,NA,FALSE,FALSE,FALSE,40.48913,-89.03677
Regal Edwards Boise & IMAX,regal-edwards-boise-imax,REGL,7701 W Overland Road,83709,Boise,ID,US,United States of America,NA,TRUE,FALSE,FALSE,43.59016,-116.27970
Regal Louisiana Boardwalk & IMAX,regal-louisiana-boardwalk-imax,REGL,2 River Colony Drive,71111,Bossier City,LA,US,United States of America,NA,FALSE,FALSE,FALSE,32.51998,-93.73716
AMC Boston Common 19,amc-boston-common-19,AMC,175 Tremont Street,2111,Boston,MA,US,United States of America,NA,TRUE,FALSE,FALSE,42.35350,-71.06430
"Mugar Omni, Museum of Science",mugar-omni-museum-science,,1 Science Park,2114,Boston,MA,US,United States of America,NA,TRUE,FALSE,FALSE,42.36751,-71.07065
AMC The Regency 20 & IMAX,amc-regency-20-imax,AMC,2496 W. Brandon Blvd.,33511,Brandon,FL,US,United States of America,NA,TRUE,FALSE,FALSE,27.94297,-82.32451
Branson's IMAX - Entertainment Complex,bransons-imax-entertainment-complex,,3562 Shepard of the Hills Expressway,65616,Branson,MO,US,United States of America,NA,TRUE,FALSE,FALSE,36.65274,-93.28820
AMC Brentwood 14 & IMAX,amc-brentwood-14,AMC,2525 Sand Creek Rd.,94513,Brentwood,CA,US,United States of America,NA,FALSE,FALSE,FALSE,37.94372,-121.73980
Regal UA Sheepshead Bay & IMAX,regal-ua-sheepshead-bay-imax,REGL,3907 Shore Parkway,11235,Brooklyn,NY,US,United States of America,NA,TRUE,FALSE,FALSE,40.58609,-73.93085
AMC Flatiron Crossing 14 & IMAX,amc-flatiron-crossing-14-imax,AMC,61 West Flatiron Crossing Circle,80021,Broomfield,CO,US,United States of America,NA,TRUE,FALSE,FALSE,39.92972,-105.13090
Premiere Cinema Bryan + IMAX,premiere-cinema-bryan-imax,PRCM,950 North Earl Rudder Freeway,77808,Bryan,TX,US,United States of America,NA,FALSE,FALSE,FALSE,30.66863,-96.33394
Regal Mall of Georgia & IMAX,regal-mall-georgia-imax,REGL,3333 Buford Drive - Suite 3000,30519,Buford,GA,US,United States of America,NA,TRUE,FALSE,TRUE,34.07125,-83.98426
AMC Burbank 16 & IMAX,amc-burbank-16-imax,AMC,125 E. Palm Ave.,91502,Burbank,CA,US,United States of America,NA,TRUE,FALSE,FALSE,34.18150,-118.31240
Regal Edwards Camarillo Palace & IMAX,regal-edwards-camarillo-palace-imax,REGL,680 Ventura Boulevard,93010,Camarillo,CA,US,United States of America,NA,FALSE,FALSE,FALSE,34.21804,-119.06300
AMC Topanga 12 & IMAX,amc-topanga-12-imax,AMC,6600 Topanga Canyon Blvd.,91303,Canoga Park,CA,US,United States of America,NA,TRUE,FALSE,FALSE,34.19090,-118.60420
Regal Crossroads & IMAX,regal-crossroads-imax,REGL,501 Caitboo Avenue,27518,Cary,NC,US,United States of America,NA,TRUE,FALSE,FALSE,35.75881,-78.73835
AMC Center Valley 16 & IMAX,amc-center-valley-16-imax,AMC,2805 Center Valley Parkway,18034,Center Valley,PA,US,United States of America,NA,FALSE,FALSE,FALSE,40.55733,-75.40938
Megaplex 14 & IMAX at Legacy Crossing,megaplex-14-imax-legacy-crossing,MEGA,I-15 & Parrish Lane,84014,Centerville,UT,US,United States of America,NA,FALSE,FALSE,FALSE,40.92159,-111.88910
"Airbus IMAX, Steven F. Udvar-Hazy Center",airbus-imax-steven-f-udvar-hazy-center,,14390 Air and Space Museum Parkway,20151,Chantilly,VA,US,United States of America,NA,TRUE,FALSE,FALSE,38.91088,-77.44326
AMC Northlake 14 & IMAX,amc-northlake-14-imax,AMC,7325 Northlake Mall Drive,28216,Charlotte,NC,US,United States of America,NA,FALSE,FALSE,FALSE,35.35335,-80.85007
Charlotte IMAX Dome Theatre at Discovery Place,charlotte-imax-dome-theatre-discovery-place,,168 W 6th St,28202,Charlotte,NC,US,United States of America,NA,TRUE,FALSE,FALSE,35.22900,-80.84077
Regal Stonecrest At Piper Glen & IMAX,regal-stonecrest-piper-glen-imax,REGL,7824 Rea Road - Stonecrest at Piper Glen Shopping Center,28277,Charlotte,NC,US,United States of America,NA,TRUE,FALSE,FALSE,35.06193,-80.81444
Regal Stonefield & IMAX,regal-stonefield-imax,REGL,1954 Swanson Drive,22901,Charlottesville,VA,US,United States of America,NA,FALSE,FALSE,FALSE,38.06324,-78.49301
AMC Chattanooga 18 & IMAX,amc-chattanooga-18-imax,AMC,5080 South Terrace,37412,Chattanooga,TN,US,United States of America,NA,FALSE,FALSE,FALSE,35.00252,-85.22458
"IMAX, Tennessee Aquarium",imax-3d-tennessee-aquarium,,201 Chestnut Street,37401,Chattanooga,TN,US,United States of America,NA,TRUE,FALSE,TRUE,35.05454,-85.31205
AMC Cherry Hill 24 & IMAX,amc-cherry-hill-24-imax,AMC,2121 Route 38,8002,Cherry Hill,NJ,US,United States of America,NA,TRUE,FALSE,FALSE,39.93850,-75.02630
AMC Roosevelt Collection 16 & IMAX,amc-roosevelt-collection-16-and-imax,AMC,1011 S Delano Court,60605,Chicago,IL,US,United States of America,NA,TRUE,FALSE,FALSE,41.86950,-87.63250
Regal City North & IMAX,regal-city-north-imax,REGL,2600 N. Western Ave,60647,Chicago,IL,US,United States of America,NA,FALSE,FALSE,FALSE,41.92909,-87.68784
Robert D. Lindner Family OMNIMAX® Theater,robert-d-lindner-family-omnimax®-theater,,1301 Western Avenue,45203-1138,Cincinnati,OH,US,United States of America,NA,TRUE,FALSE,FALSE,39.10896,-84.53238
AMC Puente 20 & IMAX,amc-puente-20-imax,AMC,1560 South Azusa Avenue,91748,City of Industry,CA,US,United States of America,NA,TRUE,FALSE,FALSE,33.99380,-117.93050
AMC Clifton Commons 16 & IMAX,amc-clifton-commons-16-imax,AMC,405 Route 3 East,7014,Clifton,NJ,US,United States of America,NA,TRUE,FALSE,FALSE,40.82769,-74.13879
Cinemark Carefree Circle & IMAX,cinemark-carefree-circle-imax,CNMK,3305 Cinema Point,80922,Colorado Springs,CO,US,United States of America,NA,FALSE,FALSE,TRUE,38.88160,-104.71690
AMC Columbia 14 & IMAX,amc-columbia-14-imax,AMC,10300 Patuxent Parkway,21044,Columbia,MD,US,United States of America,NA,TRUE,FALSE,FALSE,39.22229,-76.85830
Regal Sandhill & IMAX,regal-sandhill-imax,REGL,450 Town Center Place,29229,Columbia,SC,US,United States of America,NA,FALSE,FALSE,FALSE,34.13113,-80.88024
AMC Columbus Park 15 & IMAX,amc-columbus-park-15-imax,AMC,5555 Whitlesey Parkway,31909,Columbus,GA,US,United States of America,NA,FALSE,FALSE,FALSE,32.54681,-84.94249
AMC Easton Town Center 30 & IMAX,amc-easton-town-center-30-imax,AMC,275 Easton Town Ctr,43219,Columbus,OH,US,United States of America,NA,TRUE,FALSE,FALSE,40.05169,-82.91523
Lennox Town Center & IMAX,lennox-town-center-imax,PHNX,777 Kinnear Road,43212,Columbus,OH,US,United States of America,NA,TRUE,FALSE,FALSE,39.99629,-83.02780
AMC Concord Mills 24 & IMAX,amc-concord-mills-24-imax,AMC,8421 Concord Mills Blvd.,28027,Concord,NC,US,United States of America,NA,TRUE,FALSE,FALSE,35.37034,-80.72645
CinemaWest Veranda Luxe & IMAX,veranda-luxe-cinema-imax,CWST,2035 Diamond Blvd.,94520,Concord,CA,US,United States of America,NA,FALSE,FALSE,FALSE,37.97786,-122.06079
Cinemark Century Corpus Christi 16 & IMAX,cinemark-century-corpus-christi-16-imax,CNMK,6685 South Padre Island Drive,78412,Corpus Christi,TX,US,United States of America,NA,FALSE,FALSE,FALSE,27.69768,-97.35100
AMC Star Council Bluffs 17 & IMAX,amc-star-council-bluffs-17-imax,AMC,3220 23rd Avenue,51503,Council Bluffs,IA,US,United States of America,NA,FALSE,FALSE,FALSE,41.24052,-95.89337
AMC Covina 17 & IMAX,amc-covina-30-imax,AMC,1414 North Azusa Avenue,91722,Covina,CA,US,United States of America,NA,TRUE,FALSE,FALSE,34.10635,-117.90680
AMC Avenue Forsyth 12 & IMAX,amc-avenue-forsyth-12-imax,AMC,350 Peachtree Parkway,30041,Cumming,GA,US,United States of America,NA,FALSE,FALSE,FALSE,34.15442,-84.17382
AMC Mesquite 30 & IMAX,amc-mesquite-30-imax,AMC,19919 Lyndon B. Johnson Freeway,75149,Dallas,TX,US,United States of America,NA,TRUE,FALSE,FALSE,32.78857,-96.62660
AMC Northpark 15 & IMAX,amc-northpark-15-imax,AMC,8687 N. Central Expressway,75225,Dallas,TX,US,United States of America,NA,TRUE,FALSE,FALSE,32.86640,-96.77050
Cinemark Dallas & IMAX,cinemark-dallas-imax,CNMK,11819 Webb Chapel Road,75234,Dallas,TX,US,United States of America,NA,FALSE,FALSE,TRUE,32.91033,-96.87445
Cinemark Century Daly City 20 & IMAX,cinemark-century-daly-city-20-imax,CNMK,1901 Junipero Serra Blvd.,94015,Daly City,CA,US,United States of America,NA,TRUE,FALSE,FALSE,37.70343,-122.47063
AMC Danbury 16 & IMAX,amc-danbury-16-imax,AMC,61 Eagle Road,6810,Danbury,CT,US,United States of America,NA,FALSE,FALSE,FALSE,41.41860,-73.41700
AMC Liberty Tree Mall 20 & IMAX,amc-liberty-tree-mall-20-imax,AMC,100 Independence Way,1923,Danvers,MA,US,United States of America,NA,TRUE,FALSE,FALSE,42.55090,-70.93710
Cinemark Davenport 18 & IMAX,cinemark-davenport-18-imax,CNMK,3601 East 53rd Street,52807,Davenport,IA,US,United States of America,NA,FALSE,FALSE,FALSE,41.57467,-90.52666
Cinépolis Polk County & IMAX,cinépolis-polk-county-imax,CPLS,5500 Grandview Parkway,33837,Davenport,FL,US,United States of America,NA,FALSE,FALSE,FALSE,28.23436,-81.64319
CMX Daytona 12 & IMAX,cmx-daytona-12-and-imax,COBB,1850 Legends Ln Ste E100,32114,Daytona Beach,FL,US,United States of America,NA,TRUE,FALSE,FALSE,29.19300,-81.07070
Regal Deer Park & IMAX,regal-deer-park-imax,REGL,1050 The Arches Circle,11729,Deer Park,NY,US,United States of America,NA,FALSE,FALSE,FALSE,40.76417,-73.31176
Paragon Deerfield & IMAX,paragon-deerfield-and-imax,PARAG,3984 West Hillsboro Boulevard,33442,Deerfield Beach,FL,US,United States of America,NA,TRUE,FALSE,FALSE,26.31580,-80.15940
Hooky Delray Beach & IMAX,evo-entertainment-delray-beach-imax,HOOK,14775 Lyons Rd,33446,Delray Beach,FL,US,United States of America,NA,TRUE,FALSE,FALSE,26.45416,-80.18811
Epic Theatres of West Volusia & IMAX,epic-theatres-of-west-volusia-and-imax,,939 Hollywood Blvd.,32725,Deltona,FL,US,United States of America,NA,TRUE,FALSE,FALSE,28.94180,-81.25340
AMC Orchard 12 & IMAX,amc-orchard-12-imax,AMC,14653 Orchard Parkway,80023,Denver,CO,US,United States of America,NA,TRUE,FALSE,FALSE,39.95804,-104.99370
AMC Westminster Promenade 24 & IMAX,amc-westminster-promenade-24,AMC,10655 Westminster Blvd.,80020,Denver,CO,US,United States of America,NA,TRUE,FALSE,FALSE,39.88933,-105.07060
Regal UA Colorado Center & IMAX,regal-ua-colorado-center-imax,REGL,2000 South Colorado Boulevard at I-25,80222,Denver,CO,US,United States of America,NA,FALSE,FALSE,TRUE,39.67996,-104.94050
AMC Destin Commons 14 & IMAX,amc-destin-commons-14,AMC,4000 Legendary Drive,32541,Destin,FL,US,United States of America,NA,FALSE,FALSE,FALSE,30.39357,-86.42620
"IMAX Dome Theatre, Michigan Science Center",imax-dome-theatre-michigan-science-center,,5020 John R. Street,48202-4027,Detroit,MI,US,United States of America,NA,FALSE,FALSE,FALSE,42.35810,-83.06218
Regal Dickson City & IMAX,regal-dickson-city-imax,REGL,3909 Commerce Blvd,18519,Dickson City,PA,US,United States of America,NA,FALSE,FALSE,FALSE,41.47069,-75.63301
AMC South Bay Center 12 & IMAX,amc-south-bay-center-12-imax,AMC,25 District Avenue,2125,Dorchester,MA,US,United States of America,NA,FALSE,FALSE,FALSE,42.32515,-71.06305
Regal Arbor Place 18 & IMAX,regal-arbor-place-18-imax,REGL,6600 Douglas Boulevard,30135,Douglasville,GA,US,United States of America,NA,FALSE,FALSE,FALSE,33.73026,-84.74454
Regal Downingtown & IMAX,regal-downingtown-imax,REGL,100 Quarry Road,19335,Downingtown,PA,US,United States of America,NA,FALSE,FALSE,FALSE,40.01584,-75.67332
Regal Hacienda Crossings & IMAX,regal-hacienda-crossings-imax,REGL,5000 Dublin Boulevard,94568,Dublin,CA,US,United States of America,NA,TRUE,FALSE,TRUE,37.70612,-121.88660
AMC Southpoint 17 & IMAX,amc-southpoint-17,AMC,8030 Renaissance Parkway,27713,Durham,NC,US,United States of America,NA,TRUE,FALSE,FALSE,35.90368,-78.94668
AMC Monmouth Mall 15 & IMAX,amc-monmouth-mall-15-imax,AMC,180 State Rt. 35 S.,7724,Eatontown,NJ,US,United States of America,NA,FALSE,FALSE,FALSE,40.29150,-74.05100
AMC Eden Prairie Mall 18 & IMAX,amc-eden-prairie-mall-18-imax,AMC,8251 Flying Cloud Drive Suite 4000,55344,Eden Prairie,MN,US,United States of America,NA,FALSE,FALSE,FALSE,44.85300,-93.43000
AMC Southdale 16 & IMAX,amc-southdale-16-imax,AMC,400 Southdale Center,55435,Edina,MN,US,United States of America,NA,TRUE,FALSE,FALSE,44.87975,-93.32629
AMC Edinburg 18 & IMAX,amc-edinburg-18-imax,AMC,3003 S. Expressway 281,78539,Edinburg,TX,US,United States of America,NA,TRUE,FALSE,FALSE,26.27065,-98.15642
AMC Showplace Edwardsville 12 & IMAX,amc-showplace-edwardsville-12-imax,AMC,6633 Center Grove Road,62025,Edwardsville,IL,US,United States of America,NA,FALSE,FALSE,FALSE,38.78164,-89.95537
Regal Parkway Plaza & IMAX,regal-parkway-plaza-imax,REGL,405 Parkway Plaza,92020,El Cajon,CA,US,United States of America,NA,FALSE,FALSE,FALSE,32.80715,-116.96740
Regal El Dorado Hills & IMAX,regal-el-dorado-hills-imax,REGL,2101 Vine Street,95762,El Dorado Hills,CA,US,United States of America,NA,TRUE,FALSE,FALSE,38.65315,-121.06480
Premiere Cinema El Paso Bassett + IMAX,premiere-cinema-el-paso-bassett-imax,PRCM,6101 Gateway West,79925,El Paso,TX,US,United States of America,NA,FALSE,FALSE,FALSE,31.78180,-106.41060
AMC Jersey Gardens 20 & IMAX,amc-jersey-gardens-20-imax,AMC,651 Kapkowski Road,7201,Elizabeth,NJ,US,United States of America,NA,TRUE,FALSE,FALSE,40.66280,-74.17440
AMC Bay Street 16 & IMAX,amc-bay-street-16-imax,AMC,5614 Shellmound Street,94608,Emeryville,CA,US,United States of America,NA,FALSE,FALSE,FALSE,37.83295,-122.29300
Regal Escondido & IMAX,regal-escondido-imax,REGL,350 W. Valley Parkway,92025,Escondido,CA,US,United States of America,NA,TRUE,FALSE,FALSE,33.12097,-117.08560
Regal Valley River Center & IMAX,regal-valley-river-center-imax,REGL,500 Valley River Center,97401,Eugene,OR,US,United States of America,NA,FALSE,FALSE,FALSE,44.06955,-123.10670
Showplace Cinemas East & IMAX,showplace-cinemas-east-imax,SHOW,1801 Morgan Center Drive,47715,Evansville,IN,US,United States of America,NA,TRUE,FALSE,FALSE,37.99236,-87.49583
Regal Goldstream & IMAX,regal-goldstream-imax,REGL,1855 Airport Way,99701,Fairbanks,AK,US,United States of America,NA,FALSE,FALSE,FALSE,64.83659,-147.75800
Regal Edwards Fairfield & IMAX,regal-edwards-fairfield-imax,REGL,1549 Gateway Boulevard,94533,Fairfield,CA,US,United States of America,NA,FALSE,FALSE,FALSE,38.26256,-122.05610
Regal UA Farmingdale & IMAX,regal-ua-farmingdale-imax,REGL,20 Michael Avenue,11735,Farmingdale,NY,US,United States of America,NA,FALSE,FALSE,FALSE,40.72709,-73.42438
AMC Fayetteville 14 & IMAX,amc-fayetteville-14-imax,AMC,4761 Lake Valley Drive,28303,Fayetteville,NC,US,United States of America,NA,TRUE,FALSE,FALSE,35.08393,-78.96701
Malco Razorback & IMAX,malco-razorback-imax,MALCO,3956 N Steele Blvd,72703,Fayetteville,AR,US,United States of America,NA,FALSE,FALSE,FALSE,36.12679,-94.15515
AMC Fitchburg 18 & IMAX,amc-fitchburg-18-imax,AMC,6091 McKee Road,53719-5108,Fitchburg,WI,US,United States of America,NA,FALSE,FALSE,FALSE,43.01526,-89.46664
"Autonation IMAX, Museum of Discovery & Science",autonation-imax,VZ,401 SW 2nd Street,33312,Fort Lauderdale,FL,US,United States of America,NA,TRUE,FALSE,TRUE,26.12054,-80.14756
Regal Gulf Coast & IMAX,regal-gulf-coast-imax,REGL,10028 Gulf Center Drive,33913,Fort Myers,FL,US,United States of America,NA,TRUE,FALSE,FALSE,26.48807,-81.79129
AMC Jefferson Point 18 & IMAX,amc-jefferson-point-18-imax,AMC,4250 West Jefferson Boulevard,46804,Fort Wayne,IN,US,United States of America,NA,FALSE,FALSE,FALSE,41.06989,-85.19585
AMC Thoroughbred 20 & IMAX,amc-thoroughbred-20-imax,AMC,633 Frazier Drive,37067,Franklin,TN,US,United States of America,NA,TRUE,FALSE,FALSE,35.94413,-86.82414
Regal Westview & IMAX,regal-westview-imax,REGL,5243 Buckeystown Pike,21704,Frederick,MD,US,United States of America,NA,TRUE,FALSE,FALSE,39.37466,-77.41000
Regal Fredericksburg & IMAX,regal-fredericksburg-imax,REGL,"3301 Plank Road, Route 3W",22401,Fredericksburg,VA,US,United States of America,NA,FALSE,FALSE,FALSE,38.29661,-77.51670
AMC Fresh Meadows 7 & IMAX,amc-fresh-meadows-7-imax,AMC,190-02 Horace Harding Blvd.,11365,Fresh Meadows,NY,US,United States of America,NA,TRUE,FALSE,FALSE,40.74110,-73.78427
Regal Edwards Fresno & IMAX,regal-edwards-fresno-imax,REGL,250 E. Paseo del Centro,93270-4321,Fresno,CA,US,United States of America,NA,TRUE,FALSE,FALSE,36.84788,-119.79042
AMC Stonebriar 24 & IMAX,amc-stonebriar-24-imax,AMC,2601 Preston Road,75034,Frisco,TX,US,United States of America,NA,TRUE,FALSE,FALSE,33.10541,-96.80568
Regal Virginia Gateway & IMAX,regal-virginia-gateway-and-imax,REGL,8001 Gateway Promenade Place,20155,Gainesville,VA,US,United States of America,NA,TRUE,FALSE,FALSE,38.78710,-77.60690
AMC Rio Cinemas 18 & IMAX,amc-rio-cinemas-18-imax,AMC,9811 Washingtonian Blvd.,20878,Gaithersburg,MD,US,United States of America,NA,TRUE,FALSE,FALSE,39.11627,-77.19758
Regal Waugh Chapel & IMAX,regal-waugh-chapel-imax,REGL,1419 South Main Chapel Way,21054,Gambrills,MD,US,United States of America,NA,FALSE,FALSE,FALSE,39.03767,-76.67985
AMC Firewheel 18 & IMAX,amc-firewheel-18-imax,AMC,100 Coneflower Drive,75040,Garland,TX,US,United States of America,NA,TRUE,FALSE,FALSE,32.95055,-96.61487
Galaxy Uptown Luxury+  & IMAX,galaxy-uptown-luxury-imax,GLXY,4649 Point Fosdick Drive N.W.,98335,Gig Harbor,WA,US,United States of America,NA,FALSE,FALSE,FALSE,47.30032,-122.57918
AMC Magic Johnson Capital Center 12 & IMAX,amc-magic-johnson-capital-center-12-imax,AMC,800 Shopper's Way,20774,Glenarden,MD,US,United States of America,NA,FALSE,FALSE,FALSE,38.90136,-76.84761
AMC The Americana at Brand 18 & IMAX,amc-americana-brand-18-imax,AMC,322 Americana Way,91210,Glendale,CA,US,United States of America,NA,TRUE,FALSE,FALSE,34.14450,-118.25670
AMC Westgate 20 & IMAX,amc-westgate-20-imax,AMC,9400 West Hanna Lane,85305,Glendale,AZ,US,United States of America,NA,TRUE,FALSE,FALSE,33.53516,-112.26130
AMC Glendora 12 & IMAX,amc-glendora-12-imax,AMC,1337 E. Gladstone Road,91740,Glendora,CA,US,United States of America,NA,FALSE,FALSE,FALSE,34.11688,-117.83630
NCG Trillium & IMAX,ncg-trillium-imax,NCG,8220 Trillium Circle Avenue,48439,Grand Blanc,MI,US,United States of America,NA,TRUE,FALSE,FALSE,42.92484,-83.63127
"Grand Canyon IMAX, Grand Canyon Visitor Center",grand-canyon-imax-grand-canyon-visitor-center,,450 State Route 64,86023,Grand Canyon,AZ,US,United States of America,NA,TRUE,FALSE,FALSE,35.97323,-112.12670
Celebration! Cinema Grand Rapids North & IMAX,celebration-cinema-grand-rapids-north-imax,CELE,2121 Celebration Dr. NE,49525,Grand Rapids,MI,US,United States of America,NA,FALSE,FALSE,TRUE,43.00135,-85.59298
AMC Grapevine Mills 30 & IMAX,amc-grapevine-mills-30-imax,AMC,3150 Grapevine Mills Parkway,76051,Grapevine,TX,US,United States of America,NA,FALSE,FALSE,FALSE,32.96660,-97.04453
Golden Ticket Cinemas Greenville Grande IMAX,greenville-grande-and-imax,GOLD,"750 Greenville Blvd, SW",27834,Greenville,NC,US,United States of America,NA,TRUE,FALSE,FALSE,35.57310,-77.40440
AMC Grove City 14 & IMAX,amc-grove-city-14,AMC,4218 Buckeye Parkway,43123,Grove City,OH,US,United States of America,NA,FALSE,FALSE,FALSE,39.87729,-83.03951
AMC Hampton Towne Center 24 & IMAX,amc-hampton-towne-center-24-imax,AMC,1 Town Center Way,23666,Hampton,VA,US,United States of America,NA,TRUE,FALSE,FALSE,37.06192,-76.42698
"Riverside IMAX, Virginia Air & Space Center",riverside-imax-virginia-air-space-center,,600 Settlers Landing Road,23669,Hampton,VA,US,United States of America,NA,FALSE,FALSE,FALSE,37.02437,-76.34441
AMC Elmwood Palace 20 & IMAX,amc-elmwood-palace-20-imax,AMC,1200 Elmwood Park Blvd.,70123,Harahan,LA,US,United States of America,NA,TRUE,FALSE,FALSE,29.96255,-90.18926
AMC Westbank Palace 16 & IMAX,amc-westbank-palace-16-imax,AMC,1151 Manhattan Blvd.,70058,Harvey,LA,US,United States of America,NA,FALSE,FALSE,FALSE,29.89762,-90.06264
Regal Sunset Station & IMAX,regal-sunset-station-imax,REGL,West Sunset Rd - across from the Galleria Mall,89014,Henderson,NV,US,United States of America,NA,TRUE,FALSE,FALSE,36.06099,-115.04100
EPIC Hendersonville & IMAX,epic-hendersonville-and-imax,,200 Thompson Street,28792,Hendersonville,NC,US,United States of America,NA,TRUE,FALSE,FALSE,35.33820,-82.44660
Regal Streets Of Indian Lake & IMAX,regal-streets-indian-lake-imax,REGL,300 Indian Lake Blvd.,37075,Hendersonville,TN,US,United States of America,NA,FALSE,FALSE,FALSE,36.32340,-86.59789
CinemaWest Civic Plaza & IMAX,cinema-west-civic-plaza-and-imax,CWST,9711 9th Ave,92345,Hesperia,CA,US,United States of America,NA,TRUE,FALSE,FALSE,34.42790,-117.31940
Regal Palladium & IMAX,regal-palladium-imax,REGL,5830 Samet Drive,27265,High Point,NC,US,United States of America,NA,TRUE,FALSE,FALSE,36.02807,-79.96210
AMC Highland Village 12 & IMAX,amc-highland-village-12-imax,AMC,4090 Barton Creek,75077,Highland Village,TX,US,United States of America,NA,FALSE,FALSE,FALSE,33.07387,-97.08507
AMC Highlands Ranch 24 & IMAX,amc-highlands-ranch-24-imax,AMC,103 W. Centennial Blvd.,80129,Highlands Ranch,CO,US,United States of America,NA,TRUE,FALSE,FALSE,39.56027,-104.99110
AMC Quarry 14 & IMAX,amc-quarry-14-imax,AMC,9201 W. 63rd Street,60525,Hodgkins,IL,US,United States of America,NA,FALSE,FALSE,FALSE,41.77560,-87.87880
TCL Chinese Theatres IMAX,tcl-chinese-theatres-imax,CHNS,6925 Hollywood Boulevard,90028,Hollywood,CA,US,United States of America,NA,TRUE,FALSE,TRUE,34.10168,-118.34040
Hooky Homestead & IMAX,evo-entertainment-homestead-and-imax,HOOK,100 S. Krome Ave.,33030,Homestead,FL,US,United States of America,NA,TRUE,FALSE,FALSE,25.46910,-80.47740
Regal Dole Cannery & IMAX,regal-dole-cannery-imax,REGL,735 B Iwilei Road,96817,Honolulu,HI,US,United States of America,NA,TRUE,FALSE,FALSE,21.31588,-157.87050
Apple Cinemas Hooksett & IMAX,apple-cinemas-hooksett-imax,APPL,38 Cinemagic Way,3106,Hooksett,NH,US,United States of America,NA,TRUE,FALSE,FALSE,43.04129,-71.43512
AMC Patton Creek 15 & IMAX,amc-patton-creek-15-imax,AMC,4450 Creekside Avenue,35244,Hoover,AL,US,United States of America,NA,FALSE,FALSE,FALSE,33.37337,-86.81553
AMC Gulf Pointe 30 & IMAX,amc-gulf-pointe-30-imax,AMC,11801 South Sam Houston Parkway,77089,Houston,TX,US,United States of America,NA,TRUE,FALSE,FALSE,29.60644,-95.20506
AMC Willowbrook 24 & IMAX,amc-willowbrook-24-imax,AMC,17145 Tomball Parkway,77064,Houston,Texas,US,United States of America,NA,TRUE,FALSE,FALSE,29.95324,-95.54120
Regal Edwards Houston Marq*E & IMAX,regal-edwards-houston-marqe-imax,REGL,7620 Katy Freeway,77024,Houston,TX,US,United States of America,NA,TRUE,FALSE,FALSE,29.78441,-95.46476
Regal Greenway Grand Palace & IMAX,regal-greenway-grand-palace-and-imax,REGL,3839 Weslayan Street,77027,Houston,TX,US,United States of America,NA,TRUE,FALSE,FALSE,29.73040,-95.44120
Showbiz Cinemas Liberty Lakes & IMAX,showbiz-cinemas-liberty-lakes-and-imax,HOOK,7102 East Sam Houston Pkwy,77049,Houston,TX,US,United States of America,NA,TRUE,FALSE,FALSE,29.83010,-95.16960
AMC Deerbrook 24 & IMAX,amc-deerbrook-24-imax,AMC,"20131 Highway 59 N, Suite 8000",77338,Humble,Texas,US,United States of America,NA,FALSE,FALSE,FALSE,30.00989,-95.27172
AMC Valley Bend 18 & IMAX,amc-valley-bend-18-imax,AMC,1485 Four Mile Road Post South East,35802,Huntsville,AL,US,United States of America,NA,FALSE,FALSE,FALSE,34.67214,-86.54532
Hooky Hutto & IMAX,hooky-hutto-and-imax,HOOK,"150 Alliance Blvd, Suite 100",78364,Hutto,TX,US,United States of America,NA,TRUE,FALSE,FALSE,30.54100,-97.56710
AMC Independence 20 & IMAX,amc-independence-20-imax,AMC,19200 E. 39th Street S.,64057,Independence,MO,US,United States of America,NA,TRUE,FALSE,FALSE,39.04795,-94.34935
AMC Castleton Square 14 & IMAX,amc-castleton-square-14-imax,AMC,6020 E 82nd Street,46250,Indianapolis,IN,US,United States of America,NA,FALSE,FALSE,FALSE,39.90556,-86.06399
AMC Showplace Indianapolis 17 & IMAX,amc-showplace-indianapolis-17-imax,AMC,4325 South Meridian Street,46217,Indianapolis,IN,US,United States of America,NA,FALSE,FALSE,FALSE,39.70270,-86.15810
AMC Showplace Traders Point 12 & IMAX,amc-showplace-traders-point-12-imax,AMC,5920 W. 86th Street,46278,Indianapolis,IN,US,United States of America,NA,FALSE,FALSE,FALSE,39.91086,-86.26515
"IMAX, Indiana State Museum",imax-indiana-state-museum,VZ,650 West Washington Street,46204,Indianapolis,IN,US,United States of America,NA,FALSE,FALSE,TRUE,39.76744,-86.16852
Cinepolis Luxury Cinemas Inglewood & IMAX,cinepolis-luxury-cinemas-inglewood-imax,CPLS,"1233 District Dr, Suite 100",90305,Inglewood,CA,US,United States of America,NA,TRUE,FALSE,FALSE,33.94630,-118.34320
Regal Irvine Spectrum & IMAX,regal-edwards-irvine-spectrum-imax,REGL,500 Spectrum Centre Drive,92618,Irvine,CA,US,United States of America,NA,TRUE,FALSE,TRUE,33.65156,-117.74680
Regal Issaquah Highlands & IMAX,regal-issaquah-highlands-imax,REGL,940 NE Park Drive,98029,Issaquah,WA,US,United States of America,NA,FALSE,FALSE,FALSE,47.54314,-122.01560
AMC Regency 24 & IMAX,amc-regency-24-imax,AMC,9451 Regency Square Blvd.,32225,Jacksonville,FL,US,United States of America,NA,FALSE,FALSE,FALSE,30.32630,-81.54985
AMC Barry Woods 24 & IMAX,amc-barry-woods-24-imax,AMC,8101 Roanridge Road,64151,Kansas City,MO,US,United States of America,NA,TRUE,FALSE,FALSE,39.24254,-94.65739
AMC Legends 14 & IMAX,amc-legends-14-imax,AMC,1841 Village West Parkway,66111,Kansas City,KS,US,United States of America,NA,TRUE,FALSE,FALSE,39.12578,-94.82925
AMC Katy Mills 20 & IMAX,amc-katy-mills-20-and-imax,AMC,5000 Katy Mills Circle,77494,Katy,TX,US,United States of America,NA,TRUE,FALSE,FALSE,29.76790,-95.81920
"IMAX, Kennedy Space Center",imax-kennedy-space-center,,State Road 405,32899,Kennedy Space Center,FL,US,United States of America,NA,TRUE,FALSE,FALSE,28.52446,-80.68200
AMC Barrett Commons 24 & IMAX,amc-barrett-commons-24-imax,AMC,2600 Cobb Place Ln. NW,30144,Kennesaw,GA,US,United States of America,NA,TRUE,FALSE,FALSE,34.00492,-84.57523
AMC Kent Station 14 & IMAX,amc-kent-station-14-imax,AMC,426 Ramsay Way,98032,Kent,WA,US,United States of America,NA,TRUE,FALSE,FALSE,47.38473,-122.23440
Regal UA King of Prussia & IMAX,regal-ua-king-prussia-imax,REGL,Located on Mall Boulevard across from The Plaza King of Prussia,19406,King of Prussia,PA,US,United States of America,NA,TRUE,FALSE,TRUE,40.09069,-75.39572
NCG Kingsport & IMAX,ncg-kingsport-and-imax,,2101 Fort Henry Dr,37664,Kingsport,TN,US,United States of America,NA,TRUE,FALSE,FALSE,36.52860,-82.52030
Regal Pinnacle & IMAX,regal-pinnacle-imax,REGL,11240 Parkside Drive,37922,Knoxville,TN,US,United States of America,NA,TRUE,FALSE,FALSE,35.90045,-84.15642
EVO Entertainment Kyle & IMAX,evo-entertainment-kyle-and-imax,EVO,3200 Kyle Crossing,78640,Kyle,Texas,US,United States of America,NA,TRUE,FALSE,FALSE,30.03560,-97.85190
Regal Martin Village & IMAX,regal-martin-village-imax,REGL,5400 East Martin Way,98516,Lacey,WA,US,United States of America,NA,TRUE,FALSE,FALSE,47.04947,-122.81170
Goodrich Eastside 10 & IMAX,goodrich-eastside-10-imax,GOOD,300 Farabee Drive North,49705,Lafayette,IN,US,United States of America,NA,FALSE,FALSE,FALSE,40.41913,-86.85226
Lakeside 18 Cinemas & IMAX,lakeside-18-cinemas-imax,COBB,1650 Town Center Drive,33803,Lakeland,FL,US,United States of America,NA,FALSE,FALSE,FALSE,28.00042,-81.97879
Emagine Lakeville  & IMAX,emagine-lakeville-and-imax,EMAG,20653 Keokuk Avenue,55034,Lakeville,MN,US,United States of America,NA,TRUE,FALSE,FALSE,44.64990,-93.29850
Regal UA Colorado Mills & IMAX,regal-ua-colorado-mills-imax,REGL,14500 West Colfax Avenue,80401,Lakewood,CO,US,United States of America,NA,FALSE,FALSE,FALSE,39.73480,-105.15935
Cinemark Lancaster & IMAX,cinemark-lancaster-imax,CNMK,2600 West Avenue I,93534,Lancaster,CA,US,United States of America,NA,FALSE,FALSE,FALSE,34.70393,-118.17740
NCG Eastwood Towne Center & IMAX,ncg-eastwood-towne-center-and-imax,NCG,2500 Showtime Dr,48912,Lansing,MI,US,United States of America,NA,TRUE,FALSE,FALSE,42.76550,-84.51560
AMC Town Square 18 & IMAX,amc-town-square-18-imax,AMC,6587 Las Vegas Blvd South,89119,Las Vegas,NV,US,United States of America,NA,TRUE,FALSE,FALSE,36.06946,-115.17247
Brenden Theatres & IMAX at the Palms,brenden-theatres-imax-palms,BRND,4321 West Flamingo Road,89103,Las Vegas,NV,US,United States of America,NA,FALSE,FALSE,TRUE,36.11530,-115.19810
Regal Red Rock & IMAX,regal-red-rock-imax,REGL,11011 West Charleston Boulevard,89135,Las Vegas,NV,US,United States of America,NA,TRUE,FALSE,FALSE,36.15889,-115.33520
AMC CLASSIC Patriot 13 & IMAX,amc-classic-patriot-13-imax,AMC,2803 NW 67th Street,73505,Lawton,OK,US,United States of America,NA,FALSE,FALSE,FALSE,34.63446,-98.47600
AMC Town Center 20 & IMAX,amc-town-center-20-imax,AMC,11701 Nall Avenue,66211,Leawood,KS,US,United States of America,NA,TRUE,FALSE,FALSE,38.91640,-94.64890
Regal Hamburg Pavilion & IMAX,regal-hamburg-pavilion-imax,REGL,1949 Starshoot Road,40509,Lexington,KY,US,United States of America,NA,FALSE,FALSE,FALSE,38.02496,-84.42022
AMC Aviation 12 & IMAX,amc-aviation-12,AMC,Located at Aviation Plaza on US 1 and South Stiles St.,7036,Linden,NJ,US,United States of America,NA,FALSE,FALSE,FALSE,40.62160,-74.24531
Penn Cinema & IMAX,penn-cinema-imax,PENN,541 Airport Road,17543,Lititz,PA,US,United States of America,NA,FALSE,FALSE,FALSE,40.11549,-76.29239
AMC Chenal 9 & IMAX,amc-chenal-9-imax,AMC,17825 Chenal Parkway,72211,Little Rock,AR,US,United States of America,NA,FALSE,FALSE,FALSE,34.77820,-92.46378
Regal Live Oak Stadium 18 & IMAX,regal-live-oak-stadium-18-and-imax,REGL,7901 Pat Booker Road,78233,Live Oak,TX,US,United States of America,NA,FALSE,FALSE,FALSE,29.56310,-98.33310
AMC Livonia 20 & IMAX,amc-livonia-20-imax,AMC,19500 Haggerty Road,48152,Livonia,MI,US,United States of America,NA,FALSE,FALSE,FALSE,42.42840,-83.43112
AMC DINE-IN Yorktown 18 & IMAX,amc-dine-yorktown-18-imax,AMC,80 Yorktown Shopping Center,60148,Lombard,IL,US,United States of America,NA,TRUE,FALSE,FALSE,41.84004,-88.00193
Regal Edwards Long Beach & IMAX,regal-edwards-long-beach-imax,REGL,7501 East Carson Boulevard,90808,Long Beach,CA,US,United States of America,NA,TRUE,FALSE,FALSE,33.83120,-118.08720
AMC Century City 15 & IMAX,amc-century-city-15-imax,AMC,10250 Santa Monica Boulevard,90067,Los Angeles,CA,US,United States of America,NA,TRUE,FALSE,FALSE,34.06012,-118.42010
AMC The Grove & IMAX,amc-grove-imax,AMC,189 The Grove Drive,90036,Los Angeles,CA,US,United States of America,NA,TRUE,FALSE,FALSE,34.07310,-118.35650
"IMAX, California Science Center",imax-california-science-center,,700 Exposition Park Drive,90037,Los Angeles,CA,US,United States of America,NA,TRUE,FALSE,FALSE,34.01636,-118.28480
Regal LA Live & IMAX,regal-la-live-and-imax,REGL,1000 W Olympic Blvd.,90015,Los Angeles,CA,US,United States of America,NA,TRUE,FALSE,TRUE,34.04590,-118.26700
AMC Stonybrook 20 & IMAX,amc-stonybrook-20-imax,AMC,2745 South Hurstborne Parkway,40220,Louisville,KY,US,United States of America,NA,FALSE,FALSE,FALSE,38.21036,-85.59643
Metrolux 12 & IMAX,metrolux-12-imax,MTRO,6085 Skypond Drive,80538,Loveland,CO,US,United States of America,NA,TRUE,FALSE,FALSE,40.41076,-104.98970
Premiere Cinema Lubbock + IMAX,premiere-cinema-lubbock-imax,PRCM,6002 Slide Road at South Plains Mall,79401,Lubbock,TX,US,United States of America,NA,FALSE,FALSE,FALSE,33.53000,-101.90000
AMC Alderwood Mall 16 & IMAX,amc-alderwood-mall-16-imax,AMC,18733 33rd Avenue West,98037,Lynnwood,WA,US,United States of America,NA,TRUE,FALSE,FALSE,47.82772,-122.27520
AmStar Macon 16 & IMAX,amstar-16-imax,STKO,5996 Zebulon Road,31210,Macon,GA,US,United States of America,NA,FALSE,FALSE,FALSE,32.87966,-83.75854
Malco Grandview Cinema & IMAX,malco-grandview-cinema-imax,MALCO,221 Grandview Blvd.,39110,Madison,MS,US,United States of America,NA,FALSE,FALSE,FALSE,32.46121,-90.13757
Cinemark Buckland Hills 18 & IMAX,cinemark-buckland-hills-18-imax,CNMK,99 Redstone Road,6045,Manchester,CT,US,United States of America,NA,FALSE,FALSE,FALSE,41.80016,-72.54739
AMC Dine-In Manhattan 13 & IMAX,amc-dine-manhattan-13-imax,AMC,103 Manhattan Town Center ,66502,Manhattan,KS,US,United States of America,NA,FALSE,FALSE,FALSE,39.17740,-96.55906
AMC Tysons Corner 16 & IMAX,amc-tysons-corner-16-imax,AMC,7850 Tysons Corner Center,22102,McLean,VA,US,United States of America,NA,TRUE,FALSE,FALSE,38.91727,-77.21953
Malco Paradiso Cinema Grill & IMAX,malco-paradiso-cinema-grill-imax,MALCO,584 South Mendenhall,38117,Memphis,TN,US,United States of America,NA,FALSE,FALSE,FALSE,35.11518,-89.89569
Regal Hollywood Merced & IMAX,regal-hollywood-merced-and-imax,REGL,403 W. Main Street,95340,Merced,CA,US,United States of America,NA,TRUE,FALSE,FALSE,37.30110,-120.48190
GQT Merritt Square 16 & IMAX,cmx-merritt-square-16-imax,GOOD,777 East Merritt Island Causeway,32952,Merritt Island,FL,US,United States of America,NA,FALSE,FALSE,FALSE,28.35696,-80.68554
AMC Mesa Grand 14 & IMAX,amc-mesa-grand-14-and-imax,AMC,1645 S Stapley Dr,85204,Mesa,AZ,US,United States of America,NA,TRUE,FALSE,FALSE,33.38420,-111.80240
AMC Superstition East 12 & IMAX,amc-superstition-east-12-imax,AMC,1935 S. Signal Butte,85209,Mesa,AZ,US,United States of America,NA,FALSE,FALSE,FALSE,33.38020,-111.60150
AMC DINE-IN Clearview Palace 12 & IMAX,amc-dine-clearview-palace-12-imax,AMC,4486 Veterans Memorial Blvd.,70006,Metairie,LA,US,United States of America,NA,FALSE,FALSE,FALSE,30.00472,-90.18279
AMC Methuen 20 & IMAX,amc-methuen-20-imax,AMC,90 Pleasant Valley St.,1844,Methuen,MA,US,United States of America,NA,TRUE,FALSE,FALSE,42.74505,-71.15720
CMX Dolphin 19 & IMAX,cmx-dolphin-19-imax,COBB,11471 NW 12th Street,33172,Miami,FL,US,United States of America,NA,TRUE,FALSE,FALSE,25.78673,-80.38004
Regal Kendall Village & IMAX,regal-kendall-village-imax,REGL,8595 SW 124 Avenue,33183,Miami,FL,US,United States of America,NA,TRUE,FALSE,FALSE,25.68818,-80.39222
Regal Commonwealth & IMAX,regal-commonwealth-imax,REGL,5001 Commonwealth Center Parkway,23112,Midlothian,VA,US,United States of America,NA,TRUE,FALSE,FALSE,37.42002,-77.62941
Cinemark Connecticut Post 14 & IMAX,cinemark-connecticut-post-14-imax,CNMK,1201 Boston Post Road - Westfield Shoppingtown CT Post,6460,Milford,CT,US,United States of America,NA,TRUE,FALSE,FALSE,41.23642,-73.03864
AMC Missoula 12 & IMAX,amc-missoula-12-imax,AMC,3640 Mullan Road,59801,Missoula,MT,US,United States of America,NA,FALSE,FALSE,FALSE,46.88597,-114.04690
AMC DINE-IN Montclair 12 & IMAX,amc-dine-montclair-12-imax,AMC,2200 Montclair Plaza Lane,91763,Montclair,CA,US,United States of America,NA,TRUE,FALSE,FALSE,34.08980,-117.69140
AMC Festival Plaza 16 & IMAX,amc-festival-plaza-16,AMC,7925 Vaughn Road,36116,Montgomery,AL,US,United States of America,NA,FALSE,FALSE,FALSE,32.33884,-86.17791
Regal Warren Moore & IMAX,regal-warren-moore-imax,REGL,1000 S Telephone Rd,73160,Moore,OK,US,United States of America,NA,TRUE,FALSE,FALSE,35.32891,-97.49436
AMC Southlake Pavilion 24 & IMAX,amc-southlake-pavilion-24-imax,AMC,7065 Mount Zion Circle,30260,Morrow,GA,US,United States of America,NA,TRUE,FALSE,FALSE,33.56448,-84.32595
AMC Muncie 12 & IMAX,amc-muncie-12-imax,AMC,860 E. Princeton Avenue,47303,Muncie,IN,US,United States of America,NA,FALSE,FALSE,FALSE,40.22447,-85.37530
AMC Showplace Naperville 16 & IMAX,amc-showplace-naperville-16-imax,AMC,2815 Showplace Drive,60564,Naperville,IL,US,United States of America,NA,FALSE,FALSE,FALSE,41.71257,-88.20743
Regal Naples & IMAX,regal-naples-imax,REGL,6006 Hollywood Blvd.,34109,Naples,FL,US,United States of America,NA,TRUE,FALSE,FALSE,26.21803,-81.77166
Regal Opry Mills & IMAX,regal-opry-mills-imax,REGL,570 Opry Mills Drive,37214,Nashville,TN,US,United States of America,NA,FALSE,FALSE,TRUE,36.20791,-86.69829
Sunbrella IMAX 3D Theater Natick,sunbrella-imax-3d-theater-natick,,1 Underprice Way,1760,Natick,MA,US,United States of America,NA,FALSE,FALSE,FALSE,42.29521,-71.39914
AMC Plaza Bonita 14 & IMAX,amc-plaza-bonita-14-imax,AMC,3050 Plaza Bonita Road,91950,National City,CA,US,United States of America,NA,TRUE,FALSE,FALSE,32.65352,-117.06680
AMC New Brunswick 18 & IMAX,amc-loews-new-brunswick-18-imax,AMC,17 US Highway,8901,New Brunswick,NJ,US,United States of America,NA,TRUE,FALSE,FALSE,40.48830,-74.41450
AMC Showplace New Lenox 14 & IMAX,amc-showplace-new-lenox-14-imax,AMC,1320 W. Maple Street,60451,New Lenox,IL,US,United States of America,NA,FALSE,FALSE,FALSE,41.52058,-87.99563
Regal New Roc & IMAX,regal-new-roc-imax,REGL,33 LeCount Place,10801,New Rochelle,NY,US,United States of America,NA,TRUE,FALSE,FALSE,40.91131,-73.78054
AMC 34th Street 14 & IMAX,amc-34th-street-14-imax,AMC,312 W. 34th St.,10001,New York,NY,US,United States of America,NA,TRUE,FALSE,FALSE,40.75230,-73.99400
AMC Empire 25 & IMAX,amc-empire-25-imax,AMC,234 West 42nd Street,10036,New York,NY,US,United States of America,NA,FALSE,FALSE,FALSE,40.75638,-73.98804
AMC Kips Bay 15 & IMAX,amc-kips-bay-15-imax,AMC,570 Second Ave,10016,New York,NY,US,United States of America,NA,TRUE,FALSE,FALSE,40.74340,-73.97670
AMC Lincoln Square 13 & IMAX,amc-lincoln-square-13-imax,AMC,1998 Broadway,10023,New York,NY,US,United States of America,NA,TRUE,FALSE,TRUE,40.77520,-73.98180
AMC Newpark 12 & IMAX,amc-newpark-12-imax,AMC,400 Newpark Mall,94560,Newark,CA,US,United States of America,NA,TRUE,FALSE,FALSE,37.52733,-122.00151
AMC Newport on the Levee 20 & IMAX,amc-newport-levee-20-imax,AMC,I-471 at Exit 5,41071,Newport,KY,US,United States of America,NA,FALSE,FALSE,FALSE,39.09432,-84.49652
AMC Showplace Niles 12 & IMAX,amc-showplace-niles-12-imax,AMC,301 Golf Mill Center,60714,Niles,IL,US,United States of America,NA,FALSE,FALSE,FALSE,42.04855,-87.83986
Cinemark North Canton & IMAX,cinemark-north-canton-and-imax,,4720 Mega St NW,44720,North Canton,OH,US,United States of America,NA,TRUE,FALSE,FALSE,40.87230,-81.43890
Regal Aliante & IMAX,regal-aliante-imax,REGL,7300 Aliante Parkway,89084,North Las Vegas,NV,US,United States of America,NA,TRUE,FALSE,FALSE,36.29332,-115.18420
Tilton 9 & IMAX,tilton-9-imax,RTSIND,331 Tilton Road,08225-1201,Northfield,NJ,US,United States of America,NA,FALSE,FALSE,FALSE,39.38688,-74.55679
AMC Norwalk 20 & IMAX,amc-norwalk-20-imax,AMC,12300 E. Civic Center Drive,90650,Norwalk,CA,US,United States of America,NA,FALSE,FALSE,FALSE,33.90717,-118.07060
AMC White Marsh 16 & IMAX,amc-white-marsh-16-imax,AMC,8141 Honeygo Blvd.,21236,Nottingham,MD,US,United States of America,NA,TRUE,FALSE,FALSE,39.37170,-76.46630
AMC Oakbrook 12 & IMAX,amc-oakbrook-12-imax,AMC,600 Oakbrook Center,60523,Oak Brook,IL,US,United States of America,NA,FALSE,FALSE,FALSE,41.86335,-87.96916
Regal Hollywood & IMAX,regal-hollywood-imax,REGL,2801 S.W. 27th Avenue,34474,Ocala,FL,US,United States of America,NA,TRUE,FALSE,FALSE,29.16013,-82.16874
AMC Quail Springs Mall 24 & IMAX,amc-quail-springs-mall-24-imax,AMC,2501 West Memorial,73134,Oklahoma City,OK,US,United States of America,NA,TRUE,FALSE,FALSE,35.60967,-97.55802
AMC Studio 28 & IMAX,amc-studio-28-imax,AMC,12075 S Strang Line Rd.,66062,Olathe,KS,US,United States of America,NA,TRUE,FALSE,FALSE,38.90731,-94.77259
AMC Woodlands Square 20 & IMAX,amc-woodland-square-20-imax,AMC,3128 Tampa Road,34677,Oldsmar,FL,US,United States of America,NA,TRUE,FALSE,FALSE,28.05195,-82.70036
AMC Classic Westroads 14 & IMAX,amc-westroads-14,AMC,10000 California Street,68114,Omaha,NE,US,United States of America,NA,FALSE,FALSE,FALSE,41.26626,-96.06870
Regal Edwards Ontario Palace & IMAX,regal-edwards-ontario-palace-imax,REGL,4900 East 4th Street,91764,Ontario,CA,US,United States of America,NA,TRUE,FALSE,TRUE,34.07698,-117.54680
AMC 30 at the Block & IMAX,amc-30-block-imax,AMC,20 City Blvd. West,92868,Orange,CA,US,United States of America,NA,TRUE,FALSE,FALSE,33.78253,-117.89330
AMC Orange Park 24 & IMAX,amc-orange-park-24-imax,AMC,1910 Wells Road,32073,Orange Park,FL,US,United States of America,NA,FALSE,FALSE,FALSE,30.18703,-81.73254
Regal Pointe Orlando & IMAX,regal-pointe-orlando-imax,REGL,9101 International Drive,32819,Orlando,FL,US,United States of America,NA,FALSE,FALSE,FALSE,28.43240,-81.47007
Regal Waterford Lakes & IMAX,regal-waterford-lakes-imax,REGL,541 North Alafaya Trail,32828,Orlando,FL,US,United States of America,NA,TRUE,FALSE,FALSE,28.55294,-81.20504
AMC Owings Mills 17 & IMAX,amc-owings-mills-17-imax,AMC,10100 Mill Run Circle,21117,Owings Mills,MD,US,United States of America,NA,FALSE,FALSE,FALSE,39.40676,-76.79343
CMX Downtown at The Gardens 16 & IMAX,cmx-downtown-at-the-gardens-16-and-imax,COBB,"11701 Lake Victoria Gardens Ave, Suite 1201",33410,Palm Beach Gardens,FL,US,United States of America,NA,TRUE,FALSE,FALSE,26.84770,-80.09320
The Grand Pier Park 16 & IMAX,grand-pier-park-16-imax,STKO,PCB 500 South Pier Park Drive,32413,Panama City Beach,FL,US,United States of America,NA,FALSE,FALSE,FALSE,30.22223,-85.87256
AMC Garden State 16 & IMAX,amc-garden-state-16-imax,AMC,1 Garden State Plaza,7652,Paramus,NJ,US,United States of America,NA,TRUE,FALSE,FALSE,40.92000,-74.07440
AMC Pembroke Lakes 9 & IMAX,amc-pembroke-lakes-9-imax,AMC,12085 Pines Blvd.,33026,Pembroke Pines,FL,US,United States of America,NA,TRUE,FALSE,FALSE,26.00835,-80.30818
AMC Bayou 15 & IMAX,amc-bayou-15-imax,AMC,5149 Bayou Boulevard,32503,Pensacola,FL,US,United States of America,NA,TRUE,FALSE,FALSE,30.47292,-87.21143
AMC Grand Prairie 18 & IMAX,amc-grand-prairie-18-imax,AMC,5311 West American Prairie Drive,61615,Peoria,IL,US,United States of America,NA,FALSE,FALSE,FALSE,40.78234,-89.67746
CinemaWest Boulevard & IMAX,cinemawest-boulevard-and-imax,CWST,200 C Street,94952,Petaluma,CA,US,United States of America,NA,TRUE,FALSE,FALSE,38.23340,-122.63750
AMC Deer Valley 30 & IMAX,amc-deer-valley-30-imax,AMC,3033 West Agua Fria Freeway,85027,Phoenix,AZ,US,United States of America,NA,TRUE,FALSE,FALSE,33.66636,-112.12400
AMC DINE-IN Desert Ridge 18 & IMAX,amc-dine-desert-ridge-18-imax,AMC,21001 North Tatum,85050,Phoenix,AZ,US,United States of America,NA,TRUE,FALSE,FALSE,33.67581,-111.97100
AMC Plainville 20 & IMAX,amc-plainville-20-imax,AMC,220 New Britian Avenue,6062,Plainville,CT,US,United States of America,NA,TRUE,FALSE,FALSE,41.67720,-72.84340
Royal Cinemas & IMAX,royal-cinemas-imax,RTSIND,5 Towne Center Court,31322,Pooler,GA,US,United States of America,NA,TRUE,FALSE,FALSE,32.08460,-81.15030
AMC Port Chester 14 & IMAX,amc-port-chester-14-imax,AMC,40 Westchester Ave.,10573,Port Chester,NY,US,United States of America,NA,TRUE,FALSE,FALSE,40.99970,-73.66150
Celebration! Cinema Crossroads & IMAX,celebration-cinema-crossroads-imax,CELE,6600 Ring Road,49024,Portage,MI,US,United States of America,NA,FALSE,FALSE,FALSE,42.22161,-85.59194
Regal Lloyd Center & IMAX,regal-lloyd-center-imax,REGL,1510 NE Multnomah Street,97232,Portland,OR,US,United States of America,NA,FALSE,FALSE,FALSE,45.53136,-122.65050
Apple Cinemas Providence Place & IMAX,apple-cinemas-providence-place-and-imax,APPL,10 Providence Place,2903,Providence,RI,US,United States of America,NA,TRUE,FALSE,TRUE,41.82860,-71.41730
IMAX Theatre at Marbles,IMAX-Theatre-at-Marbles,,201 East Hargett Street,27601,Raleigh,NC,US,United States of America,NA,FALSE,FALSE,FALSE,35.77833,-78.63641
Regal Rancho Mirage & IMAX,regal-rancho-mirage-imax,REGL,72-777 Dinah Shore Drive,92270,Rancho Mirage,CA,US,United States of America,NA,FALSE,FALSE,FALSE,33.80015,-116.39210
RC Reading Movies 11 & IMAX,rc-reading-movies-11-imax,RC,30 North Second Street,19601,Reading,PA,US,United States of America,NA,FALSE,FALSE,FALSE,40.33641,-75.93366
Sunbrella IMAX 3D Theater Reading,sunbrella-imax-3d-theater-reading,,50 Walkers Brook Drive,1867,Reading,MA,US,United States of America,NA,TRUE,FALSE,FALSE,42.51898,-71.09332
Regal Short Pump & IMAX,regal-short-pump-imax,REGL,11650 West Broad Street,23233,Richmond,VA,US,United States of America,NA,TRUE,FALSE,FALSE,37.65264,-77.61718
Galaxy Riverbank & IMAX,galaxy-riverbank-imax,GLXY,2525 Patterson Road,95367,Riverbank,CA,US,United States of America,NA,FALSE,FALSE,FALSE,37.73284,-120.95136
AMC Tyler 16 & IMAX,amc-tyler-16-imax,AMC,3775 Tyler Street,92503,Riverside,CA,US,United States of America,NA,FALSE,FALSE,FALSE,33.91138,-117.46070
Cinemark Tinseltown Rochester & IMAX,cinemark-tinseltown-rochester-imax,CNMK,2291 Buffalo Road,14624,Rochester,NY,US,United States of America,NA,FALSE,FALSE,TRUE,43.14665,-77.71228
Marcus Galaxy 14 Cine & IMAX,marcus-galaxy-14-cine-imax,MRCS,4340 Maine Avenue SE,55904,Rochester,MN,US,United States of America,NA,FALSE,FALSE,FALSE,43.95602,-92.46134
AMC Rockaway 16 & IMAX,amc-rockaway-16-imax,AMC,363 Mt. Hope Avenue,7866,Rockaway,NJ,US,United States of America,NA,TRUE,FALSE,FALSE,40.90943,-74.55796
AMC Showplace Rockford 16 & IMAX,amc-showplace-rockford-16-imax,AMC,8301 East State Street,61108,Rockford,IL,US,United States of America,NA,FALSE,FALSE,FALSE,42.27235,-88.95365
AMC Rosedale 14 & IMAX,amc-rosedale-14-imax,AMC,850 Rosedale Center,55113,Roseville,MN,US,United States of America,NA,TRUE,FALSE,FALSE,45.01454,-93.17378
CinemaWest Roseville & IMAX,cinema-west-olympus-pointe-and-imax,CWST,520 N Sunrise Ave,95661,Roseville,CA,US,United States of America,NA,TRUE,FALSE,FALSE,38.75680,-121.25650
Apple Cinemas Saco & IMAX,apple-cinemas-saco-imax,APPL,779 Portland Road,4072,Saco,ME,US,United States of America,NA,FALSE,FALSE,FALSE,43.52968,-70.42637
Esquire IMAX Theatre,esquire-imax,VZ,1211 K Street,95814,Sacramento,CA,US,United States of America,NA,FALSE,FALSE,TRUE,38.57855,-121.49090
Regal Delta Shores & IMAX,regal-delta-shores-imax,REGL,8136 Delta Shores Circle South,95832,Sacramento,CA,US,United States of America,NA,FALSE,FALSE,FALSE,38.45938,-121.48361
"ATK IMAX, Clark Planetarium",atk-imax-clark-planetarium,,110 South 400 West,84101,Salt Lake City,UT,US,United States of America,NA,FALSE,FALSE,FALSE,40.76678,-111.90270
AMC Rivercenter 11 & IMAX,amc-rivercenter-11-imax,AMC,849 E. Commerce,78205,San Antonio,TX,US,United States of America,NA,FALSE,FALSE,TRUE,29.42261,-98.48410
Santikos Palladium IMAX,santikos-palladium-imax,STKO,The Rim - IH-10 - Exit La Cantera,78257,San Antonio,TX,US,United States of America,NA,FALSE,FALSE,FALSE,29.60894,-98.60363
MetroLux 10 & IMAX,metrolux-10-imax,MTRO,101 W. Avenida Vista Hermosa ,92672,San Clemente,CA,US,United States of America,NA,TRUE,FALSE,FALSE,33.43990,-117.62890
AMC Mission Valley 20 & IMAX,amc-mission-valley-20-imax,AMC,1640 Camino Del Rio North,92108,San Diego,CA,US,United States of America,NA,TRUE,FALSE,FALSE,32.76770,-117.14890
AMC Palm Promenade 24 & IMAX,amc-palm-promenade-24-imax,AMC,770 Dennery Road,92154,San Diego,CA,US,United States of America,NA,TRUE,FALSE,FALSE,32.57894,-117.03630
Regal Edwards Mira Mesa & IMAX,regal-edwards-mira-mesa-imax,REGL,10733 Westview Parkway,92126,San Diego,CA,US,United States of America,NA,TRUE,FALSE,FALSE,32.91566,-117.12030
AMC Metreon 16 & IMAX,amc-loews-metreon-16-imax,AMC,"135 Fourth Street, Suite #3000",94103,San Francisco,CA,US,United States of America,NA,TRUE,FALSE,TRUE,37.78450,-122.40400
Apple Cinemas Van Ness & IMAX,apple-cinemas-van-ness-and-imax,APPL,1000 Van Ness Avenue,94104,San Francisco,CA,US,United States of America,NA,FALSE,FALSE,FALSE,37.78510,-122.42400
AMC Eastridge 15 & IMAX,amc-eastridge-15-imax,AMC,2190 Eastridge Loop,95122,San Jose,CA,US,United States of America,NA,TRUE,FALSE,FALSE,37.32622,-121.81350
AMC Saratoga 14 & IMAX,amc-saratoga-14-imax,AMC,700 El Paseo De Saratoga,95130,San Jose,CA,US,United States of America,NA,TRUE,FALSE,FALSE,37.28995,-121.99190
"IMAX Dome Theater, The Tech Interactive",imax-dome-theater-tech-interactive,VZ,201 South Market Street,95113,San Jose,CA,US,United States of America,NA,TRUE,FALSE,FALSE,37.33191,-121.89015
"Megaplex 17 & IMAX, Jordan Commons",megaplex-17-imax-jordan-commons,MEGA,9400 South State Street,84070,Sandy,UT,US,United States of America,NA,FALSE,FALSE,FALSE,40.58175,-111.89070
AMC Mercado 20 & IMAX,amc-mercado-20-imax,AMC,3111 Mission College Blvd.,95054,Santa Clara,CA,US,United States of America,NA,TRUE,FALSE,FALSE,37.38879,-121.98620
Regal Edwards Valencia & IMAX,regal-edwards-valencia-imax,REGL,24435 Town Center Drive,91355,Santa Clarita,CA,US,United States of America,NA,FALSE,FALSE,FALSE,34.41784,-118.56170
EVO Entertainment Santa Fe & IMAX,evo-entertainment-santa-fe-and-imax,EVO,3474 Zafarano Dr.,87507,Santa Fe,NM,US,United States of America,NA,TRUE,FALSE,FALSE,35.64180,-106.01570
Savoy 16 & IMAX,savoy-16-imax,PHNX,232 W. Burwash Ave,61874,Savoy,IL,US,United States of America,NA,TRUE,FALSE,FALSE,40.07409,-88.25211
AMC Streets of Woodfield & IMAX,amc-streets-woodfield-imax,AMC,601 North Martingale Road,60173,Schaumburg,IL,US,United States of America,NA,TRUE,FALSE,FALSE,42.03907,-88.03459
AMC Showplace Schererville 16 & IMAX,amc-showplace-schererville-16-imax,AMC,875 Deercreek Drive,46375,Schererville,IN,US,United States of America,NA,FALSE,FALSE,FALSE,41.50036,-87.47542
IMAX at the Center (formerly the Boeing IMAX Theater),boeing-imax-pacific-science-center,,305 Harrison St.,98109,Seattle,WA,US,United States of America,NA,TRUE,FALSE,FALSE,47.61980,-122.35280
"PACCAR IMAX, Pacific Science Center",paccar-imax-pacific-science-center,,200 Sue Bird Ct. N.,98109,Seattle,WA,US,United States of America,NA,FALSE,FALSE,FALSE,47.61980,-122.35280
Regal Thornton Place & IMAX,regal-thornton-place-imax,REGL,301 NE Thornton Place,98125,Seattle,WA,US,United States of America,NA,TRUE,FALSE,FALSE,47.70316,-122.32580
NCG Peachtree City & IMAX,ncg-peachtree-city-and-imax,NCG,55 Fischer Crossings Blvd,30277,Sharpsburg,GA,US,United States of America,NA,TRUE,FALSE,FALSE,33.39650,-84.61630
AMC Metropark 10 & IMAX,amc-metropark-10-imax,AMC,17943 I-45 South,77385,Shenandoah,Texas,US,United States of America,NA,TRUE,FALSE,FALSE,30.19445,-95.45119
Regal Sherman Oaks & IMAX,regal-sherman-oaks-and-imax,REGL,"15301 Ventura Blvd. Bldg A, 3rd Floor, Suite 300",91403,Sherman Oaks,CA,US,United States of America,NA,TRUE,FALSE,FALSE,34.15400,-118.46630
The Goodman IMAX Dome,the-goodman-imax-dome,,820 Clyde Fant Parkway,71101,Shreveport,LA,US,United States of America,NA,FALSE,FALSE,FALSE,32.51395,-93.74196
Regal Majestic & IMAX,regal-majestic-imax,REGL,900 Ellsworth Drive,20910,Silver Spring,MD,US,United States of America,NA,TRUE,FALSE,FALSE,38.99704,-77.02542
Regal Simi Valley Civic Center & IMAX,regal-simi-valley-civic-center-imax,REGL,2751 Tapo Canyon Road,93063,Simi Valley,CA,US,United States of America,NA,TRUE,FALSE,FALSE,34.28556,-118.71790
Regal Simpsonville & IMAX,regal-simpsonville-imax,REGL,,29681,Simpsonville,SC,US,United States of America,NA,TRUE,FALSE,FALSE,34.72719,-82.25764
AMC Showplace Village Crossing & IMAX,amc-showplace-village-crossing-imax,AMC,7000 Carpenter Road,60077,Skokie,IL,US,United States of America,NA,TRUE,FALSE,FALSE,42.00884,-87.76188
The Grand Slidell 16 & IMAX,grand-16-imax,STKO,1950 Gause Boulevard West,70460,Slidell,LA,US,United States of America,NA,FALSE,FALSE,FALSE,30.29965,-89.81672
AMC Assembly Row 12 & IMAX,amc-assembly-row-12,AMC,395 Artisan Way,2145,Somerville,MA,US,United States of America,NA,TRUE,FALSE,FALSE,42.39354,-71.07891
AMC South Barrington 30 & IMAX,amc-south-barrington-30-imax,AMC,175 Studio Drive,60010,South Barrington,IL,US,United States of America,NA,FALSE,FALSE,FALSE,42.07180,-88.14740
Regal Edwards South Gate & IMAX,edwards-south-gate-stadium-20-imax,REGL,8630 Garfield Avenue,90280,South Gate,CA,US,United States of America,NA,TRUE,FALSE,FALSE,33.95254,-118.16400
Megaplex 20 at the District & IMAX,megaplex-20-district-imax,MEGA,11400 South Bangerter Highway,84095,South Jordan,UT,US,United States of America,NA,FALSE,FALSE,FALSE,40.54421,-111.98430
AMC Sunset Place 24 & IMAX,amc-sunset-place-24-imax,AMC,5701 Sunset Drive,33143,South Miami,FL,US,United States of America,NA,FALSE,FALSE,FALSE,25.70407,-80.27491
Southampton Playhouse & IMAX,southampton-playhouse-and-imax,INDY,43 Hill Street,11968,Southampton,NY,US,United States of America,NA,TRUE,FALSE,FALSE,40.88400,-72.39450
MJR Southgate & IMAX,mjr-southgate-and-imax,MJRT,16561 Trenton Road,48195,Southgate,MI,US,United States of America,NA,FALSE,FALSE,FALSE,42.19420,-83.19320
Galaxy Luxury+ Sparks & IMAX,galaxy-luxury-sparks-imax,GLXY,1170 Scheels Drive,89434,Sparks,NV,US,United States of America,NA,FALSE,FALSE,FALSE,39.53204,-119.71860
AMC River Park Square 20 & IMAX,amc-river-park-square-20-imax,AMC,808 West Main Street,99201,Spokane,WA,US,United States of America,NA,TRUE,FALSE,FALSE,47.65914,-117.42350
Springdale 18: Cinema de Lux & IMAX,springdale-18-cinema-de-lux-imax,NATA,12064 Springfield Pike,45246,Springdale,OH,US,United States of America,NA,FALSE,FALSE,FALSE,39.29884,-84.48452
AMC Showplace Springfield 12 & IMAX,amc-showplace-springfield-12-imax,AMC,3141 Mercantile Drive,62711,Springfield,IL,US,United States of America,NA,FALSE,FALSE,FALSE,39.75824,-89.72484
AMC Springfield 11 & IMAX,amc-springfield-11-imax,AMC,3200 East Montclair,65804,Springfield,MO,US,United States of America,NA,TRUE,FALSE,FALSE,37.15597,-93.23109
Epic Theatres of St. Augustine & IMAX,epic-theatres-of-st-augustine-and-imax,,112 Theatre Drive,32096,St. Augustine,FL,US,United States of America,NA,TRUE,FALSE,FALSE,29.86350,-81.34400
Marcus Ronnies 20 Cine & IMAX,marcus-ronnies-20-cine-imax,MRCS,5320 South Lindbergh Blvd.,63126,St. Louis,MO,US,United States of America,NA,FALSE,FALSE,FALSE,38.52563,-90.36262
"OMNIMAX, St. Louis Science Center",omnimax-st-louis-science-center,,5050 Oakland Avenue,63110,St. Louis,MO,US,United States of America,NA,TRUE,FALSE,FALSE,38.62895,-90.26778
Omnitheater Science Museum of Minnesota,omnitheater-science-museum-minnesota,,120 West Kellogg Boulevard,55102,St. Paul,MN,US,United States of America,NA,TRUE,FALSE,FALSE,44.94320,-93.09895
AMC Sundial 20 & IMAX,amc-sundial-20-imax,AMC,151 2nd Avenue North,33701,St. Petersburg,FL,US,United States of America,NA,TRUE,FALSE,FALSE,27.77364,-82.63482
AMC Fountains 18 & IMAX,amc-fountains-18-imax,AMC,11225 Fountain Lake Drive,77477,Stafford,Texas,US,United States of America,NA,FALSE,FALSE,FALSE,29.64129,-95.58446
AMC Staten Island 11 & IMAX,amc-staten-island-11-imax,AMC,2655 Richmond Avenue,10314-5821,Staten Island,NY,US,United States of America,NA,TRUE,FALSE,FALSE,40.58165,-74.16608
AMC Forum 30 & IMAX,amc-forum-30-imax,AMC,44681 Mound Rd.,48314,Sterling Heights,MI,US,United States of America,NA,FALSE,FALSE,FALSE,42.62200,-83.05974
Regal Stockton City Centre & IMAX,regal-stockton-city-centre-imax,REGL,222 North El Dorado Street,95202,Stockton,CA,US,United States of America,NA,TRUE,FALSE,FALSE,37.95495,-121.29020
AMC Stony Brook 17 & IMAX,amc-stony-brook-17-imax,AMC,2196 Nesconset Highway,11790,Stony Brook,NY,US,United States of America,NA,TRUE,FALSE,FALSE,40.87180,-73.12590
AMC First Colony 24 & IMAX,amc-first-colony-24-imax,AMC,100 Coneflower Drive,77479,Sugar Land,TX,US,United States of America,NA,TRUE,FALSE,FALSE,29.58463,-95.62054
AMC DINE-IN Sunnyvale 12 & IMAX,amc-dine-sunnyvale-12-imax,AMC,150 E. McKinley Avenue,94086,Sunnyvale,CA,US,United States of America,NA,TRUE,FALSE,FALSE,37.37400,-122.03090
Regal Sawgrass & IMAX,regal-sawgrass-imax,REGL,2600 NW 136th Avenue,33323,Sunrise,FL,US,United States of America,NA,TRUE,FALSE,FALSE,26.15562,-80.32395
AMC Surprise Pointe & IMAX,digiplex-surprise-imax,AMC,13549 N. Litchfield Road,85379,Surprise,AZ,US,United States of America,NA,FALSE,FALSE,FALSE,33.60705,-112.35910
Regal Destiny USA & IMAX,regal-destiny-usa-imax,REGL,9586 Destiny USA Drive,13290,Syracuse,NY,US,United States of America,NA,TRUE,FALSE,FALSE,43.06960,-76.17196
AMC Tallahassee Mall 20 & IMAX,amc-tallahassee-mall-20-imax,AMC,2415 North Monroe Street,32303,Tallahassee,FL,US,United States of America,NA,FALSE,FALSE,FALSE,30.47199,-84.29156
Challenger Learning Center IMAX,challenger-learning-center-imax,,200 South Duval Street,32301,Tallahassee,FL,US,United States of America,NA,FALSE,FALSE,FALSE,30.44066,-84.28326
AMC Veterans 24 & IMAX,amc-veterans-24-imax,AMC,9302 Anderson Road,33634,Tampa,FL,US,United States of America,NA,TRUE,FALSE,FALSE,28.03298,-82.54275
Regal Edwards Temecula & IMAX,edwards-temecula-stadium-15-imax,REGL,40750 Winchester Road,92591,Temecula,CA,US,United States of America,NA,TRUE,FALSE,FALSE,33.52675,-117.15690
Harkins Arizona Mills 18 & IMAX,harkins-arizona-mills-25-imax,HRKN,5000 Arizona Mills Circle,85282,Tempe,AZ,US,United States of America,NA,TRUE,FALSE,TRUE,33.38474,-111.96690
Regal Bridgeport Village & IMAX,regal-bridgeport-village-imax,REGL,7329 SW Bridgeport Road,97224,Tigard,OR,US,United States of America,NA,TRUE,FALSE,FALSE,45.39498,-122.75200
Regal Lone Star & IMAX,regal-lone-star-imax,REGL,24720 Tomball Parkway,77375,Tomball,TX,US,United States of America,NA,FALSE,FALSE,FALSE,30.04144,-95.60688
AMC Del Amo 18 & IMAX,amc-del-amo-18-imax,AMC,3525 Carson St. Suite 73,90503,Torrance,CA,US,United States of America,NA,TRUE,FALSE,FALSE,33.83115,-118.34720
AMC Rolling Hills 20 & IMAX,amc-rolling-hills-20,AMC,2591 Airport Drive,90505,Torrance,CA,US,United States of America,NA,FALSE,FALSE,FALSE,33.79316,-118.32870
AMC Cherry Blossom 14 & IMAX,amc-cherry-blossom-14-imax,AMC,3825 Marketplace Circle,49684,Traverse City,MI,US,United States of America,NA,FALSE,FALSE,FALSE,44.73146,-85.64679
MJR Troy & IMAX,mjr-troy-and-imax,MJRT,100 East Maple Road,48083,Troy,MI,US,United States of America,NA,TRUE,FALSE,FALSE,42.54720,-83.14540
AMC Foothills 15 & IMAX,amc-foothills-15-imax,AMC,7401 N. La Cholla Blvd.,85741,Tucson,AZ,US,United States of America,NA,FALSE,FALSE,FALSE,32.34207,-111.01530
AMC Southcenter 16 & IMAX,amc-southcenter-16-imax,AMC,3600 Southcenter Mall,98188,Tukwila,WA,US,United States of America,NA,TRUE,FALSE,FALSE,47.46049,-122.25940
AMC Southroads 20 & IMAX,amc-southroads-20-imax,AMC,4923 E 41st Street ,74135,Tulsa,OK,US,United States of America,NA,FALSE,FALSE,FALSE,36.10663,-95.91934
Cinemark Tulsa & IMAX,cinemark-tulsa-imax,CNMK,10802 East 71st Street,74133,Tulsa,OK,US,United States of America,NA,FALSE,FALSE,FALSE,36.06067,-95.85746
CMX Hollywood 16 & IMAX,cmx-hollywood-16-imax,COBB,4250 Old Greensboro Road,35405,Tuscaloosa,AL,US,United States of America,NA,FALSE,FALSE,FALSE,33.16851,-87.54673
AMC Tustin @ The District & IMAX,amc-tustin-the-district-and-imax,AMC,2457 Park Avenue,92782,Tustin,CA,US,United States of America,NA,TRUE,FALSE,FALSE,33.69920,-117.83340
AMC Classic Tyler 14 & IMAX,amc-classic-tyler-14-imax,AMC,7415 S. Broadway,75703,Tyler,TX,US,United States of America,NA,FALSE,FALSE,FALSE,32.26896,-95.30732
Universal Cinema AMC at CityWalk Hollywood & IMAX,universal-cinema-amc-citywalk-hollywood-imax,AMC,100 Universal City Plaza,91608,Universal City,CA,US,United States of America,NA,TRUE,FALSE,TRUE,34.13675,-118.35240
Cinemark Valley View & IMAX,cinemark-valley-view-and-imax,CNMK,6001 Canal Road,44125,Valley View,OH,US,United States of America,NA,TRUE,FALSE,FALSE,41.39890,-81.62650
Regal Cascade & IMAX,regal-cascade-imax,REGL,1101 SE 160th Ave.,98683,Vancouver,WA,US,United States of America,NA,TRUE,FALSE,FALSE,45.61314,-122.57970
AMC Hawthorne 12 & IMAX,amc-hawthorne-12-and-imax,AMC,675 Hawthorn Ctr,60061,Vernon Hills,IL,US,United States of America,NA,TRUE,FALSE,FALSE,42.24250,-87.95010
Megaplex Theatres @ Geneva & IMAX,megaplex-theatres-geneva-imax,MEGA,600 North Mill Road,84058,Vineyard,UT,US,United States of America,NA,FALSE,FALSE,FALSE,40.30759,-111.73564
AMC Lynnhaven 18 & IMAX,amc-lynnhaven-18-imax,AMC,1001 Lynnhaven Mall Loop,23452,Virginia Beach,VA,US,United States of America,NA,TRUE,FALSE,FALSE,36.81585,-76.07261
AMC Galaxy 16 & IMAX,amc-galaxy-16-imax,AMC,333 S Valley Mills Dr,76710,Waco,Texas,US,United States of America,NA,FALSE,FALSE,FALSE,31.52681,-97.15977
Regal Warrington Crossing & IMAX,regal-warrington-crossing-imax,REGL,140 Easton Road,18976,Warrington,PA,US,United States of America,NA,TRUE,FALSE,FALSE,40.21647,-75.13978
AMC Georgetown 14 & IMAX,amc-georgetown-14-imax,AMC,"3111 K Street, N.W.",20007,Washington,DC,US,United States of America,NA,TRUE,FALSE,FALSE,38.90261,-77.06200
"Lockheed Martin IMAX, National Air & Space Museum",lockheed-martin-imax-national-air-space-museum,,650 Jefferson Dr. SW,20560,Washington,DC,US,United States of America,NA,TRUE,FALSE,FALSE,38.88760,-77.01990
The Palms Theatre & IMAX,palms-theatre-imax,FRID,200 NE Westgate Drive,50263,Waukee,Iowa,US,United States of America,NA,FALSE,FALSE,FALSE,41.61673,-93.86178
AMC Mayfair Mall 18 & IMAX,amc-mayfair-mall-18-imax,AMC,2500 N. Mayfair Road,53226,Wauwatosa,WI,US,United States of America,NA,FALSE,FALSE,FALSE,43.06358,-88.04771
Hooky Waxahachie & IMAX,evo-entertainment-waxahachie-and-imax,HOOK,108 Broadhead Road,75165,Waxahachie,Texas,US,United States of America,NA,TRUE,FALSE,FALSE,32.40040,-96.81640
AMC West Chester 18 & IMAX,amc-west-chester-18-imax,AMC,9415 Civic Center Blvd,45069,West Chester,OH,US,United States of America,NA,FALSE,FALSE,FALSE,39.31982,-84.42192
AMC Waterfront 22 & IMAX,amc-waterfront-22-imax,AMC,300 West Waterfront Drive,15120,West Homestead,PA,US,United States of America,NA,TRUE,FALSE,FALSE,40.40635,-79.91871
AMC West Melbourne 12 & IMAX,amc-west-melbourne-12-imax,AMC,4255 Norfolk Parkway,32904,West Melbourne,FL,US,United States of America,NA,FALSE,FALSE,FALSE,28.03996,-80.66459
AMC Palisades Center 21 & IMAX,amc-palisades-center-21-imax,AMC,4403 Palisades Center Drive,10994,West Nyack,NY,US,United States of America,NA,FALSE,FALSE,FALSE,41.09870,-73.96080
"Megaplex IMAX,Valley Fair Mall",megaplex-imaxvalley-fair-mall,MEGA,3620 South 2400 West,84119,West Valley City,UT,US,United States of America,NA,FALSE,FALSE,FALSE,40.71861,-111.97710
Regal Westbury & IMAX,regal-westbury-imax,REGL,7000 Brush Hollow Road,11590,Westbury,NY,US,United States of America,NA,FALSE,FALSE,FALSE,40.77851,-73.55867
Regal Crocker Park & IMAX,regal-crocker-park-imax,REGL,30147 Detroit Road,44145,Westlake,OH,US,United States of America,NA,TRUE,FALSE,FALSE,41.46080,-81.95268
Apple Cinemas White Plains City Center & IMAX,apple-cinemas-white-plains-city-center-and-imax,APPL,19 City Place,10601,White Plains,NY,US,United States of America,NA,FALSE,FALSE,FALSE,41.03240,-73.76370
Regal Warren West & IMAX,regal-warren-west-imax,REGL,9150 West 21st,67205,Wichita,KS,US,United States of America,NA,FALSE,FALSE,FALSE,37.72315,-97.44885
Regal Transit Center & IMAX,regal-transit-center-imax,REGL,6707 Transit Road,14221,Williamsville,NY,US,United States of America,NA,FALSE,FALSE,FALSE,42.95408,-78.69689
Penn Cinema Riverfront & IMAX,penn-cinema-riverfront-imax,PENN,401 South Madison Street,19801,Wilmington,DE,US,United States of America,NA,FALSE,FALSE,FALSE,39.73607,-75.56213
Regal Mayfaire & IMAX,regal-mayfaire-imax,REGL,900 Town Center Drive,28405,Wilmington,NC,US,United States of America,NA,FALSE,FALSE,FALSE,34.24263,-77.83237
The Grand Winston-Salem 18 & IMAX,grand-18-imax,STKO,5601 University Parkway,27105,Winston-Salem,NC,US,United States of America,NA,FALSE,FALSE,FALSE,36.17387,-80.27413
AMC Potomac Mills 18 & IMAX,amc-potomac-mills-18-imax,AMC,2700 Potomac Mills Circle,22192,Woodbridge,VA,US,United States of America,NA,TRUE,FALSE,FALSE,38.64227,-77.29736
Cinemark Seven Bridges & IMAX,cinemark-seven-bridges-imax,CNMK,6500 Route 53,60517,Woodridge,IL,US,United States of America,NA,FALSE,FALSE,TRUE,41.76653,-88.06782
Regal Yorba Linda & IMAX,regal-yorba-linda-imax,REGL,4870 Valencia Ave,92886,Yorba Linda,CA,US,United States of America,NA,TRUE,FALSE,FALSE,33.89046,-117.81222
R/C Queensgate Movies 13 & IMAX,rc-queensgate-movies-13-imax,RC,2067 Springwood Road,17403,York,PA,US,United States of America,NA,FALSE,FALSE,FALSE,39.93901,-76.69298
Cinemark Ann Arbor 20 & IMAX,cinemark-ann-arbor-20-imax,CNMK,4100 Carpenter Road & Ellsworth Avenue,48197,Ypsilanti,MI,US,United States of America,NA,FALSE,FALSE,FALSE,42.22921,-83.68023
